Year,Std Dev (BMI),Std Dev (JPM Sov Bond),REL VOL,"Estimation note: Those of you who have followed my attempts to estimate the relative equity market volatility know that I have struggled with getting a proxy for returns on emerging market sovereign bonds, and have used the coefficient of varation in yields to make that estimate. I have finally replaced that estimate with a return on an emerging market government bond ETF from iShares. The standard deviations are now computed consistently for emerigng equities and emerigng government bonds. (Using the old yield coefficient of variation approach would have yielded a ratio of 1.49 in this computation.)"
2020-21,0.14404233160614885,0.07300564478213317,1.9730300586482956,
2021-22,0.1787794515865014,0.10531894370011191,1.6975051714871257,
2022-23,0.13569606200587625,0.13796474644155615,0.9835560569334214,
2023-24,0.1117798996444082,0.09033759466898246,1.2373574927912927,
2024-25,0.15548472345358122,0.07576020925795975,2.0523270061750156,
Average Relative Volatility,0.1451564936593032,0.09647742777014869,1.504564300834484,
Index:,iShares JP Morgan USD Emerging Markets Bond ETF,,,
Source:,Yahoo!,,,
,https://finance.yahoo.com/quote/EMB/,,,
Period,Five years,"(July 1, 2020 -June 20, 2025)",,
Interval,Daily,,,
Date,Adj Close,Return,,
2020-06-30 00:00:00,88.31,,,
2020-07-01 00:00:00,88.51,0.0022647491790284136,,
2020-07-02 00:00:00,88.98,0.005310134448085035,,
2020-07-06 00:00:00,89.53,0.0061811643065856625,,
2020-07-07 00:00:00,89.03,-0.005584720205517701,,
2020-07-08 00:00:00,89.41,0.004268224194091896,,
2020-07-09 00:00:00,89.02,-0.00436192819595127,,
2020-07-10 00:00:00,89.01,-0.00011233430689727708,,
2020-07-13 00:00:00,88.83,-0.002022244691607722,,
2020-07-14 00:00:00,89.04,0.0023640661938535423,,
2020-07-15 00:00:00,89.41,0.004155435759209292,,
2020-07-16 00:00:00,89.57,0.0017895090034671934,,
2020-07-17 00:00:00,89.77,0.002232890476722149,,
2020-07-20 00:00:00,90.37,0.006683747354350178,,
2020-07-21 00:00:00,90.86,0.005422153369480931,,
2020-07-22 00:00:00,91.12,0.002861545234426721,,
2020-07-23 00:00:00,91.08,-0.0004389815627744431,,
2020-07-24 00:00:00,91.14,0.0006587615283266679,,
2020-07-27 00:00:00,91.3,0.001755540926047905,,
2020-07-28 00:00:00,90.99,-0.0033953997809419434,,
2020-07-29 00:00:00,91.53,0.005934718100890191,,
2020-07-30 00:00:00,91.5,-0.00032776138970835866,,
2020-07-31 00:00:00,91.71,0.002295081967212953,,
2020-08-03 00:00:00,92.05,0.0037073383491441625,,
2020-08-04 00:00:00,92.52,0.00510592069527438,,
2020-08-05 00:00:00,92.82,0.003242542153047978,,
2020-08-06 00:00:00,93.05,0.002477914242620116,,
2020-08-07 00:00:00,92.86,-0.0020419129500268696,,
2020-08-10 00:00:00,93,0.0015076459185872082,,
2020-08-11 00:00:00,92.9,-0.0010752688172042113,,
2020-08-12 00:00:00,92.79,-0.001184068891280976,,
2020-08-13 00:00:00,92.58,-0.002263174911089627,,
2020-08-14 00:00:00,92.17,-0.004428602289911376,,
2020-08-17 00:00:00,92.27,0.0010849517196485081,,
2020-08-18 00:00:00,92.15,-0.0013005310501786882,,
2020-08-19 00:00:00,91.94,-0.002278893109061375,,
2020-08-20 00:00:00,92.15,0.0022840983249945435,,
2020-08-21 00:00:00,92.44,0.0031470428648940896,,
2020-08-24 00:00:00,92.63,0.0020553872782345106,,
2020-08-25 00:00:00,92.17,-0.004965993738529573,,
2020-08-26 00:00:00,91.96,-0.0022783986112618893,,
2020-08-27 00:00:00,91.53,-0.004675946063505743,,
2020-08-28 00:00:00,92.39,0.00939582650497095,,
2020-08-31 00:00:00,92.38,-0.00010823682216698494,,
2020-09-01 00:00:00,93,0.006711409395973256,,
2020-09-02 00:00:00,93.38,0.004086021505376403,,
2020-09-03 00:00:00,92.91,-0.005033197686870827,,
2020-09-04 00:00:00,92.51,-0.004305241631686441,,
2020-09-08 00:00:00,92.14,-0.003999567614311972,,
2020-09-09 00:00:00,92.61,0.005100933362274684,,
2020-09-10 00:00:00,92.35,-0.0028074721952273674,,
2020-09-11 00:00:00,92.38,0.00032485110990787547,,
2020-09-14 00:00:00,92.47,0.0009742368478025121,,
2020-09-15 00:00:00,92.63,0.0017302909051584159,,
2020-09-16 00:00:00,92.4,-0.0024829968692646753,,
2020-09-17 00:00:00,92.02,-0.004112554112554179,,
2020-09-18 00:00:00,91.6,-0.004564225168441682,,
2020-09-21 00:00:00,90.7,-0.009825327510916915,,
2020-09-22 00:00:00,90.51,-0.002094818081587624,,
2020-09-23 00:00:00,89.35,-0.012816263396309924,,
2020-09-24 00:00:00,89.58,0.0025741466144375558,,
2020-09-25 00:00:00,90.01,0.004800178611297223,,
2020-09-28 00:00:00,90.22,0.0023330741028773083,,
2020-09-29 00:00:00,90.01,-0.002327643538018065,,
2020-09-30 00:00:00,90.46,0.004999444506165851,,
2020-10-01 00:00:00,90.62,0.0017687375635642155,,
2020-10-02 00:00:00,90.3,-0.003531229309203354,,
2020-10-05 00:00:00,90.66,0.003986710963455042,,
2020-10-06 00:00:00,90.72,0.0006618133686300265,,
2020-10-07 00:00:00,90.92,0.0022045855379189128,,
2020-10-08 00:00:00,91.8,0.009678838539375123,,
2020-10-09 00:00:00,92.02,0.002396514161220109,,
2020-10-12 00:00:00,92.26,0.00260812866768112,,
2020-10-13 00:00:00,92.03,-0.002492954693258276,,
2020-10-14 00:00:00,92,-0.00032598065848099544,,
2020-10-15 00:00:00,91.63,-0.004021739130434798,,
2020-10-16 00:00:00,91.77,0.0015278838808250317,,
2020-10-19 00:00:00,91.24,-0.0057753078348044,,
2020-10-20 00:00:00,91.29,0.0005480052608506369,,
2020-10-21 00:00:00,90.82,-0.005148428086318435,,
2020-10-22 00:00:00,90.39,-0.004734639947148178,,
2020-10-23 00:00:00,90.82,0.004757163403031228,,
2020-10-26 00:00:00,90.49,-0.0036335608896718163,,
2020-10-27 00:00:00,91.03,0.005967510222124162,,
2020-10-28 00:00:00,90.26,-0.00845874986268258,,
2020-10-29 00:00:00,90.29,0.00033237314424994224,,
2020-10-30 00:00:00,90.04,-0.0027688559087385434,,
2020-11-02 00:00:00,90.19,0.0016659262549976184,,
2020-11-03 00:00:00,90.92,0.008094023727686084,,
2020-11-04 00:00:00,92.68,0.01935767707875069,,
2020-11-05 00:00:00,93.03,0.003776435045317106,,
2020-11-06 00:00:00,92.62,-0.00440718047941524,,
2020-11-09 00:00:00,93.06,0.004750593824228044,,
2020-11-10 00:00:00,92.96,-0.0010745755426607717,,
2020-11-11 00:00:00,93.32,0.0038726333907057597,,
2020-11-12 00:00:00,93.14,-0.0019288469781396644,,
2020-11-13 00:00:00,93.5,0.0038651492377066443,,
2020-11-16 00:00:00,93.7,0.002139037433155133,,
2020-11-17 00:00:00,93.54,-0.0017075773745997003,,
2020-11-18 00:00:00,93.46,-0.0008552490912979716,,
2020-11-19 00:00:00,93.67,0.00224695056708768,,
2020-11-20 00:00:00,93.74,0.0007473043663925871,,
2020-11-23 00:00:00,93.66,-0.0008534243652655871,,
2020-11-24 00:00:00,93.79,0.0013879991458467522,,
2020-11-25 00:00:00,93.72,-0.0007463482247574982,,
2020-11-27 00:00:00,94.02,0.003201024327784907,,
2020-11-30 00:00:00,93.84,-0.0019144862795149598,,
2020-12-01 00:00:00,94.08,0.002557544757033181,,
2020-12-02 00:00:00,94.13,0.0005314625850338928,,
2020-12-03 00:00:00,94.52,0.004143206204185734,,
2020-12-04 00:00:00,94.61,0.0009521794329243605,,
2020-12-07 00:00:00,94.59,-0.00021139414438220427,,
2020-12-08 00:00:00,94.43,-0.0016915107305212063,,
2020-12-09 00:00:00,94.2,-0.0024356666313671838,,
2020-12-10 00:00:00,94.67,0.0049893842887474005,,
2020-12-11 00:00:00,94.72,0.0005281504172387486,,
2020-12-14 00:00:00,94.72,0,,
2020-12-15 00:00:00,95.04,0.0033783783783785104,,
2020-12-16 00:00:00,95.11,0.0007365319865320075,,
2020-12-17 00:00:00,95.42,0.0032593838713068646,,
2020-12-18 00:00:00,95.29,-0.0013623978201634523,,
2020-12-21 00:00:00,95.02,-0.002833455766607318,,
2020-12-22 00:00:00,95.14,0.0012628920227319984,,
2020-12-23 00:00:00,95.28,0.0014715156611309066,,
2020-12-24 00:00:00,95.52,0.0025188916876572875,,
2020-12-28 00:00:00,95.54,0.00020938023450600696,,
2020-12-29 00:00:00,95.68,0.001465354825204157,,
2020-12-30 00:00:00,95.81,0.0013586956521738358,,
2020-12-31 00:00:00,95.87,0.0006262394322096299,,
2021-01-04 00:00:00,95.34,-0.005528319599457654,,
2021-01-05 00:00:00,95.4,0.0006293266205161796,,
2021-01-06 00:00:00,94.72,-0.007127882599580748,,
2021-01-07 00:00:00,94.68,-0.0004222972972972583,,
2021-01-08 00:00:00,94.73,0.0005280946345584958,,
2021-01-11 00:00:00,93.99,-0.007811675287659803,,
2021-01-12 00:00:00,93.54,-0.004787743376954867,,
2021-01-13 00:00:00,93.98,0.004703870002138011,,
2021-01-14 00:00:00,93.71,-0.0028729516918494236,,
2021-01-15 00:00:00,93.81,0.001067121972041507,,
2021-01-19 00:00:00,93.95,0.0014923782112781225,,
2021-01-20 00:00:00,94.05,0.001064395955295394,,
2021-01-21 00:00:00,94.12,0.0007442849548113806,,
2021-01-22 00:00:00,94.16,0.0004249893752654721,,
2021-01-25 00:00:00,94.53,0.003929481733220053,,
2021-01-26 00:00:00,94.41,-0.0012694382735639609,,
2021-01-27 00:00:00,93.97,-0.0046605232496557125,,
2021-01-28 00:00:00,94.17,0.002128338831542065,,
2021-01-29 00:00:00,94.16,-0.00010619093129449197,,
2021-02-01 00:00:00,94.63,0.004991503823279508,,
2021-02-02 00:00:00,94.63,0,,
2021-02-03 00:00:00,94.39,-0.002536193596111125,,
2021-02-04 00:00:00,94.66,0.0028604725076808446,,
2021-02-05 00:00:00,94.77,0.0011620536657510616,,
2021-02-08 00:00:00,94.77,0,,
2021-02-09 00:00:00,94.43,-0.0035876332172627423,,
2021-02-10 00:00:00,94.62,0.002012072434607548,,
2021-02-11 00:00:00,94.68,0.0006341154090043766,,
2021-02-12 00:00:00,94.15,-0.0055978031263203,,
2021-02-16 00:00:00,93,-0.01221455124800852,,
2021-02-17 00:00:00,93.52,0.005591397849462387,,
2021-02-18 00:00:00,93.42,-0.001069289991445621,,
2021-02-19 00:00:00,92.92,-0.005352172982230785,,
2021-02-22 00:00:00,92.29,-0.006780025828669767,,
2021-02-23 00:00:00,92.4,0.0011918951132299238,,
2021-02-24 00:00:00,92.54,0.0015151515151514694,,
2021-02-25 00:00:00,90.89,-0.017830127512427074,,
2021-02-26 00:00:00,91.29,0.00440092419408078,,
2021-03-01 00:00:00,91.8,0.005586592178770777,,
2021-03-02 00:00:00,91.74,-0.0006535947712418277,,
2021-03-03 00:00:00,91.19,-0.005995203836930418,,
2021-03-04 00:00:00,90.41,-0.008553569470336697,,
2021-03-05 00:00:00,90.39,-0.00022121446742617845,,
2021-03-08 00:00:00,88.83,-0.017258546299369404,,
2021-03-09 00:00:00,89.88,0.011820330969267046,,
2021-03-10 00:00:00,90.75,0.009679572763684918,,
2021-03-11 00:00:00,91.43,0.007493112947658531,,
2021-03-12 00:00:00,90.28,-0.012577928469867716,,
2021-03-15 00:00:00,90.87,0.006535223748338481,,
2021-03-16 00:00:00,91.19,0.0035215142511280106,,
2021-03-17 00:00:00,91.95,0.008334247176225551,,
2021-03-18 00:00:00,90.7,-0.01359434475258292,,
2021-03-19 00:00:00,90.97,0.0029768467475193017,,
2021-03-22 00:00:00,91.17,0.002198526986918692,,
2021-03-23 00:00:00,90.84,-0.0036196117143797446,,
2021-03-24 00:00:00,91.04,0.0022016732716865217,,
2021-03-25 00:00:00,90.91,-0.0014279437609843182,,
2021-03-26 00:00:00,90.94,0.0003299967000329751,,
2021-03-29 00:00:00,90.47,-0.005168242797448874,,
2021-03-30 00:00:00,90.51,0.0004421355145352024,,
2021-03-31 00:00:00,90.63,0.0013258203513422107,,
2021-04-01 00:00:00,91.34,0.007834050535143078,,
2021-04-05 00:00:00,91.24,-0.0010948105977667266,,
2021-04-06 00:00:00,91.54,0.0032880315651031555,,
2021-04-07 00:00:00,91.23,-0.003386497705920921,,
2021-04-08 00:00:00,91.75,0.005699879425627552,,
2021-04-09 00:00:00,91.5,-0.0027247956403270157,,
2021-04-12 00:00:00,91.65,0.0016393442622950616,,
2021-04-13 00:00:00,92.14,0.005346426623022316,,
2021-04-14 00:00:00,92.05,-0.0009767744736270956,,
2021-04-15 00:00:00,93.17,0.012167300380228285,,
2021-04-16 00:00:00,92.87,-0.003219920575292412,,
2021-04-19 00:00:00,92.81,-0.0006460643910843888,,
2021-04-20 00:00:00,92.57,-0.0025859282404914197,,
2021-04-21 00:00:00,92.75,0.0019444744517662649,,
2021-04-22 00:00:00,92.89,0.0015094339622641062,,
2021-04-23 00:00:00,93.05,0.001722467434599917,,
2021-04-26 00:00:00,92.62,-0.0046211714132186055,,
2021-04-27 00:00:00,92.12,-0.0053984020729863635,,
2021-04-28 00:00:00,92.43,0.0033651758575770074,,
2021-04-29 00:00:00,92.54,0.0011900897976846458,,
2021-04-30 00:00:00,92.81,0.0029176572293061476,,
2021-05-03 00:00:00,92.68,-0.0014007111302660746,,
2021-05-04 00:00:00,92.76,0.0008631851532152623,,
2021-05-05 00:00:00,92.89,0.001401466149202113,,
2021-05-06 00:00:00,93.06,0.0018301216492626615,,
2021-05-07 00:00:00,93.48,0.004513217279174642,,
2021-05-10 00:00:00,93.27,-0.002246469833119491,,
2021-05-11 00:00:00,93.05,-0.002358743433043875,,
2021-05-12 00:00:00,92.21,-0.009027404621171464,,
2021-05-13 00:00:00,92.69,0.005205509163865196,,
2021-05-14 00:00:00,93.17,0.005178552163124461,,
2021-05-17 00:00:00,93.12,-0.0005366534292153835,,
2021-05-18 00:00:00,93.11,-0.00010738831615120237,,
2021-05-19 00:00:00,92.68,-0.004618193534528969,,
2021-05-20 00:00:00,93.32,0.006905481225722765,,
2021-05-21 00:00:00,93.14,-0.0019288469781396644,,
2021-05-24 00:00:00,93.24,0.001073652566029537,,
2021-05-25 00:00:00,93.69,0.004826254826254761,,
2021-05-26 00:00:00,93.68,-0.00010673497705193657,,
2021-05-27 00:00:00,93.51,-0.0018146883005978331,,
2021-05-28 00:00:00,93.7,0.0020318682493851714,,
2021-06-01 00:00:00,93.82,0.0012806830309497474,,
2021-06-02 00:00:00,93.97,0.0015988062246856671,,
2021-06-03 00:00:00,93.5,-0.005001596254123664,,
2021-06-04 00:00:00,94.13,0.00673796791443837,,
2021-06-07 00:00:00,93.92,-0.0022309571868691647,,
2021-06-08 00:00:00,94.29,0.003939522998296363,,
2021-06-09 00:00:00,94.62,0.00349984091632205,,
2021-06-10 00:00:00,94.77,0.0015852885225109414,,
2021-06-11 00:00:00,94.87,0.0010551862403715973,,
2021-06-14 00:00:00,94.3,-0.006008221777168865,,
2021-06-15 00:00:00,94.51,0.0022269353128314684,,
2021-06-16 00:00:00,93.71,-0.008464712728811885,,
2021-06-17 00:00:00,94.08,0.003948351296553243,,
2021-06-18 00:00:00,94.35,0.002869897959183687,,
2021-06-21 00:00:00,94.29,-0.0006359300476945773,,
2021-06-22 00:00:00,94.24,-0.0005302789267155328,,
2021-06-23 00:00:00,94.35,0.0011672325976230802,,
2021-06-24 00:00:00,94.39,0.0004239533651297922,,
2021-06-25 00:00:00,94.23,-0.0016950948193664717,,
2021-06-28 00:00:00,94.4,0.001804096359970364,,
2021-06-29 00:00:00,94.38,-0.00021186440677978258,,
2021-06-30 00:00:00,94.5,0.0012714558169104606,,
2021-07-01 00:00:00,94.41,-0.0009523809523810378,,
2021-07-02 00:00:00,94.52,0.0011651308124138726,,
2021-07-06 00:00:00,94.63,0.0011637748624628852,,
2021-07-07 00:00:00,94.76,0.001373771531226975,,
2021-07-08 00:00:00,94.57,-0.002005065428450914,,
2021-07-09 00:00:00,94.54,-0.0003172253357299759,,
2021-07-12 00:00:00,94.6,0.0006346519991535793,,
2021-07-13 00:00:00,94.26,-0.003594080338266248,,
2021-07-14 00:00:00,94.67,0.0043496711224273454,,
2021-07-15 00:00:00,94.96,0.0030632724199850525,,
2021-07-16 00:00:00,94.84,-0.0012636899747261454,,
2021-07-19 00:00:00,94.85,0.00010544074230267597,,
2021-07-20 00:00:00,95.12,0.0028465998945705895,,
2021-07-21 00:00:00,94.75,-0.0038898233809925298,,
2021-07-22 00:00:00,94.96,0.0022163588390500255,,
2021-07-23 00:00:00,94.97,0.0001053074978938362,,
2021-07-26 00:00:00,94.71,-0.0027377066442034748,,
2021-07-27 00:00:00,94.46,-0.0026396367859782277,,
2021-07-28 00:00:00,94.69,0.002434893076434408,,
2021-07-29 00:00:00,94.78,0.0009504699545885842,,
2021-07-30 00:00:00,95.03,0.0026376872757964964,,
2021-08-02 00:00:00,95.16,0.001367989056087593,,
2021-08-03 00:00:00,95.2,0.0004203446826398505,,
2021-08-04 00:00:00,95.24,0.00042016806722688926,,
2021-08-05 00:00:00,95.18,-0.0006299874002518857,,
2021-08-06 00:00:00,94.68,-0.005253204454717331,,
2021-08-09 00:00:00,94.36,-0.003379805661174573,,
2021-08-10 00:00:00,94.35,-0.00010597710894455492,,
2021-08-11 00:00:00,94.41,0.0006359300476947993,,
2021-08-12 00:00:00,94.53,0.0012710517953606892,,
2021-08-13 00:00:00,94.98,0.004760393525864881,,
2021-08-16 00:00:00,95,0.00021057064645191303,,
2021-08-17 00:00:00,94.91,-0.0009473684210526967,,
2021-08-18 00:00:00,94.84,-0.0007375408281529161,,
2021-08-19 00:00:00,94.93,0.000948966680725416,,
2021-08-20 00:00:00,94.79,-0.0014747708838090956,,
2021-08-23 00:00:00,95.15,0.003797868973520302,,
2021-08-24 00:00:00,95.21,0.0006305832895427965,,
2021-08-25 00:00:00,95.14,-0.0007352168889821487,,
2021-08-26 00:00:00,94.99,-0.0015766239226403522,,
2021-08-27 00:00:00,95.6,0.006421728603010823,,
2021-08-30 00:00:00,95.85,0.0026150627615062483,,
2021-08-31 00:00:00,95.89,0.00041731872717787333,,
2021-09-01 00:00:00,96.05,0.0016685785796224373,,
2021-09-02 00:00:00,96.32,0.0028110359187922818,,
2021-09-03 00:00:00,96,-0.0033222591362125353,,
2021-09-07 00:00:00,95.74,-0.0027083333333334236,,
2021-09-08 00:00:00,95.91,0.0017756423647379282,,
2021-09-09 00:00:00,96.07,0.001668230632885015,,
2021-09-10 00:00:00,95.77,-0.003122723014468587,,
2021-09-13 00:00:00,95.89,0.0012530019839198658,,
2021-09-14 00:00:00,96.08,0.001981437063301783,,
2021-09-15 00:00:00,96.06,-0.00020815986677769072,,
2021-09-16 00:00:00,95.74,-0.0033312513012700995,,
2021-09-17 00:00:00,95.43,-0.0032379360768747256,,
2021-09-20 00:00:00,94.98,-0.004715498270983942,,
2021-09-21 00:00:00,95.16,0.0018951358180667732,,
2021-09-22 00:00:00,95.22,0.0006305170239597757,,
2021-09-23 00:00:00,94.49,-0.007666456626759133,,
2021-09-24 00:00:00,94.1,-0.004127420891099631,,
2021-09-27 00:00:00,93.82,-0.0029755579171094615,,
2021-09-28 00:00:00,93.29,-0.005649115327222232,,
2021-09-29 00:00:00,93.37,0.0008575410011790741,,
2021-09-30 00:00:00,93.36,-0.0001071007818357339,,
2021-10-01 00:00:00,93.34,-0.0002142245072835891,,
2021-10-04 00:00:00,92.88,-0.004928219412899115,,
2021-10-05 00:00:00,92.94,0.0006459948320414188,,
2021-10-06 00:00:00,92.75,-0.0020443296750591866,,
2021-10-07 00:00:00,92.85,0.0010781671159028061,,
2021-10-08 00:00:00,92.62,-0.002477113624124838,,
2021-10-11 00:00:00,92.37,-0.0026992010364932373,,
2021-10-12 00:00:00,92.66,0.003139547472122972,,
2021-10-13 00:00:00,93.25,0.006367364558601318,,
2021-10-14 00:00:00,93.65,0.00428954423592498,,
2021-10-15 00:00:00,93.54,-0.0011745862253069728,,
2021-10-18 00:00:00,93.23,-0.003314090228779154,,
2021-10-19 00:00:00,93.16,-0.000750831277485875,,
2021-10-20 00:00:00,93.22,0.0006440532417346656,,
2021-10-21 00:00:00,92.82,-0.004290924694271725,,
2021-10-22 00:00:00,93.18,0.003878474466709969,,
2021-10-25 00:00:00,93.25,0.0007512341704227765,,
2021-10-26 00:00:00,93.45,0.002144772117962601,,
2021-10-27 00:00:00,94,0.005885500267522659,,
2021-10-28 00:00:00,93.82,-0.0019148936170213515,,
2021-10-29 00:00:00,93.51,-0.0033041995310166827,,
2021-11-01 00:00:00,93.25,-0.0027804512886322463,,
2021-11-02 00:00:00,93.37,0.0012868632707774275,,
2021-11-03 00:00:00,93.22,-0.0016065117275356755,,
2021-11-04 00:00:00,93.9,0.007294571980261733,,
2021-11-05 00:00:00,94.6,0.007454739084131967,,
2021-11-08 00:00:00,94.52,-0.0008456659619450191,,
2021-11-09 00:00:00,94.69,0.0017985611510791255,,
2021-11-10 00:00:00,93.31,-0.01457387263702603,,
2021-11-11 00:00:00,93.31,0,,
2021-11-12 00:00:00,93.55,0.0025720715893258195,,
2021-11-15 00:00:00,93.3,-0.0026723677177979965,,
2021-11-16 00:00:00,93.09,-0.0022508038585208334,,
2021-11-17 00:00:00,93.19,0.0010742292405199194,,
2021-11-18 00:00:00,93.43,0.0025753836248525452,,
2021-11-19 00:00:00,93.4,-0.00032109600770635627,,
2021-11-22 00:00:00,92.44,-0.010278372591006502,,
2021-11-23 00:00:00,91.86,-0.006274340112505383,,
2021-11-24 00:00:00,92,0.001524058349662516,,
2021-11-26 00:00:00,90.98,-0.011086956521739078,,
2021-11-29 00:00:00,91.76,0.008573312816003487,,
2021-11-30 00:00:00,91.74,-0.00021795989537931604,,
2021-12-01 00:00:00,92.38,0.006976237192064527,,
2021-12-02 00:00:00,92.93,0.0059536696254602894,,
2021-12-03 00:00:00,93.05,0.0012912945227590011,,
2021-12-06 00:00:00,93.14,0.0009672219236969148,,
2021-12-07 00:00:00,93.64,0.0053682628301481294,,
2021-12-08 00:00:00,93.5,-0.0014950875694147436,,
2021-12-09 00:00:00,93.44,-0.0006417112299464955,,
2021-12-10 00:00:00,93.46,0.00021404109589040488,,
2021-12-13 00:00:00,93.84,0.004065910549968077,,
2021-12-14 00:00:00,93.6,-0.002557544757033292,,
2021-12-15 00:00:00,93.3,-0.0032051282051281937,,
2021-12-16 00:00:00,93.39,0.0009646302250805316,,
2021-12-17 00:00:00,93.23,-0.0017132455294999183,,
2021-12-20 00:00:00,92.73,-0.005363080553469901,,
2021-12-21 00:00:00,93.01,0.003019519033753859,,
2021-12-22 00:00:00,93.11,0.001075153209332269,,
2021-12-23 00:00:00,93.25,0.0015035978949629047,,
2021-12-27 00:00:00,93.59,0.0036461126005362665,,
2021-12-28 00:00:00,93.51,-0.0008547921786515866,,
2021-12-29 00:00:00,93.41,-0.00106940434178171,,
2021-12-30 00:00:00,93.85,0.004710416443635568,,
2021-12-31 00:00:00,93.73,-0.001278636121470278,,
2022-01-03 00:00:00,92.8,-0.009922116718233287,,
2022-01-04 00:00:00,92.75,-0.0005387931034482873,,
2022-01-05 00:00:00,91.86,-0.009595687331536373,,
2022-01-06 00:00:00,91.78,-0.0008708904855214694,,
2022-01-07 00:00:00,91.6,-0.0019612115929397156,,
2022-01-10 00:00:00,91.29,-0.00338427947598241,,
2022-01-11 00:00:00,91.48,0.002081279439150041,,
2022-01-12 00:00:00,91.29,-0.002076956711849598,,
2022-01-13 00:00:00,90.98,-0.003395771716507845,,
2022-01-14 00:00:00,90.18,-0.00879314134974718,,
2022-01-18 00:00:00,89.35,-0.009203814593036319,,
2022-01-19 00:00:00,89.95,0.006715165081141672,,
2022-01-20 00:00:00,90.27,0.0035575319622012103,,
2022-01-21 00:00:00,90.75,0.005317381189763992,,
2022-01-24 00:00:00,90.14,-0.0067217630853994015,,
2022-01-25 00:00:00,90.27,0.001442201020634526,,
2022-01-26 00:00:00,89.8,-0.005206602414977279,,
2022-01-27 00:00:00,90.31,0.005679287305122571,,
2022-01-28 00:00:00,90.59,0.003100431845864282,,
2022-01-31 00:00:00,90.57,-0.00022077491996919107,,
2022-02-01 00:00:00,90.8,0.0025394722314231455,,
2022-02-02 00:00:00,91.22,0.004625550660793065,,
2022-02-03 00:00:00,90.43,-0.00866038149528603,,
2022-02-04 00:00:00,90,-0.004755059161782649,,
2022-02-07 00:00:00,89.9,-0.0011111111111110628,,
2022-02-08 00:00:00,89.66,-0.0026696329254728424,,
2022-02-09 00:00:00,89.98,0.003569038590229834,,
2022-02-10 00:00:00,88.8,-0.01311402533896433,,
2022-02-11 00:00:00,88.28,-0.005855855855855796,,
2022-02-14 00:00:00,88.62,0.0038513819664702797,,
2022-02-15 00:00:00,88.96,0.003836605732340237,,
2022-02-16 00:00:00,89.22,0.0029226618705036067,,
2022-02-17 00:00:00,88.8,-0.00470746469401484,,
2022-02-18 00:00:00,88.84,0.00045045045045055687,,
2022-02-22 00:00:00,87.71,-0.012719495722647522,,
2022-02-23 00:00:00,86.24,-0.016759776536312887,,
2022-02-24 00:00:00,85.37,-0.010088126159554567,,
2022-02-25 00:00:00,86.39,0.011947991097575272,,
2022-02-28 00:00:00,85.56,-0.009607593471466558,,
2022-03-01 00:00:00,84.24,-0.015427769985974837,,
2022-03-02 00:00:00,84.06,-0.002136752136752018,,
2022-03-03 00:00:00,83.69,-0.004401617891982013,,
2022-03-04 00:00:00,81.89,-0.021507945991157795,,
2022-03-07 00:00:00,81.25,-0.00781536207107092,,
2022-03-08 00:00:00,81.96,0.008738461538461362,,
2022-03-09 00:00:00,82.76,0.009760858955588203,,
2022-03-10 00:00:00,82.88,0.0014499758337360724,,
2022-03-11 00:00:00,82.24,-0.007722007722007707,,
2022-03-14 00:00:00,82.07,-0.002067120622568086,,
2022-03-15 00:00:00,82.56,0.005970512976727349,,
2022-03-16 00:00:00,84.25,0.020469961240310086,,
2022-03-17 00:00:00,84.78,0.006290801186943584,,
2022-03-18 00:00:00,84.44,-0.004010379806558162,,
2022-03-21 00:00:00,82.96,-0.017527238275698798,,
2022-03-22 00:00:00,82.81,-0.0018081002892958997,,
2022-03-23 00:00:00,82.88,0.0008453085376161074,,
2022-03-24 00:00:00,83.21,0.0039816602316602445,,
2022-03-25 00:00:00,83.02,-0.0022833794015142406,,
2022-03-28 00:00:00,83.82,0.009636232233196873,,
2022-03-29 00:00:00,84.65,0.009902171319494224,,
2022-03-30 00:00:00,84.71,0.0007088009450677557,,
2022-03-31 00:00:00,84.62,-0.0010624483532049034,,
2022-04-01 00:00:00,84.93,0.003663436539825149,,
2022-04-04 00:00:00,85.26,0.0038855528081949142,,
2022-04-05 00:00:00,83.88,-0.016185784658691138,,
2022-04-06 00:00:00,83.63,-0.0029804482594182335,,
2022-04-07 00:00:00,83.39,-0.0028697835704889485,,
2022-04-08 00:00:00,82.67,-0.008634128792421092,,
2022-04-11 00:00:00,81.69,-0.011854360711261669,,
2022-04-12 00:00:00,81.99,0.0036724201248623523,,
2022-04-13 00:00:00,82.2,0.0025612879619467677,,
2022-04-14 00:00:00,81.43,-0.009367396593673916,,
2022-04-18 00:00:00,81.39,-0.000491219452290359,,
2022-04-19 00:00:00,81.07,-0.003931686939427581,,
2022-04-20 00:00:00,81.62,0.006784260515603879,,
2022-04-21 00:00:00,80.89,-0.008943886302376969,,
2022-04-22 00:00:00,80.03,-0.010631722091729467,,
2022-04-25 00:00:00,80.96,0.011620642259152714,,
2022-04-26 00:00:00,80.41,-0.006793478260869512,,
2022-04-27 00:00:00,80.19,-0.002735978112175075,,
2022-04-28 00:00:00,80.34,0.0018705574261130842,,
2022-04-29 00:00:00,78.97,-0.017052526761264675,,
2022-05-02 00:00:00,78.54,-0.005445105736355482,,
2022-05-03 00:00:00,78.87,0.004201680672268893,,
2022-05-04 00:00:00,80.23,0.017243565360720137,,
2022-05-05 00:00:00,79.02,-0.015081640284183018,,
2022-05-06 00:00:00,77.96,-0.013414325487218437,,
2022-05-09 00:00:00,77.27,-0.008850692662904058,,
2022-05-10 00:00:00,77.65,0.00491782062896351,,
2022-05-11 00:00:00,77.99,0.004378622021892875,,
2022-05-12 00:00:00,78.04,0.0006411078343377952,,
2022-05-13 00:00:00,77.91,-0.0016658124038955169,,
2022-05-16 00:00:00,77.49,-0.005390835579514808,,
2022-05-17 00:00:00,77.77,0.0036133694670279493,,
2022-05-18 00:00:00,77.28,-0.006300630063006185,,
2022-05-19 00:00:00,77.69,0.005305383022774279,,
2022-05-20 00:00:00,78.2,0.006564551422319598,,
2022-05-23 00:00:00,78.25,0.0006393861892581842,,
2022-05-24 00:00:00,78.93,0.008690095846645374,,
2022-05-25 00:00:00,79.63,0.008868617762574305,,
2022-05-26 00:00:00,79.89,0.003265101092553069,,
2022-05-27 00:00:00,80.02,0.0016272374514958443,,
2022-05-31 00:00:00,79.61,-0.0051237190702323465,,
2022-06-01 00:00:00,79.47,-0.001758573043587508,,
2022-06-02 00:00:00,80.24,0.009689190889643928,,
2022-06-03 00:00:00,79.7,-0.006729810568295025,,
2022-06-06 00:00:00,78.65,-0.013174404015056429,,
2022-06-07 00:00:00,79.11,0.0058486967577875415,,
2022-06-08 00:00:00,78.33,-0.009859689040576436,,
2022-06-09 00:00:00,77.68,-0.008298225456402242,,
2022-06-10 00:00:00,76.38,-0.0167353244078271,,
2022-06-13 00:00:00,74.36,-0.02644671379942387,,
2022-06-14 00:00:00,74.32,-0.0005379236148467248,,
2022-06-15 00:00:00,76.55,0.030005382131323977,,
2022-06-16 00:00:00,74.85,-0.022207707380796915,,
2022-06-17 00:00:00,75.25,0.005344021376085584,,
2022-06-21 00:00:00,75.03,-0.002923588039867142,,
2022-06-22 00:00:00,75.14,0.0014660802345727308,,
2022-06-23 00:00:00,75.64,0.006654245408570736,,
2022-06-24 00:00:00,75.74,0.0013220518244314583,,
2022-06-27 00:00:00,74.71,-0.013599155003960917,,
2022-06-28 00:00:00,74.14,-0.007629500736179851,,
2022-06-29 00:00:00,74.41,0.003641758834637132,,
2022-06-30 00:00:00,74.71,0.004031716167181898,,
2022-07-01 00:00:00,75.76,0.014054343461384233,,
2022-07-05 00:00:00,75.16,-0.007919746568109898,,
2022-07-06 00:00:00,74.56,-0.007982969664715234,,
2022-07-07 00:00:00,74.78,0.00295064377682408,,
2022-07-08 00:00:00,74.43,-0.004680395827761363,,
2022-07-11 00:00:00,73.8,-0.00846432889963733,,
2022-07-12 00:00:00,73.59,-0.0028455284552845184,,
2022-07-13 00:00:00,73.29,-0.0040766408479412375,,
2022-07-14 00:00:00,72.01,-0.017464865602401458,,
2022-07-15 00:00:00,72.73,0.009998611303985605,,
2022-07-18 00:00:00,72.76,0.0004124845318300707,,
2022-07-19 00:00:00,73.83,0.014705882352941124,,
2022-07-20 00:00:00,74.41,0.007855885141541341,,
2022-07-21 00:00:00,74.82,0.005510012095148564,,
2022-07-22 00:00:00,75.64,0.010959636460839528,,
2022-07-25 00:00:00,75.69,0.0006610259122157292,,
2022-07-26 00:00:00,74.99,-0.009248249438499223,,
2022-07-27 00:00:00,76.12,0.01506867582344329,,
2022-07-28 00:00:00,77.11,0.01300578034682065,,
2022-07-29 00:00:00,77.41,0.0038905459732849756,,
2022-08-01 00:00:00,77.76,0.004521379666709846,,
2022-08-02 00:00:00,76.63,-0.014531893004115393,,
2022-08-03 00:00:00,78.1,0.019183087563617418,,
2022-08-04 00:00:00,78.27,0.0021766965428937635,,
2022-08-05 00:00:00,78.11,-0.002044205953749767,,
2022-08-08 00:00:00,79.27,0.014850851363461759,,
2022-08-09 00:00:00,77.94,-0.0167781001639965,,
2022-08-10 00:00:00,79.34,0.017962535283551517,,
2022-08-11 00:00:00,79.01,-0.004159314343332499,,
2022-08-12 00:00:00,79.61,0.00759397544614604,,
2022-08-15 00:00:00,79.46,-0.00188418540384383,,
2022-08-16 00:00:00,78.77,-0.008683614397180905,,
2022-08-17 00:00:00,77.91,-0.010917862130252587,,
2022-08-18 00:00:00,77.82,-0.0011551790527531969,,
2022-08-19 00:00:00,76.64,-0.015163197121562444,,
2022-08-22 00:00:00,76.07,-0.0074373695198330925,,
2022-08-23 00:00:00,76.87,0.010516629420270984,,
2022-08-24 00:00:00,76.8,-0.0009106283335502674,,
2022-08-25 00:00:00,77.62,0.010677083333333393,,
2022-08-26 00:00:00,76.41,-0.015588765782015068,,
2022-08-29 00:00:00,75.95,-0.00602015443004833,,
2022-08-30 00:00:00,75.92,-0.00039499670836073975,,
2022-08-31 00:00:00,75.31,-0.008034773445732335,,
2022-09-01 00:00:00,75.13,-0.0023901208338866775,,
2022-09-02 00:00:00,75.39,0.0034606681751632173,,
2022-09-06 00:00:00,74.7,-0.009152407481098246,,
2022-09-07 00:00:00,75.84,0.015261044176706928,,
2022-09-08 00:00:00,75.86,0.0002637130801688148,,
2022-09-09 00:00:00,76.32,0.006063801740047392,,
2022-09-12 00:00:00,76.3,-0.0002620545073375169,,
2022-09-13 00:00:00,75.13,-0.015334207077326356,,
2022-09-14 00:00:00,75.07,-0.0007986157327299903,,
2022-09-15 00:00:00,75.02,-0.0006660450246436245,,
2022-09-16 00:00:00,74.61,-0.0054652092775259176,,
2022-09-19 00:00:00,74.88,0.003618817852834688,,
2022-09-20 00:00:00,74.19,-0.009214743589743613,,
2022-09-21 00:00:00,73.97,-0.0029653592128319195,,
2022-09-22 00:00:00,73.48,-0.006624307151547826,,
2022-09-23 00:00:00,72.59,-0.012112139357648322,,
2022-09-26 00:00:00,70.88,-0.023556963769114314,,
2022-09-27 00:00:00,69.75,-0.015942437923250452,,
2022-09-28 00:00:00,71.42,0.023942652329749237,,
2022-09-29 00:00:00,70.52,-0.012601512181461882,,
2022-09-30 00:00:00,70.36,-0.0022688598979012653,,
2022-10-03 00:00:00,71.43,0.015207504263786253,,
2022-10-04 00:00:00,72.77,0.018759624807503705,,
2022-10-05 00:00:00,71.74,-0.01415418441665528,,
2022-10-06 00:00:00,71.46,-0.0039029829941454874,,
2022-10-07 00:00:00,70.5,-0.013434089000839533,,
2022-10-10 00:00:00,70.3,-0.0028368794326241176,,
2022-10-11 00:00:00,70.24,-0.0008534850640113945,,
2022-10-12 00:00:00,69.99,-0.003559225512528519,,
2022-10-13 00:00:00,69.78,-0.0030004286326617002,,
2022-10-14 00:00:00,69.26,-0.007451991974777861,,
2022-10-17 00:00:00,69.65,0.0056309558186542485,,
2022-10-18 00:00:00,70.39,0.010624551328068943,,
2022-10-19 00:00:00,69.34,-0.014916891603920956,,
2022-10-20 00:00:00,68.63,-0.010239400057686865,,
2022-10-21 00:00:00,69.39,0.011073874398950911,,
2022-10-24 00:00:00,69.35,-0.0005764519383196776,,
2022-10-25 00:00:00,70.55,0.017303532804614274,,
2022-10-26 00:00:00,71.01,0.0065201984408223,,
2022-10-27 00:00:00,71.17,0.002253203774116308,,
2022-10-28 00:00:00,71.35,0.002529155543065764,,
2022-10-31 00:00:00,70.24,-0.015557112824106545,,
2022-11-01 00:00:00,71.6,0.019362186788154823,,
2022-11-02 00:00:00,71.05,-0.007681564245810013,,
2022-11-03 00:00:00,70.8,-0.0035186488388458947,,
2022-11-04 00:00:00,71.94,0.01610169491525415,,
2022-11-07 00:00:00,71.91,-0.0004170141784820558,,
2022-11-08 00:00:00,72.41,0.0069531358642747065,,
2022-11-09 00:00:00,71.44,-0.01339593978732223,,
2022-11-10 00:00:00,74.72,0.04591265397536404,,
2022-11-11 00:00:00,74.7,-0.0002676659528907388,,
2022-11-14 00:00:00,74.07,-0.008433734939759185,,
2022-11-15 00:00:00,75.46,0.018766032131767307,,
2022-11-16 00:00:00,75.46,0,,
2022-11-17 00:00:00,74.78,-0.009011396766498758,,
2022-11-18 00:00:00,74.78,0,,
2022-11-21 00:00:00,74.79,0.00013372559507907056,,
2022-11-22 00:00:00,75.57,0.010429201764941665,,
2022-11-23 00:00:00,76.06,0.006484054518989035,,
2022-11-25 00:00:00,76.41,0.00460163029187477,,
2022-11-28 00:00:00,76.11,-0.0039261876717706645,,
2022-11-29 00:00:00,76.45,0.0044672184995402375,,
2022-11-30 00:00:00,77.32,0.011379986919555218,,
2022-12-01 00:00:00,78.86,0.01991722710812227,,
2022-12-02 00:00:00,78.53,-0.004184630991630689,,
2022-12-05 00:00:00,77.32,-0.015408124283713298,,
2022-12-06 00:00:00,76.9,-0.00543197102948767,,
2022-12-07 00:00:00,78.01,0.014434330299089693,,
2022-12-08 00:00:00,77.87,-0.0017946417126009084,,
2022-12-09 00:00:00,77.33,-0.006934634647489446,,
2022-12-12 00:00:00,77.62,0.0037501616448984976,,
2022-12-13 00:00:00,78.36,0.009533625354290143,,
2022-12-14 00:00:00,78.25,-0.0014037774374681122,,
2022-12-15 00:00:00,77.83,-0.005367412140575123,,
2022-12-16 00:00:00,77.43,-0.0051394063985608085,,
2022-12-19 00:00:00,77,-0.005553403073744079,,
2022-12-20 00:00:00,76.61,-0.0050649350649351055,,
2022-12-21 00:00:00,77.62,0.013183657485968059,,
2022-12-22 00:00:00,77.22,-0.005153311002319083,,
2022-12-23 00:00:00,76.8,-0.00543900543900544,,
2022-12-27 00:00:00,76.34,-0.005989583333333215,,
2022-12-28 00:00:00,76.06,-0.0036678019386953142,,
2022-12-29 00:00:00,76.65,0.007757033920589018,,
2022-12-30 00:00:00,76.27,-0.004957599478147556,,
2023-01-03 00:00:00,76.61,0.004457847122066427,,
2023-01-04 00:00:00,77.54,0.012139407388069623,,
2023-01-05 00:00:00,76.84,-0.009027598658756797,,
2023-01-06 00:00:00,78.2,0.017699115044247815,,
2023-01-09 00:00:00,78.05,-0.0019181585677749968,,
2023-01-10 00:00:00,77.56,-0.00627802690582957,,
2023-01-11 00:00:00,78.45,0.011474987106756096,,
2023-01-12 00:00:00,79.37,0.011727214786488194,,
2023-01-13 00:00:00,79.18,-0.002393851581201978,,
2023-01-17 00:00:00,79.27,0.0011366506693608613,,
2023-01-18 00:00:00,80.2,0.01173205500189245,,
2023-01-19 00:00:00,79.98,-0.002743142144638444,,
2023-01-20 00:00:00,79.8,-0.0022505626406602586,,
2023-01-23 00:00:00,79.75,-0.0006265664160400863,,
2023-01-24 00:00:00,80.1,0.004388714733542187,,
2023-01-25 00:00:00,80.05,-0.0006242197253433224,,
2023-01-26 00:00:00,80.05,0,,
2023-01-27 00:00:00,79.9,-0.0018738288569642991,,
2023-01-30 00:00:00,78.88,-0.01276595744680864,,
2023-01-31 00:00:00,79.27,0.0049442190669370945,,
2023-02-01 00:00:00,80.77,0.018922669357890776,,
2023-02-02 00:00:00,81.03,0.003219016961743204,,
2023-02-03 00:00:00,79.92,-0.013698630136986245,,
2023-02-06 00:00:00,78.79,-0.014139139139139112,,
2023-02-07 00:00:00,78.86,0.000888437618987048,,
2023-02-08 00:00:00,78.81,-0.000634034998731936,,
2023-02-09 00:00:00,78.3,-0.006471259992386846,,
2023-02-10 00:00:00,77.69,-0.007790549169859551,,
2023-02-13 00:00:00,77.91,0.0028317672802162797,,
2023-02-14 00:00:00,77.96,0.0006417661404183317,,
2023-02-15 00:00:00,77.73,-0.002950230887634575,,
2023-02-16 00:00:00,77.22,-0.006561173292165212,,
2023-02-17 00:00:00,77.25,0.00038850038850046786,,
2023-02-21 00:00:00,76.08,-0.015145631067961185,,
2023-02-22 00:00:00,76.38,0.0039432176656151174,,
2023-02-23 00:00:00,77.6,0.01597276774024614,,
2023-02-24 00:00:00,77.07,-0.006829896907216471,,
2023-02-27 00:00:00,77.46,0.005060334760607299,,
2023-02-28 00:00:00,77.13,-0.004260263361735017,,
2023-03-01 00:00:00,76.62,-0.006612213146635404,,
2023-03-02 00:00:00,76.34,-0.0036543983294179405,,
2023-03-03 00:00:00,77.51,0.015326172386691095,,
2023-03-06 00:00:00,77.2,-0.003999483937556447,,
2023-03-07 00:00:00,76.89,-0.004015544041450769,,
2023-03-08 00:00:00,76.52,-0.004812069189751633,,
2023-03-09 00:00:00,76.54,0.00026136957658140503,,
2023-03-10 00:00:00,77.26,0.009406846093545917,,
2023-03-13 00:00:00,77.13,-0.0016826300802486038,,
2023-03-14 00:00:00,76.92,-0.002722676001555735,,
2023-03-15 00:00:00,77.2,0.003640145605824152,,
2023-03-16 00:00:00,76.88,-0.004145077720207335,,
2023-03-17 00:00:00,76.53,-0.004552549427679464,,
2023-03-20 00:00:00,76.54,0.00013066771200853644,,
2023-03-21 00:00:00,77.09,0.007185785210347406,,
2023-03-22 00:00:00,77.76,0.008691140225710159,,
2023-03-23 00:00:00,78.04,0.0036008230452675427,,
2023-03-24 00:00:00,77.61,-0.005509994874423496,,
2023-03-27 00:00:00,77.29,-0.004123180002576943,,
2023-03-28 00:00:00,77.01,-0.0036227196273773687,,
2023-03-29 00:00:00,77.39,0.004934424100766055,,
2023-03-30 00:00:00,77.92,0.006848430029719577,,
2023-03-31 00:00:00,78.42,0.006416837782340812,,
2023-04-03 00:00:00,78.72,0.0038255547054322214,,
2023-04-04 00:00:00,78.83,0.0013973577235772972,,
2023-04-05 00:00:00,78.66,-0.0021565393885576434,,
2023-04-06 00:00:00,78.58,-0.0010170353419781675,,
2023-04-10 00:00:00,78.17,-0.0052176126240773835,,
2023-04-11 00:00:00,78.25,0.0010234105155431106,,
2023-04-12 00:00:00,78.48,0.002939297124600726,,
2023-04-13 00:00:00,78.56,0.0010193679918450993,,
2023-04-14 00:00:00,78.4,-0.0020366598778003286,,
2023-04-17 00:00:00,77.89,-0.006505102040816446,,
2023-04-18 00:00:00,77.88,-0.00012838618564647852,,
2023-04-19 00:00:00,77.5,-0.004879301489470911,,
2023-04-20 00:00:00,77.41,-0.0011612903225807214,,
2023-04-21 00:00:00,77.42,0.0001291822761917416,,
2023-04-24 00:00:00,77.63,0.002712477396021651,,
2023-04-25 00:00:00,78.1,0.006054360427669714,,
2023-04-26 00:00:00,77.89,-0.0026888604353392243,,
2023-04-27 00:00:00,77.91,0.000256772371292735,,
2023-04-28 00:00:00,78.63,0.009241432422025353,,
2023-05-01 00:00:00,77.85,-0.009919877909195018,,
2023-05-02 00:00:00,78.18,0.00423892100192691,,
2023-05-03 00:00:00,78.43,0.0031977487848555697,,
2023-05-04 00:00:00,78.04,-0.004972587020272812,,
2023-05-05 00:00:00,78.26,0.0028190671450538662,,
2023-05-08 00:00:00,77.95,-0.003961155123945903,,
2023-05-09 00:00:00,77.91,-0.0005131494547787607,,
2023-05-10 00:00:00,78.34,0.005519188807598496,,
2023-05-11 00:00:00,78.59,0.0031912177687005716,,
2023-05-12 00:00:00,78.09,-0.00636213258684315,,
2023-05-15 00:00:00,77.75,-0.004353950569855325,,
2023-05-16 00:00:00,77.45,-0.0038585209003214604,,
2023-05-17 00:00:00,77.46,0.00012911555842465283,,
2023-05-18 00:00:00,77.15,-0.004002065582235814,,
2023-05-19 00:00:00,77.14,-0.00012961762799745813,,
2023-05-22 00:00:00,77.13,-0.00012963443090496796,,
2023-05-23 00:00:00,77.22,0.001166861143524045,,
2023-05-24 00:00:00,77.09,-0.0016835016835016203,,
2023-05-25 00:00:00,76.89,-0.0025943702166300042,,
2023-05-26 00:00:00,77.21,0.00416178956951474,,
2023-05-30 00:00:00,77.8,0.00764149721538665,,
2023-05-31 00:00:00,77.7,-0.0012853470437017567,,
2023-06-01 00:00:00,78.22,0.006692406692406561,,
2023-06-02 00:00:00,78.1,-0.0015341344924572065,,
2023-06-05 00:00:00,78.35,0.003201024327784907,,
2023-06-06 00:00:00,78.49,0.0017868538608807327,,
2023-06-07 00:00:00,78.03,-0.005860619187157523,,
2023-06-08 00:00:00,78.47,0.0056388568499294855,,
2023-06-09 00:00:00,78.38,-0.001146935134446303,,
2023-06-12 00:00:00,78.81,0.005486093391171343,,
2023-06-13 00:00:00,78.7,-0.001395761959142261,,
2023-06-14 00:00:00,78.86,0.0020330368487928574,,
2023-06-15 00:00:00,79.27,0.005199086989601698,,
2023-06-16 00:00:00,78.95,-0.004036836129683308,,
2023-06-20 00:00:00,78.99,0.0005066497783405843,,
2023-06-21 00:00:00,79.4,0.005190530446892216,,
2023-06-22 00:00:00,79.1,-0.0037783375314862644,,
2023-06-23 00:00:00,79.19,0.0011378002528446007,,
2023-06-26 00:00:00,79.44,0.0031569642631645856,,
2023-06-27 00:00:00,79.44,0,,
2023-06-28 00:00:00,79.5,0.0007552870090634656,,
2023-06-29 00:00:00,79.07,-0.005408805031446584,,
2023-06-30 00:00:00,79.64,0.007208802327052011,,
2023-07-03 00:00:00,79.8,0.002009040683073726,,
2023-07-05 00:00:00,79.39,-0.005137844611528775,,
2023-07-06 00:00:00,78.25,-0.014359491119788403,,
2023-07-07 00:00:00,78.16,-0.0011501597444090184,,
2023-07-10 00:00:00,78.49,0.00422210849539395,,
2023-07-11 00:00:00,78.99,0.006370238246910409,,
2023-07-12 00:00:00,79.94,0.012026838840359488,,
2023-07-13 00:00:00,80.8,0.01075806855141348,,
2023-07-14 00:00:00,80.33,-0.0058168316831682665,,
2023-07-17 00:00:00,80.45,0.0014938379185858164,,
2023-07-18 00:00:00,80.85,0.0049720323182098625,,
2023-07-19 00:00:00,80.63,-0.0027210884353741083,,
2023-07-20 00:00:00,80.14,-0.006077142502790456,,
2023-07-21 00:00:00,80.39,0.003119540803593779,,
2023-07-24 00:00:00,80.55,0.0019902973006591385,,
2023-07-25 00:00:00,80.44,-0.0013656114214772863,,
2023-07-26 00:00:00,80.7,0.003232222774739002,,
2023-07-27 00:00:00,79.94,-0.009417596034696496,,
2023-07-28 00:00:00,80.91,0.012134100575431628,,
2023-07-31 00:00:00,81.02,0.001359535286120428,,
2023-08-01 00:00:00,80.21,-0.009997531473710186,,
2023-08-02 00:00:00,79.63,-0.007231018576237314,,
2023-08-03 00:00:00,78.95,-0.008539495165138633,,
2023-08-04 00:00:00,80,0.013299556681444002,,
2023-08-07 00:00:00,79.74,-0.003250000000000086,,
2023-08-08 00:00:00,79.95,0.0026335590669677167,,
2023-08-09 00:00:00,80.11,0.0020012507817386282,,
2023-08-10 00:00:00,79.81,-0.0037448508301085592,,
2023-08-11 00:00:00,79.62,-0.0023806540533767295,,
2023-08-14 00:00:00,78.98,-0.008038181361466945,,
2023-08-15 00:00:00,78.31,-0.008483160293745295,,
2023-08-16 00:00:00,78.17,-0.0017877665687652255,,
2023-08-17 00:00:00,78.1,-0.000895484201100305,,
2023-08-18 00:00:00,78.08,-0.0002560819462227304,,
2023-08-21 00:00:00,77.69,-0.004994877049180335,,
2023-08-22 00:00:00,77.91,0.0028317672802162797,,
2023-08-23 00:00:00,79.16,0.016044153510460735,,
2023-08-24 00:00:00,78.62,-0.0068216270843859395,,
2023-08-25 00:00:00,78.74,0.001526329178326069,,
2023-08-28 00:00:00,78.99,0.0031750063500126657,,
2023-08-29 00:00:00,79.81,0.01038106089378421,,
2023-08-30 00:00:00,79.6,-0.0026312492168901747,,
2023-08-31 00:00:00,79.52,-0.0010050251256281673,,
2023-09-01 00:00:00,79.32,-0.0025150905432596016,,
2023-09-05 00:00:00,78.55,-0.009707513867876938,,
2023-09-06 00:00:00,78.43,-0.0015276893698280558,,
2023-09-07 00:00:00,78.85,0.00535509371413978,,
2023-09-08 00:00:00,78.91,0.0007609384908053851,,
2023-09-11 00:00:00,78.79,-0.001520719807375337,,
2023-09-12 00:00:00,78.85,0.0007615179591318189,,
2023-09-13 00:00:00,78.9,0.0006341154090045986,,
2023-09-14 00:00:00,78.92,0.00025348542458814016,,
2023-09-15 00:00:00,78.66,-0.003294475418144982,,
2023-09-18 00:00:00,78.71,0.000635647088736313,,
2023-09-19 00:00:00,78.62,-0.0011434379367296632,,
2023-09-20 00:00:00,78.55,-0.0008903586873569846,,
2023-09-21 00:00:00,77.76,-0.010057288351368432,,
2023-09-22 00:00:00,78.08,0.00411522633744843,,
2023-09-25 00:00:00,77.63,-0.005763319672131173,,
2023-09-26 00:00:00,77.12,-0.006569625144918101,,
2023-09-27 00:00:00,76.78,-0.0044087136929461535,,
2023-09-28 00:00:00,76.96,0.002344360510549537,,
2023-09-29 00:00:00,76.87,-0.0011694386694385273,,
2023-10-02 00:00:00,76.03,-0.010927540002601877,,
2023-10-03 00:00:00,75.18,-0.011179797448375606,,
2023-10-04 00:00:00,75.54,0.004788507581803714,,
2023-10-05 00:00:00,75.51,-0.0003971405877680745,,
2023-10-06 00:00:00,75.54,0.0003972983710767153,,
2023-10-09 00:00:00,75.91,0.004898067249139437,,
2023-10-10 00:00:00,76.03,0.001580819391384658,,
2023-10-11 00:00:00,76.65,0.008154675785874144,,
2023-10-12 00:00:00,75.85,-0.010437051532942054,,
2023-10-13 00:00:00,76.06,0.0027686222808174232,,
2023-10-16 00:00:00,75.98,-0.0010518012095713791,,
2023-10-17 00:00:00,75.61,-0.004869702553303545,,
2023-10-18 00:00:00,75.13,-0.006348366618172285,,
2023-10-19 00:00:00,74.58,-0.007320644216690986,,
2023-10-20 00:00:00,74.99,0.005497452400107239,,
2023-10-23 00:00:00,75.42,0.005734097879717348,,
2023-10-24 00:00:00,76.02,0.007955449482895727,,
2023-10-25 00:00:00,75.45,-0.007498026835043303,,
2023-10-26 00:00:00,75.74,0.0038436050364478724,,
2023-10-27 00:00:00,75.78,0.0005281225244258003,,
2023-10-30 00:00:00,75.98,0.0026392187912378517,,
2023-10-31 00:00:00,75.96,-0.0002632271650435669,,
2023-11-01 00:00:00,76.96,0.01316482359136395,,
2023-11-02 00:00:00,77.73,0.010005197505197572,,
2023-11-03 00:00:00,78.49,0.009777434709893118,,
2023-11-06 00:00:00,77.84,-0.00828130972098351,,
2023-11-07 00:00:00,78.1,0.003340184994861106,,
2023-11-08 00:00:00,78.26,0.0020486555697825093,,
2023-11-09 00:00:00,77.46,-0.01022233580373133,,
2023-11-10 00:00:00,77.79,0.004260263361735239,,
2023-11-13 00:00:00,77.38,-0.005270600334233322,,
2023-11-14 00:00:00,78.72,0.017317136210907247,,
2023-11-15 00:00:00,78.24,-0.0060975609756097615,,
2023-11-16 00:00:00,78.88,0.008179959100204526,,
2023-11-17 00:00:00,79.14,0.0032961460446248037,,
2023-11-20 00:00:00,79.64,0.006317917614354407,,
2023-11-21 00:00:00,79.64,0,,
2023-11-22 00:00:00,80.03,0.004897036664992527,,
2023-11-24 00:00:00,79.87,-0.00199925028114456,,
2023-11-27 00:00:00,80.22,0.004382120946538004,,
2023-11-28 00:00:00,80.63,0.005110944901520753,,
2023-11-29 00:00:00,81.27,0.007937492248542677,,
2023-11-30 00:00:00,80.7,-0.007013658176448834,,
2023-12-01 00:00:00,81.94,0.015365551425030821,,
2023-12-04 00:00:00,81.37,-0.006956309494752122,,
2023-12-05 00:00:00,81.84,0.005776084552046257,,
2023-12-06 00:00:00,82.29,0.005498533724340282,,
2023-12-07 00:00:00,82.21,-0.000972171588285442,,
2023-12-08 00:00:00,81.93,-0.0034059116895752695,,
2023-12-11 00:00:00,81.79,-0.0017087757842060292,,
2023-12-12 00:00:00,81.96,0.0020784937033866413,,
2023-12-13 00:00:00,83.32,0.0165934602244997,,
2023-12-14 00:00:00,84.19,0.010441670667306724,,
2023-12-15 00:00:00,84.08,-0.0013065684760660279,,
2023-12-18 00:00:00,84.09,0.00011893434823972981,,
2023-12-19 00:00:00,84.3,0.0024973242953976182,,
2023-12-20 00:00:00,84.31,0.00011862396204032066,,
2023-12-21 00:00:00,84.46,0.0017791483809748154,,
2023-12-22 00:00:00,84.35,-0.0013023916646933698,,
2023-12-26 00:00:00,84.65,0.003556609365738206,,
2023-12-27 00:00:00,84.96,0.0036621382161841076,,
2023-12-28 00:00:00,84.72,-0.0028248587570620654,,
2023-12-29 00:00:00,84.37,-0.004131255901794084,,
2024-01-02 00:00:00,83.54,-0.009837620007111525,,
2024-01-03 00:00:00,83.21,-0.0039502034953317056,,
2024-01-04 00:00:00,82.83,-0.004566758803028481,,
2024-01-05 00:00:00,82.58,-0.0030182301098635733,,
2024-01-08 00:00:00,82.68,0.0012109469605232626,,
2024-01-09 00:00:00,82.36,-0.0038703434929850955,,
2024-01-10 00:00:00,82.95,0.00716367168528409,,
2024-01-11 00:00:00,83.7,0.009041591320072317,,
2024-01-12 00:00:00,83.85,0.0017921146953403522,,
2024-01-16 00:00:00,83.07,-0.009302325581395321,,
2024-01-17 00:00:00,82.76,-0.003731792464186645,,
2024-01-18 00:00:00,82.84,0.0009666505558241223,,
2024-01-19 00:00:00,82.88,0.00048285852245277816,,
2024-01-22 00:00:00,82.94,0.0007239382239383474,,
2024-01-23 00:00:00,82.51,-0.005184470701712018,,
2024-01-24 00:00:00,82.28,-0.0027875409041329124,,
2024-01-25 00:00:00,82.87,0.007170636849781253,,
2024-01-26 00:00:00,83,0.0015687220948472635,,
2024-01-29 00:00:00,83.31,0.003734939759036271,,
2024-01-30 00:00:00,83.5,0.002280638578802119,,
2024-01-31 00:00:00,83.35,-0.00179640718562879,,
2024-02-01 00:00:00,84.05,0.008398320335932796,,
2024-02-02 00:00:00,83.37,-0.00809042236763824,,
2024-02-05 00:00:00,82.67,-0.008396305625524847,,
2024-02-06 00:00:00,83.42,0.009072214830047276,,
2024-02-07 00:00:00,83.3,-0.0014385039558859614,,
2024-02-08 00:00:00,83.2,-0.0012004801920767472,,
2024-02-09 00:00:00,83.23,0.00036057692307700506,,
2024-02-12 00:00:00,83.3,0.000841042893187538,,
2024-02-13 00:00:00,82.28,-0.012244897959183598,,
2024-02-14 00:00:00,82.84,0.006806028196402636,,
2024-02-15 00:00:00,83.51,0.008087880251086421,,
2024-02-16 00:00:00,82.94,-0.006825529876661518,,
2024-02-20 00:00:00,82.93,-0.00012056908608626404,,
2024-02-21 00:00:00,82.87,-0.000723501748462585,,
2024-02-22 00:00:00,83.39,0.006274888379389276,,
2024-02-23 00:00:00,83.86,0.0056361674061637945,,
2024-02-26 00:00:00,83.62,-0.002861912711662251,,
2024-02-27 00:00:00,83.54,-0.0009567089213107227,,
2024-02-28 00:00:00,83.71,0.002034953315776633,,
2024-02-29 00:00:00,84,0.0034643411778760846,,
2024-03-01 00:00:00,84.49,0.005833333333333357,,
2024-03-04 00:00:00,84.42,-0.0008285004142500885,,
2024-03-05 00:00:00,84.6,0.002132196162046851,,
2024-03-06 00:00:00,84.91,0.0036643026004727908,,
2024-03-07 00:00:00,85.14,0.002708750441644092,,
2024-03-08 00:00:00,85.24,0.001174536058256903,,
2024-03-11 00:00:00,85.1,-0.0016424213984045366,,
2024-03-12 00:00:00,84.99,-0.0012925969447707963,,
2024-03-13 00:00:00,85.08,0.0010589481115426125,,
2024-03-14 00:00:00,84.65,-0.005054066760695752,,
2024-03-15 00:00:00,84.38,-0.003189604252805789,,
2024-03-18 00:00:00,84.43,0.0005925574780754062,,
2024-03-19 00:00:00,84.82,0.004619211180859617,,
2024-03-20 00:00:00,85.22,0.004715868898844677,,
2024-03-21 00:00:00,85.51,0.003402957052335287,,
2024-03-22 00:00:00,85.79,0.0032744708221261742,,
2024-03-25 00:00:00,85.72,-0.0008159459144423398,,
2024-03-26 00:00:00,85.72,0,,
2024-03-27 00:00:00,86.07,0.004083061129257937,,
2024-03-28 00:00:00,85.68,-0.004531195538514998,,
2024-04-01 00:00:00,85.31,-0.004318394024276473,,
2024-04-02 00:00:00,85.35,0.0004688782088850818,,
2024-04-03 00:00:00,85.53,0.002108963093145899,,
2024-04-04 00:00:00,85.49,-0.0004676721618146473,,
2024-04-05 00:00:00,85.63,0.0016376184349047307,,
2024-04-08 00:00:00,85.65,0.00023356300362031845,,
2024-04-09 00:00:00,86.23,0.006771745475773416,,
2024-04-10 00:00:00,84.87,-0.015771773164791836,,
2024-04-11 00:00:00,84.62,-0.002945681630729391,,
2024-04-12 00:00:00,84.38,-0.0028362089340582264,,
2024-04-15 00:00:00,83.4,-0.011614126570277161,,
2024-04-16 00:00:00,83.14,-0.003117505995203884,,
2024-04-17 00:00:00,83.79,0.00781813808034637,,
2024-04-18 00:00:00,83.73,-0.0007160759040458764,,
2024-04-19 00:00:00,83.97,0.0028663561447508368,,
2024-04-22 00:00:00,84.42,0.005359056806002238,,
2024-04-23 00:00:00,84.53,0.0013030087656953349,,
2024-04-24 00:00:00,83.93,-0.0070980716905240104,,
2024-04-25 00:00:00,83.69,-0.002859525795305684,,
2024-04-26 00:00:00,84.05,0.004301589198231648,,
2024-04-29 00:00:00,84.46,0.004878048780487809,,
2024-04-30 00:00:00,83.61,-0.0100639355908122,,
2024-05-01 00:00:00,83.96,0.004186102140892212,,
2024-05-02 00:00:00,84.64,0.008099094807050955,,
2024-05-03 00:00:00,85.34,0.008270321361058652,,
2024-05-06 00:00:00,85.58,0.0028122802906023203,,
2024-05-07 00:00:00,85.64,0.0007010983874737864,,
2024-05-08 00:00:00,85.33,-0.003619803829986057,,
2024-05-09 00:00:00,85.62,0.0033985702566508014,,
2024-05-10 00:00:00,85.41,-0.0024526979677645944,,
2024-05-13 00:00:00,85.5,0.0010537407797681642,,
2024-05-14 00:00:00,85.69,0.0022222222222221255,,
2024-05-15 00:00:00,86.59,0.010502975843155626,,
2024-05-16 00:00:00,86.3,-0.0033491165261578804,,
2024-05-17 00:00:00,86.14,-0.0018539976825028281,,
2024-05-20 00:00:00,86.15,0.0001160900859067393,,
2024-05-21 00:00:00,86.21,0.0006964596633776132,,
2024-05-22 00:00:00,85.93,-0.003247883076209157,,
2024-05-23 00:00:00,85.35,-0.006749679972070433,,
2024-05-24 00:00:00,85.68,0.0038664323374342224,,
2024-05-28 00:00:00,85.17,-0.005952380952381042,,
2024-05-29 00:00:00,84.86,-0.0036397792649994765,,
2024-05-30 00:00:00,85.37,0.006009898656611057,,
2024-05-31 00:00:00,85.79,0.0049197610401781056,,
2024-06-03 00:00:00,86.18,0.00454598438046383,,
2024-06-04 00:00:00,86.24,0.0006962172197724215,,
2024-06-05 00:00:00,86.47,0.002666975881261635,,
2024-06-06 00:00:00,86.27,-0.0023129409043599614,,
2024-06-07 00:00:00,85.59,-0.007882230207488017,,
2024-06-10 00:00:00,85.57,-0.00023367215796255003,,
2024-06-11 00:00:00,85.9,0.003856491761131453,,
2024-06-12 00:00:00,86.24,0.003958090803259484,,
2024-06-13 00:00:00,86.47,0.002666975881261635,,
2024-06-14 00:00:00,86.36,-0.0012721174973979732,,
2024-06-17 00:00:00,86.1,-0.0030106530801297104,,
2024-06-18 00:00:00,86.67,0.0066202090592335505,,
2024-06-20 00:00:00,86.35,-0.0036921656859352225,,
2024-06-21 00:00:00,86.46,0.001273885350318471,,
2024-06-24 00:00:00,86.5,0.00046264168401588535,,
2024-06-25 00:00:00,86.49,-0.00011560693641621267,,
2024-06-26 00:00:00,86.2,-0.0033529887848304796,,
2024-06-27 00:00:00,86.28,0.0009280742459396585,,
2024-06-28 00:00:00,85.59,-0.007997218358831715,,
2024-07-01 00:00:00,85.25,-0.003972426685360464,,
2024-07-02 00:00:00,85.67,0.004926686217008758,,
2024-07-03 00:00:00,86.34,0.007820707365472135,,
2024-07-05 00:00:00,86.9,0.006485985638174707,,
2024-07-08 00:00:00,86.88,-0.00023014959723832717,,
2024-07-09 00:00:00,86.61,-0.003107734806629736,,
2024-07-10 00:00:00,87.02,0.004733864449832481,,
2024-07-11 00:00:00,87.52,0.00574580556193971,,
2024-07-12 00:00:00,87.69,0.001942413162705714,,
2024-07-15 00:00:00,87.33,-0.004105371193978802,,
2024-07-16 00:00:00,87.72,0.004465819306080476,,
2024-07-17 00:00:00,87.41,-0.003533971728226226,,
2024-07-18 00:00:00,86.95,-0.005262555771650801,,
2024-07-19 00:00:00,86.72,-0.0026451983898793108,,
2024-07-22 00:00:00,87.11,0.004497232472324697,,
2024-07-23 00:00:00,87.13,0.000229594765239316,,
2024-07-24 00:00:00,86.57,-0.006427177780328308,,
2024-07-25 00:00:00,86.72,0.0017327018597668165,,
2024-07-26 00:00:00,87.2,0.005535055350553542,,
2024-07-29 00:00:00,87.35,0.0017201834862383691,,
2024-07-30 00:00:00,87.46,0.0012593016599884432,,
2024-07-31 00:00:00,87.87,0.004687857306197252,,
2024-08-01 00:00:00,87.82,-0.0005690224194834226,,
2024-08-02 00:00:00,88.41,0.0067182874060578435,,
2024-08-05 00:00:00,87.51,-0.010179843909060016,,
2024-08-06 00:00:00,87.22,-0.003313906982059245,,
2024-08-07 00:00:00,87.41,0.0021783994496675785,,
2024-08-08 00:00:00,87.82,0.004690538839949632,,
2024-08-09 00:00:00,88.21,0.004440901844682266,,
2024-08-12 00:00:00,88.3,0.0010202924838453864,,
2024-08-13 00:00:00,88.78,0.005436013590033983,,
2024-08-14 00:00:00,88.98,0.002252759630547496,,
2024-08-15 00:00:00,88.95,-0.0003371544167228846,,
2024-08-16 00:00:00,89.31,0.004047217537942682,,
2024-08-19 00:00:00,89.58,0.0030231776956666234,,
2024-08-20 00:00:00,89.8,0.002455905336012476,,
2024-08-21 00:00:00,90.06,0.002895322939866496,,
2024-08-22 00:00:00,89.31,-0.00832778147901403,,
2024-08-23 00:00:00,90.27,0.010749076251259648,,
2024-08-26 00:00:00,90.09,-0.001994017946161386,,
2024-08-27 00:00:00,89.97,-0.001332001332001398,,
2024-08-28 00:00:00,89.83,-0.0015560742469712396,,
2024-08-29 00:00:00,89.79,-0.00044528553935196946,,
2024-08-30 00:00:00,89.86,0.0007795968370640782,,
2024-09-03 00:00:00,89.51,-0.0038949476964166285,,
2024-09-04 00:00:00,89.91,0.004468774438610046,,
2024-09-05 00:00:00,90.25,0.0037815593371148815,,
2024-09-06 00:00:00,90.05,-0.002216066481994461,,
2024-09-09 00:00:00,90.29,0.0026651860077735456,,
2024-09-10 00:00:00,90.36,0.0007752796544466811,,
2024-09-11 00:00:00,90.6,0.0026560424966799445,,
2024-09-12 00:00:00,90.74,0.0015452538631346435,,
2024-09-13 00:00:00,91.16,0.004628609213136459,,
2024-09-16 00:00:00,91.71,0.0060333479596312856,,
2024-09-17 00:00:00,91.69,-0.0002180787264202122,,
2024-09-18 00:00:00,91.43,-0.002835641836623326,,
2024-09-19 00:00:00,91.83,0.004374931641693003,,
2024-09-20 00:00:00,91.65,-0.001960143743874432,,
2024-09-23 00:00:00,91.39,-0.0028368794326241176,,
2024-09-24 00:00:00,91.51,0.0013130539446328804,,
2024-09-25 00:00:00,91.23,-0.003059774887990363,,
2024-09-26 00:00:00,91.36,0.0014249698564068325,,
2024-09-27 00:00:00,91.52,0.0017513134851137035,,
2024-09-30 00:00:00,91.67,0.0016389860139860435,,
2024-10-01 00:00:00,91.94,0.002945347441911217,,
2024-10-02 00:00:00,91.73,-0.0022840983249945435,,
2024-10-03 00:00:00,91.34,-0.004251607979941174,,
2024-10-04 00:00:00,91,-0.0037223560324064486,,
2024-10-07 00:00:00,90.59,-0.004505494505494423,,
2024-10-08 00:00:00,90.74,0.0016558118997680449,,
2024-10-09 00:00:00,90.59,-0.0016530747189772432,,
2024-10-10 00:00:00,90.44,-0.001655811899768267,,
2024-10-11 00:00:00,90.56,0.0013268465280849018,,
2024-10-14 00:00:00,90.74,0.0019876325088339364,,
2024-10-15 00:00:00,90.99,0.0027551245316288497,,
2024-10-16 00:00:00,91.22,0.0025277503022309578,,
2024-10-17 00:00:00,90.64,-0.006358254768691007,,
2024-10-18 00:00:00,90.84,0.0022065313327450653,,
2024-10-21 00:00:00,89.95,-0.0097974460590049,,
2024-10-22 00:00:00,89.74,-0.0023346303501946553,,
2024-10-23 00:00:00,89.41,-0.003677289948740836,,
2024-10-24 00:00:00,89.77,0.004026395257801241,,
2024-10-25 00:00:00,89.77,0,,
2024-10-28 00:00:00,89.86,0.0010025621031526377,,
2024-10-29 00:00:00,90.07,0.0023369686178498217,,
2024-10-30 00:00:00,89.97,-0.001110247585211388,,
2024-10-31 00:00:00,89.44,-0.005890852506390987,,
2024-11-01 00:00:00,89.08,-0.00402504472271914,,
2024-11-04 00:00:00,89.47,0.004378087112707707,,
2024-11-05 00:00:00,89.74,0.003017771319995477,,
2024-11-06 00:00:00,89.46,-0.0031201248049922414,,
2024-11-07 00:00:00,90.44,0.010954616588419341,,
2024-11-08 00:00:00,90.68,0.0026536930561700256,,
2024-11-11 00:00:00,90.5,-0.001985002205558084,,
2024-11-12 00:00:00,89.79,-0.00784530386740323,,
2024-11-13 00:00:00,89.67,-0.0013364517206816418,,
2024-11-14 00:00:00,89.44,-0.0025649604103936685,,
2024-11-15 00:00:00,89.31,-0.0014534883720930258,,
2024-11-18 00:00:00,89.42,0.0012316649871235708,,
2024-11-19 00:00:00,89.84,0.004696935808544023,,
2024-11-20 00:00:00,89.85,0.00011130899376654568,,
2024-11-21 00:00:00,89.89,0.0004451864218142365,,
2024-11-22 00:00:00,89.78,-0.0012237178774057167,,
2024-11-25 00:00:00,90.62,0.00935620405435511,,
2024-11-26 00:00:00,90.5,-0.0013242109909512578,,
2024-11-27 00:00:00,90.81,0.003425414364640833,,
2024-11-29 00:00:00,91.07,0.002863120801673835,,
2024-12-02 00:00:00,90.97,-0.0010980564401009696,,
2024-12-03 00:00:00,90.99,0.00021985269869184698,,
2024-12-04 00:00:00,91.33,0.003736674359819725,,
2024-12-05 00:00:00,91.44,0.0012044235191064345,,
2024-12-06 00:00:00,91.75,0.0033902012248470115,,
2024-12-09 00:00:00,91.54,-0.002288828337874582,,
2024-12-10 00:00:00,91.39,-0.0016386279222198041,,
2024-12-11 00:00:00,91.35,-0.00043768464821103414,,
2024-12-12 00:00:00,90.87,-0.00525451559934309,,
2024-12-13 00:00:00,90.4,-0.00517222405634421,,
2024-12-16 00:00:00,90.48,0.0008849557522123686,,
2024-12-17 00:00:00,90.43,-0.0005526083112289415,,
2024-12-18 00:00:00,89.07,-0.015039256883777607,,
2024-12-19 00:00:00,88.69,-0.004266307398675173,,
2024-12-20 00:00:00,89.3,0.006877889277257854,,
2024-12-23 00:00:00,89.07,-0.0025755879059351505,,
2024-12-24 00:00:00,89.47,0.0044908498933424745,,
2024-12-26 00:00:00,89.38,-0.0010059237733318627,,
2024-12-27 00:00:00,89.05,-0.0036921011411948923,,
2024-12-30 00:00:00,89.21,0.0017967434025827345,,
2024-12-31 00:00:00,89.04,-0.0019056159623359603,,
2025-01-02 00:00:00,89.34,0.003369272237196741,,
2025-01-03 00:00:00,89.5,0.001790911126035244,,
2025-01-06 00:00:00,89.54,0.0004469273743017421,,
2025-01-07 00:00:00,89.18,-0.004020549475094892,,
2025-01-08 00:00:00,89.25,0.0007849293563577664,,
2025-01-10 00:00:00,88.77,-0.005378151260504227,,
2025-01-13 00:00:00,88.64,-0.001464458713529293,,
2025-01-14 00:00:00,88.77,0.0014666064981949667,,
2025-01-15 00:00:00,89.79,0.011490368367691906,,
2025-01-16 00:00:00,89.68,-0.0012250807439581068,,
2025-01-17 00:00:00,89.85,0.0018956289027651785,,
2025-01-21 00:00:00,90.46,0.006789092932665497,,
2025-01-22 00:00:00,90.21,-0.0027636524430687537,,
2025-01-23 00:00:00,90.19,-0.00022170491076367593,,
2025-01-24 00:00:00,90.34,0.0016631555604835757,,
2025-01-27 00:00:00,90.6,0.0028780163825545824,,
2025-01-28 00:00:00,90.56,-0.0004415011037526284,,
2025-01-29 00:00:00,90.48,-0.0008833922261484162,,
2025-01-30 00:00:00,90.86,0.0041998231653403995,,
2025-01-31 00:00:00,90.55,-0.0034118423948932275,,
2025-02-03 00:00:00,90.25,-0.00331308669243513,,
2025-02-04 00:00:00,90.57,0.003545706371191004,,
2025-02-05 00:00:00,91.08,0.005631003643590704,,
2025-02-06 00:00:00,91,-0.0008783487044355942,,
2025-02-07 00:00:00,90.65,-0.0038461538461538325,,
2025-02-10 00:00:00,90.65,0,,
2025-02-11 00:00:00,90.26,-0.0043022614451185826,,
2025-02-12 00:00:00,89.97,-0.0032129403944162194,,
2025-02-13 00:00:00,90.71,0.00822496387684768,,
2025-02-14 00:00:00,90.99,0.003086760004409772,,
2025-02-18 00:00:00,90.6,-0.004286185295087397,,
2025-02-19 00:00:00,90.62,0.00022075055187653625,,
2025-02-20 00:00:00,90.79,0.001875965570514282,,
2025-02-21 00:00:00,90.82,0.00033043286705569663,,
2025-02-24 00:00:00,90.91,0.0009909711517286368,,
2025-02-25 00:00:00,91.48,0.006269937300626971,,
2025-02-26 00:00:00,91.78,0.00327940533449933,,
2025-02-27 00:00:00,91.47,-0.003377642187840535,,
2025-02-28 00:00:00,92.03,0.006122225866404207,,
2025-03-03 00:00:00,91.45,-0.00630229273063132,,
2025-03-04 00:00:00,91.31,-0.0015308911973755945,,
2025-03-05 00:00:00,91.28,-0.0003285510896944288,,
2025-03-06 00:00:00,90.74,-0.005915863277826561,,
2025-03-07 00:00:00,90.99,0.0027551245316288497,,
2025-03-10 00:00:00,90.87,-0.0013188262446421906,,
2025-03-11 00:00:00,90.69,-0.001980851766259617,,
2025-03-12 00:00:00,90.67,-0.00022053148086886853,,
2025-03-13 00:00:00,90.63,-0.00044116025146145876,,
2025-03-14 00:00:00,90.72,0.0009930486593843213,,
2025-03-17 00:00:00,90.96,0.002645502645502562,,
2025-03-18 00:00:00,90.93,-0.0003298153034299034,,
2025-03-19 00:00:00,91.43,0.005498735290883072,,
2025-03-20 00:00:00,91.25,-0.0019687192387619623,,
2025-03-21 00:00:00,90.98,-0.002958904109588989,,
2025-03-24 00:00:00,90.92,-0.0006594856012310801,,
2025-03-25 00:00:00,91.01,0.0009898812142543623,,
2025-03-26 00:00:00,90.49,-0.0057136578397979365,,
2025-03-27 00:00:00,90.29,-0.002210188971156879,,
2025-03-28 00:00:00,90.39,0.0011075423634954173,,
2025-03-31 00:00:00,90.59,0.002212634140944747,,
2025-04-01 00:00:00,90.48,-0.0012142620598299958,,
2025-04-02 00:00:00,90.44,-0.0004420866489832642,,
2025-04-03 00:00:00,89.9,-0.005970809376382058,,
2025-04-04 00:00:00,88.59,-0.01457174638487213,,
2025-04-07 00:00:00,87.16,-0.016141776724235335,,
2025-04-08 00:00:00,86.54,-0.00711335474988517,,
2025-04-09 00:00:00,88.77,0.0257684307834527,,
2025-04-10 00:00:00,87.05,-0.01937591528669591,,
2025-04-11 00:00:00,87.36,0.0035611717403791765,,
2025-04-14 00:00:00,88.27,0.010416666666666519,,
2025-04-15 00:00:00,88.54,0.003058796873230074,,
2025-04-16 00:00:00,88.57,0.0003388299073863177,,
2025-04-17 00:00:00,88.8,0.0025968160776788096,,
2025-04-21 00:00:00,87.77,-0.011599099099099064,,
2025-04-22 00:00:00,88.68,0.010368007291785553,,
2025-04-23 00:00:00,89.07,0.0043978349120430416,,
2025-04-24 00:00:00,90.02,0.010665768496687988,,
2025-04-25 00:00:00,90.38,0.00399911130859798,,
2025-04-28 00:00:00,90.48,0.001106439477760679,,
2025-04-29 00:00:00,90.6,0.0013262599469494596,,
2025-04-30 00:00:00,89.96,-0.007064017660044164,,
2025-05-01 00:00:00,89.6,-0.0040017785682525675,,
2025-05-02 00:00:00,89.36,-0.002678571428571419,,
2025-05-05 00:00:00,89.18,-0.00201432408236335,,
2025-05-06 00:00:00,89.55,0.0041489123121774,,
2025-05-07 00:00:00,89.9,0.003908431044109539,,
2025-05-08 00:00:00,89.54,-0.004004449388209097,,
2025-05-09 00:00:00,89.68,0.0015635470180925815,,
2025-05-12 00:00:00,90.2,0.005798394290811748,,
2025-05-13 00:00:00,90.28,0.0008869179600887733,,
2025-05-14 00:00:00,89.98,-0.0033229951262737645,,
2025-05-15 00:00:00,90.28,0.0033340742387197864,,
2025-05-16 00:00:00,90.45,0.0018830305715551443,,
2025-05-19 00:00:00,90.51,0.0006633499170813906,,
2025-05-20 00:00:00,90.37,-0.0015467904098994678,,
2025-05-21 00:00:00,89.54,-0.009184463870753556,,
2025-05-22 00:00:00,89.84,0.0033504578959124842,,
2025-05-23 00:00:00,89.93,0.0010017809439002434,,
2025-05-27 00:00:00,90.48,0.006115867897253491,,
2025-05-28 00:00:00,90.29,-0.0020999115826701997,,
2025-05-29 00:00:00,90.6,0.0034333813268356828,,
2025-05-30 00:00:00,90.6,0,,
2025-06-02 00:00:00,90.16,-0.004856512141280356,,
2025-06-03 00:00:00,90.45,0.0032165039929015204,,
2025-06-04 00:00:00,90.79,0.003758982863460547,,
2025-06-05 00:00:00,90.57,-0.0024231743584096632,,
2025-06-06 00:00:00,90.43,-0.0015457657060835572,,
2025-06-09 00:00:00,90.66,0.0025434037376974583,,
2025-06-10 00:00:00,91.06,0.004412089124200325,,
2025-06-11 00:00:00,91.33,0.0029650779705687746,,
2025-06-12 00:00:00,91.49,0.001751888755064046,,
2025-06-13 00:00:00,90.91,-0.006339490654716395,,
2025-06-16 00:00:00,91.01,0.001099989000109991,,
2025-06-17 00:00:00,91.08,0.000769146247665109,,
2025-06-18 00:00:00,91.02,-0.0006587615283267789,,
2025-06-20 00:00:00,91.14,0.0013183915622940745,,
2025-06-23 00:00:00,91.4,0.002852754004827762,,
2025-06-24 00:00:00,91.95,0.006017505470459428,,
2025-06-25 00:00:00,91.9,-0.0005437737901032857,,
2025-06-26 00:00:00,92.18,0.00304678998911867,,
2025-06-27 00:00:00,92.1,-0.0008678672163160428,,
2025-06-30 00:00:00,92.62,0.005646036916395314,,
,,,,
,,,,
,,,,
,,,,
,,,,
,,,,
,,,,
,,,,
,,,,
,,,,
,,,,
,,,,
,,,,
,,,,
,,,,
,,,,
,,,,
,,,,
,,,,
,,,,
,,,,
,,,,
,,,,
,,,,
,,,,
,,,,
,,,,
,,,,
,,,,
,,,,
,,,,
,,,,
,,,,
,,,,
,,,,
,,,,
,,,,
,,,,
,,,,
,,,,
,,,,
,,,,
,,,,
,,,,
,,,,
,,,,
,,,,
,,,,
,,,,
