S&P Dow Jones Indices,howard.silverblatt@spglobal.com
2024-03-21 00:00:00,
S&P 500 EARNINGS AND ESTIMATE REPORT,
,
S&P Dow Jones Indices,
S&P 500 Index and Sector tax rates,
SECTOR,"12 MoSep,'22"
S&P 500,0.18458393906376294
Communication Services ,0.19391747687929808
Consumer Discretionary ,0.1927890518607818
Consumer Staples ,0.2081948290638515
Energy ,0.23538243349455573
Financials ,0.18355600687328755
Health Care ,0.1592616741182315
Industrials ,0.2120167801465937
Information Technology ,0.15450525587687425
Materials ,0.23347965298982032
Real Estate,0.05380548183862407
Utilities ,0.11602020239856659
,
,
,
,
,
,
Issues   ,494
"Q4,'23 lower shares than Q4,'22",307
    4% lower shares,61
"Q4,'23 higher sharers than Q4,'22",166
    4% higher shares,19
 ,
OPERATING EARNINGS CONTRIBUTION,
,estimate
,2024-09-01 00:00:00
Energy ,0.06320069933409912
Materials  ,0.023399209038331033
Industrials ,0.08982971701280683
Consumer Discretionary,0.09360756667577848
Consumer Staples,0.06533194500694463
Health Care,0.13837121397817523
Financials ,0.16936531960642723
Information Technology  ,0.21125214601071368
Communication Services  ,0.09858297220926363
Utilities  ,0.0340052189385719
Real Estate,0.013053992188888208
S&P 500,0.9999999999999999
(change formula in column ,S&P 500 5YR
"C, G & K to use 2025 P/E)",PROJ ANNUAL
,GROWTH %
S&P 500,14.1181291096767
Communication Services,17.181459310974
Consumer Discretionary,15.965669969175
Consumer Staples,7.97264900600303
Energy,3.40739174417089
Financials,12.5592442320121
Health Care,13.5025432803205
Industrials,13.698237384077
Information Technology,17.6181553866361
Materials,8.49042060330044
Real Estate,6.96984741295353
Utilities,6.99820845560897
The average from Q1 1993 is 8.39%,
S&P 500 operating margins: ,
QTR,2021
"Q4 (Q4,'23 estimate)",0.1340582734696961
Q3,0.13167381826391233
Q2,0.13536877284392831
Q1,0.13022820502356097
    *Q4 2008 is the only negative quarter in index history,
 ,
OBSERVATION,2024E
2022-03-31 00:00:00,
2022-06-30 00:00:00,
2022-09-30 00:00:00,
2022-12-30 00:00:00,
2023-03-31 00:00:00,245.35
2023-06-30 00:00:00,243.06
2023-09-29 00:00:00,245.78
2023-12-29 00:00:00,242.45
Current,240.23
Change QTR,-0.009156527118993618
"Change fr Q4,'22",
"Q1 2024: 11 issues (off fiscals) have reported, with 9 beating on earnings as 3 of 10 beat on sales",
Q4 2023,
Of the 498 issues (503 in the index) with full operating comparative data ,
"368 beat, 106 missed, and 24 met their estimates; 331 of 497 (66.6%) beat on sales",
,
SECTOR,BEAT
Energy ,18
Materials  ,19
Industrials ,64
Consumer Discretionary,40
Consumer Staples,30
Health Care,49
Financials ,49
Information Technology  ,56
Communication Services  ,13
Utilities  ,17
Real Estate,13
S&P 500,368
Date,2024-03-21 00:00:00
S&P 500 close of:,5241.53279721698
Dividend yield (last 12 months: February 2024),0.013621549795111279
Dividend yield (current indicated rate),0.013808689709702828
"Note:  Berkshire Hathaway's Q2 2022 $66.9 billion ""unrealized investment"" loss (mostly non-cash-flow) decreased the S&P 500 EPS by approximately $4.74 per share and the Financial sector by $6.04 per share",
"Note:  Berkshire Hathaway's Q3 2023 $23.5 billion ""unrealized investment"" loss (mostly non-cash-flow) decreased the S&P 500 EPS by approximately $2.82 per share and the Financial sector by $2.81 per share",
QUARTER ,AS REPORTED
END,EARNINGS
,PER SHR
,(ests are
,bottom up
ESTIMATES,
12/31/2025,67.16623990613209
9/30/2025,65.69589439247937
6/30/2025,61.59122875533695
3/31/2025,57.044717165826455
12/31/2024,59.16283787617429
9/30/2024,57.27680051508637
6/30/2024,53.380413977010484
3/31/2024,49.14516145649889
12/31/2023 (99.4%),47.79
,
ACTUALS,
09/30/2023,47.65
6/30/2023 ,48.58
3/31/2023 ,48.41
12/31/2022 ,39.61
9/30/2022,44.41
6/30/2022,42.74
3/31/2022 ,45.99
12/31/2021 ,53.94
9/30/2021,49.59
6/30/2021 ,48.39
3/31/2021,45.95
12/31/2020,31.44
9/30/2020,32.98
6/30/2020 ,17.83
3/31/2020,11.88
12/31/2019,35.53
9/30/2019  ,33.99
6/30/2019,34.93
3/31/2019 ,35.02
12/31/2018 ,28.96
9/30/2018,36.36
6/30/2018 ,34.05
3/31/2018,33.02
2017-12-31 00:00:00,26.96
2017-09-30 00:00:00,28.45
2017-06-30 00:00:00,27.01
2017-03-31 00:00:00,27.46
2016-12-31 00:00:00,24.16
2016-09-30 00:00:00,25.39
2016-06-30 00:00:00,23.28
2016-03-31 00:00:00,21.72
2015-12-31 00:00:00,18.7
2015-09-30 00:00:00,23.22
2015-06-30 00:00:00,22.8
2015-03-31 00:00:00,21.81
2014-12-31 00:00:00,22.83
2014-09-30 00:00:00,27.47
2014-06-30 00:00:00,27.14
2014-03-31 00:00:00,24.87
2013-12-31 00:00:00,26.48
2013-09-30 00:00:00,24.63
2013-06-30 00:00:00,24.87
2013-03-31 00:00:00,24.22
2012-12-31 00:00:00,20.65
2012-09-30 00:00:00,21.21
2012-06-30 00:00:00,21.62
2012-03-31 00:00:00,23.03
2011-12-31 00:00:00,20.64
2011-09-30 00:00:00,22.63
2011-06-30 00:00:00,22.24
2011-03-31 00:00:00,21.44
2010-12-31 00:00:00,20.67
2010-09-30 00:00:00,19.52
2010-06-30 00:00:00,19.68
2010-03-31 00:00:00,17.48
2009-12-31 00:00:00,15.18
2009-09-30 00:00:00,14.76
2009-06-30 00:00:00,13.51
2009-03-31 00:00:00,7.52
2008-12-31 00:00:00,-23.25
2008-09-30 00:00:00,9.73
2008-06-30 00:00:00,12.86
2008-03-31 00:00:00,15.54
2007-12-31 00:00:00,7.82
2007-09-30 00:00:00,15.15
2007-06-30 00:00:00,21.880744314722936
2007-03-31 00:00:00,21.33
2006-12-31 00:00:00,20.24
2006-09-30 00:00:00,21.47
2006-06-30 00:00:00,20.11
2006-03-31 00:00:00,19.69
2005-12-31 00:00:00,17.3
2005-09-30 00:00:00,17.39
2005-06-30 00:00:00,18.29
2005-03-31 00:00:00,16.95
2004-12-31 00:00:00,13.94
2004-09-30 00:00:00,14.18
2004-06-30 00:00:00,15.25
2004-03-31 00:00:00,15.18
2003-12-31 00:00:00,13.16
2003-09-30 00:00:00,12.56
2003-06-30 00:00:00,11.1
2003-03-31 00:00:00,11.92
2002-12-31 00:00:00,3
2002-09-30 00:00:00,8.53
2002-06-30 00:00:00,6.87
2002-03-31 00:00:00,9.19
2001-12-31 00:00:00,5.45
2001-09-30 00:00:00,5.23
2001-06-30 00:00:00,4.83
2001-03-31 00:00:00,9.18
2000-12-31 00:00:00,9.07
2000-09-30 00:00:00,13.71
2000-06-30 00:00:00,13.48
2000-03-31 00:00:00,13.74
1999-12-31 00:00:00,12.77
1999-09-30 00:00:00,11.93
1999-06-30 00:00:00,12.51
1999-03-31 00:00:00,10.96
1998-12-31 00:00:00,8.56
1998-09-30 00:00:00,8.99
1998-06-30 00:00:00,9.87
1998-03-31 00:00:00,10.29
1997-12-31 00:00:00,8.94
1997-09-30 00:00:00,9.87
1997-06-30 00:00:00,10.44
1997-03-31 00:00:00,10.47
1996-12-31 00:00:00,9.86
1996-09-30 00:00:00,9.78
1996-06-30 00:00:00,10.13
1996-03-31 00:00:00,8.96
1995-12-31 00:00:00,7.13
1995-09-30 00:00:00,8.69
1995-06-30 00:00:00,9.26
1995-03-31 00:00:00,8.88
1994-12-31 00:00:00,8.35
1994-09-30 00:00:00,7.94
1994-06-30 00:00:00,7.38
1994-03-31 00:00:00,6.93
1993-12-31 00:00:00,5.08
1993-09-30 00:00:00,5.81
1993-06-30 00:00:00,4.89
1993-03-31 00:00:00,6.11
1992-12-31 00:00:00,3.6
1992-09-30 00:00:00,4.73
1992-06-30 00:00:00,5.4
1992-03-31 00:00:00,5.36
1991-12-31 00:00:00,2.55
1991-09-30 00:00:00,3.74
1991-06-30 00:00:00,4.54
1991-03-31 00:00:00,5.14
1990-12-31 00:00:00,4.4
1990-09-30 00:00:00,5.33
1990-06-30 00:00:00,6.07
1990-03-31 00:00:00,5.54
1989-12-31 00:00:00,4.8
1989-09-30 00:00:00,4.85
1989-06-30 00:00:00,6.48
1989-03-31 00:00:00,6.74
1988-12-31 00:00:00,5.62
1988-09-30 00:00:00,6.38
1988-06-30 00:00:00,6.22
1988-03-31 00:00:00,5.53
Operating earnings:,
As Reported earnings:,
Bottom up estimate:,
Actual earnings are bottom up,
"Please note the disclaimer, which refers to the entire file's content:",
"Please note that the statistical data is based on publicly available information, most of which is available in S&P products such as Capital IQ, Compustat Research Insight and S&P Index Alert.  Analysis and projections are my own, and may differ from others within S&P/S&P Global.  Nothing presented is intended to, or should be interpreted as, a buy/sell/hold recommendation. 
My notes vary in topics, but are market related. The intent is to quickly inform. The assumption is that you don't need a basic education, editorial or sales pitch, just specific facts and maybe some observations. If the information does not suit your needs, please e-mail me and I will take you off the list. Unless otherwise noted all data is for public dissemination, and may not be used for commercial purposes.  Finally, any incoming correspondence from you will be considered confidential unless you specify otherwise (as will your email address, to the best of my ability).                         

Please read important General Disclaimer and Performance Disclosure information here: https://www.spglobal.com/spdji/en/disclaimers",
