Company Name,Exchange:Ticker,Geographic Region,Trailing PE,Expected growth rate,Emerging Market Dummy,ROE,Debt/Equity Ratio,Payout Ratio,"Market Capitalization [Latest] ($USDmm, Historical rate)"
Usher Agro Limited (BSE:532765),BSE:532765,Asia / Pacific,2.125,0.14,1,0.138,7.34640522875817,0,15.3
Gujarat Ambuja Exports Limited (BSE:524226),BSE:524226,Asia / Pacific,2.9375,0.41,1,0.18600000000000003,0.553191489361702,0.0956,61.1
Dean Foods Company (NYSE:DF),NYSE:DF,United States and Canada,3.7031780931441136,0.136,0,0.141,1.7260754574404922,0,1852.7
Chordia Food Products Limited (BSE:519475),BSE:519475,Asia / Pacific,3.839285714285714,0.11,1,0.08539999999999999,0.3738372093023256,0,1.72
China Minzhong Food Corporation Limited (SGX:K2N),SGX:K2N,Asia / Pacific,4.762408462164361,0.2,1,0.18100000000000002,0.176832393644285,0,585.3
Sino Grandness Food Industry Group Limited (SGX:T4B),SGX:T4B,Asia / Pacific,6.434535104364326,0.24,1,0.35600000000000004,0.1781185491005603,0,339.1
Avanti Feeds Ltd. (BSE:512573),BSE:512573,Asia / Pacific,6.492805755395684,0.27,1,0.284,0.31024930747922436,0.196,36.1
MHP S.A. (LSE:MHPC),LSE:MHPC,Europe,7.759063790729693,0.158,0,0.205,0.6917253208730112,0.354,1690.7
Kernel Holding S.A. (WSE:KER),WSE:KER,Europe,8.273338312173262,0.04,0,0.121,0.6838779563098033,0,1107.8
Honeywell Flour Mills Plc (NGSE:HONYFLOUR),NGSE:HONYFLOUR,Africa / Middle East,8.29050279329609,0.16,1,0.161,1.320754716981132,0.418,148.4
La Doria SpA (BIT:LD),BIT:LD,Europe,8.467391304347828,0.23199999999999998,0,0.14800000000000002,1.164313222079589,0.131,155.8
Premier Foods plc (LSE:PFD),LSE:PFD,Europe,9.094193548387096,0.016,0,0.11,2.3593927355278095,0,704.8
McLeod Russel India Limited (BSE:532654),BSE:532654,Asia / Pacific,10.051485148514852,0.18,1,0.15,0.09022852639873916,0.182,507.6
First Resources Ltd. (SGX:EB5),SGX:EB5,Asia / Pacific,10.132020117351216,0.115,1,0.22,0.22262668045501552,0.21600000000000003,2417.5
TS Corporation (KOSE:A001790),KOSE:A001790,Asia / Pacific,10.461538461538463,0.07200000000000001,1,0.043899999999999995,2.5073529411764706,0.237,176.8
KTG Agrar AG (DB:7KT),DB:7KT,Europe,10.813953488372093,0.061,0,0.10300000000000001,3.171326164874552,0.10300000000000001,139.5
Khon Kaen Sugar Industry Public Company Limited (SET:KSL),SET:KSL,Asia / Pacific,10.919811320754716,0.1,1,0.151,0.6580273578113751,0.408,694.5
Bonduelle SA (ENXTPA:BON),ENXTPA:BON,Europe,11.076809453471196,0.0895,0,0.102,1.1009467929057208,0.215,749.9
Kaveri Seed Company Limited (BSE:532899),BSE:532899,Asia / Pacific,11.10062893081761,0.489,1,NA,0.001611898016997167,0,353
Ros Agro PLC (LSE:AGRO),LSE:AGRO,Europe,11.522022838499185,0.10800000000000001,0,0.07,2.2501769786209826,0.00010999999999999999,706.3
ORIOR AG (SWX:ORON),SWX:ORON,Europe,11.831541218637994,0.028999999999999998,0,0.139,0.3571644956073917,0.43700000000000006,330.1
Dangote Sugar Refinery Plc (NGSE:DANGSUGAR),NGSE:DANGSUGAR,Africa / Middle East,11.851063829787234,0.066,1,NA,0,0,835.5
Labixiaoxin Snacks Group Limited (SEHK:1262),SEHK:1262,Asia / Pacific,11.862626262626264,0.195,1,0.183,0.020435967302452316,0.237,587.2
HKScan Oyj (HLSE:HKSAV),HLSE:HKSAV,Europe,12.091346153846153,0.18600000000000003,0,0.043,2.61948310139165,0.344,251.5
Tongaat Hulett Limited (JSE:TON),JSE:TON,Africa / Middle East,12.094991364421416,0.14400000000000002,1,0.133,0.5021419391689276,0.465,1400.6
C.P. Pokphand Co. Ltd. (SEHK:43),SEHK:43,Asia / Pacific,12.205334987593053,0.192,1,0.158,0.2753748411689962,0.746,1967.5
Shenguan Holdings (Group) Ltd. (SEHK:829),SEHK:829,Asia / Pacific,12.346058091286308,0.15,1,0.33299999999999996,0.024467298514485446,0.401,1487.7
Ingredion Incorporated (NYSE:INGR),NYSE:INGR,United States and Canada,12.515911730545877,0.078,0,0.183,0.3340695235797405,0.21100000000000002,5388.1
Wilmar International Limited (SGX:F34),SGX:F34,Asia / Pacific,12.656170573284383,0.09179999999999999,1,0.09949999999999999,1.2409378451651771,0.182,17926.2
Apetit Oyj (HLSE:APETI),HLSE:APETI,Europe,12.818897637795278,0.157,0,0.0717,0.29484029484029484,0.5710000000000001,162.8
"New Hope Liuhe Co., Ltd. (SZSE:000876)",SZSE:000876,Asia / Pacific,13.150906225374309,0.2,1,0.14,0.30104563022440606,0.434,3337.7
PT Astra Agro Lestari Tbk (JKSE:AALI),JKSE:AALI,Asia / Pacific,13.57254004576659,0.14800000000000002,1,0.259,0.034023469112489886,0.49700000000000005,2965.6
"Natra, S.A. (CATS:NAT)",CATS:NAT,Europe,13.715596330275229,0.49200000000000005,0,0.12,1.4695652173913043,0,149.5
China Agri-Industries Holdings Limited (SEHK:606),SEHK:606,Asia / Pacific,13.723964165733483,0.1,1,0.064,1.7052751825710906,0.18100000000000002,2451.1
Dairy Crest Group plc (LSE:DCG),LSE:DCG,Europe,13.93719806763285,0.157,0,NA,0.4629116117850954,0.503,1154
Tate & Lyle plc (LSE:TATE),LSE:TATE,Europe,14.125772705658582,0.0666,0,0.248,0.23154865096864322,0.42200000000000004,5941.3
Origin Enterprises Plc (ISE:OIZ),ISE:OIZ,Europe,14.187822497420019,0.08900000000000001,0,0.282,0.15173116089613034,0.284,1374.8
"Warabeya Nichiyo Co., Ltd. (TSE:2918)",TSE:2918,Asia / Pacific,14.223684210526315,0.145,1,0.0613,0.29509713228492135,0.235,324.3
"Tyson Foods, Inc. (NYSE:TSN)",NYSE:TSN,United States and Canada,14.264102564102563,0.085,0,0.124,0.24287454810553857,0.142,10013.4
Presco Plc (NGSE:PRESCO),NGSE:PRESCO,Africa / Middle East,14.397350993377485,0.08900000000000001,1,NA,0.06117755289788409,0,217.4
Goodman Fielder Ltd. (ASX:GFF),ASX:GFF,Asia / Pacific,14.659914712153517,0.0898,1,0.062,0.573921896589339,0,1375.1
PT Perusahaan Perkebunan London Sumatra Indonesia Tbk (JKSE:LSIP),JKSE:LSIP,Asia / Pacific,14.683812405446295,0.21600000000000003,1,0.111,0,3e-05,970.6
Astral Foods Limited (JSE:ARL),JSE:ARL,Africa / Middle East,14.7890625,0.13699999999999998,1,0.151,0.04173269941891178,1.075,378.6
Tassal Group Limited (ASX:TGR),ASX:TGR,Asia / Pacific,14.977124183006536,0.147,1,0.11,0.1464106480471307,0.37200000000000005,458.3
PT Tiga Pilar Sejahtera Food Tbk (JKSE:AISA),JKSE:AISA,Asia / Pacific,15.042194092827005,0.19,1,0.14,0.45413744740532963,0,356.5
Atria Oyj (HLSE:ATRAV),HLSE:ATRAV,Europe,15.123152709359605,0.48700000000000004,0,0.0382,1.6205211726384365,0.39899999999999997,307
Tata Coffee Ltd. (BSE:532301),BSE:532301,Asia / Pacific,15.194444444444443,0.36,1,NA,0.5137111517367459,0,328.2
Cranswick plc (LSE:CWK),LSE:CWK,Europe,15.334545454545454,0.09,0,0.14,0.05240692435380603,0.315,843.4
SLC Agricola S.A. (BOVESPA:SLCE3),BOVESPA:SLCE3,Latin America and Caribbean,15.357262103505843,0.0101,1,0.0681,0.5269050983802587,0.115,919.9
Bongrain SA (ENXTPA:BH),ENXTPA:BH,Europe,15.429850746268656,0.084,0,0.052000000000000005,1.0478816018572257,0.353,1033.8
Illovo Sugar Limited (JSE:ILV),JSE:ILV,Africa / Middle East,15.515279241306638,0.158,1,0.166,0.17209997283346917,0.523,1472.4
Toyo Suisan Kaisha Ltd. (TSE:2875),TSE:2875,Asia / Pacific,15.687226809130646,0.0785,1,0.10300000000000001,0.0006965944272445821,0.21,3230
Oceana Group Ltd. (JSE:OCE),JSE:OCE,Africa / Middle East,15.786738351254481,0.16399999999999998,1,0.361,0.007174480644795096,0.628,880.9
The Hillshire Brands Company (NYSE:HSH),NYSE:HSH,United States and Canada,15.811507936507937,0.057699999999999994,0,0.512,0.2386748651022713,0.183,3984.5
Tiger Brands Limited (JSE:TBS),JSE:TBS,Africa / Middle East,16.15782404298187,0.124,1,0.235,0.03882123114011389,0.508,4811.8
Agthia Group PJSC (ADX:AGTHIA),ADX:AGTHIA,Africa / Middle East,16.218225419664268,0.17300000000000001,1,0.133,0.12538814135738577,0.196,676.3
Nippon Meat Packers Inc. (TSE:2282),TSE:2282,Asia / Pacific,16.226077224398434,0.095,1,0.0611,0.5485239343357705,0.273,2899.6
NongShim Co. Ltd. (KOSE:A004370),KOSE:A004370,Asia / Pacific,16.483451536643027,0.085,1,0.07200000000000001,0.06920043026174257,0.239,1394.5
"Xiwang Foodstuffs Co., Ltd. (SZSE:000639)",SZSE:000639,Asia / Pacific,16.90874524714829,0.27,1,0.165,0.07218349449066787,0.179,444.7
"PT. BW Plantation, Tbk (JKSE:BWPT)",JKSE:BWPT,Asia / Pacific,16.918367346938776,0.204,1,0.11900000000000001,0.8953558504221952,0.25,331.6
Indofood Agri Resources Ltd. (SGX:5JS),SGX:5JS,Asia / Pacific,16.993288590604024,0.0643,1,0.0444,0.7297590837282781,0.162,1012.8
Avi Ltd. (JSE:AVI),JSE:AVI,Africa / Middle East,17.15187557182068,0.10300000000000001,1,0.287,0.04800768122899664,0.594,1874.7
"Ajinomoto Co., Inc. (TSE:2802)",TSE:2802,Asia / Pacific,17.35757091490212,0.105,1,0.0898,0.14320075496018045,0.276,8689.2
Daesang Corporation (KOSE:A001680),KOSE:A001680,Asia / Pacific,17.428571428571427,0.15,1,0.105,0.5492704017294181,0.07429999999999999,1110.2
Devro plc (LSE:DVO),LSE:DVO,Europe,17.483263598326364,0.0738,0,0.213,0.061624985042479354,0.446,835.7
PT Malindo Feedmill Tbk (JKSE:MAIN),JKSE:MAIN,Asia / Pacific,17.515151515151516,0.195,1,0.433,0.16724336793540945,0.14400000000000002,520.2
Ebro Foods SA (CATS:EBRO),CATS:EBRO,Europe,17.544075829383885,0.015,0,0.0986,0.14544275757739478,0.295,3701.8
"Vilmorin & Cie, SA (ENXTPA:RIN)",ENXTPA:RIN,Europe,17.618421052631582,0.09359999999999999,0,NA,0,0,2276.3
Archer Daniels Midland Company (NYSE:ADM),NYSE:ADM,United States and Canada,17.768606224627874,0.1,0,NA,0.363262508567512,0.332,26262
IOI Corp.Bhd (KLSE:IOICORP),KLSE:IOICORP,Asia / Pacific,17.78472890599936,0.0173,1,0.0953,0.20901957247226483,0.503,11087
"Kraft Foods Group, Inc. (NasdaqGS:KRFT)",NasdaqGS:KRFT,United States and Canada,17.9574144486692,0.0725,0,0.24100000000000002,0.3016067950005445,0.32299999999999995,33059.6
PT Indofood Sukses Makmur Tbk (JKSE:INDF),JKSE:INDF,Asia / Pacific,18.030852994555353,0.081,1,0.13,0.26675054521053515,0.46799999999999997,5961
"General Mills, Inc. (NYSE:GIS)",NYSE:GIS,United States and Canada,18.213128681468056,0.0736,0,0.222,0.24781774475932222,0.508,32157.1
Vietnam Dairy Products Joint Stock Company (HOSE:VNM),HOSE:VNM,Asia / Pacific,18.22434839986803,0.22,1,0.415,0,0,5523.8
Unilever NV (ENXTAM:UNA),ENXTAM:UNA,Europe,18.258514230583696,0.0572,0,0.37200000000000005,0.11868107093193554,0.59,113549.7
Felda Global Ventures Holdings Berhad (KLSE:FGV),KLSE:FGV,Asia / Pacific,18.49142857142857,0.00633,1,0.14400000000000002,0.5118008343634116,0.22699999999999998,5177.6
Unilever plc (LSE:ULVR),LSE:ULVR,Europe,18.558530310339282,0.0687,0,0.37200000000000005,0.11676247990954422,0.59,115415.5
Greencore Group plc (LSE:GNC),LSE:GNC,Europe,18.777777777777775,0.08,0,0.20800000000000002,0.4115427493353915,0.243,1166.1
Bumitama Agri Ltd (SGX:P8Z),SGX:P8Z,Asia / Pacific,19.442280945757997,0.24,1,0.163,0.19171614564704198,0.233,1397.9
Danone (ENXTPA:BN),ENXTPA:BN,Europe,19.581595252639843,0.052000000000000005,0,0.159,0.2797551535192782,0.48100000000000004,44877.1
PT Salim Ivomas Pratama (JKSE:SIMP),JKSE:SIMP,Asia / Pacific,19.67924528301887,0.09,1,0.046799999999999994,0.6442081408524362,0,1147.3
Golden Agri-Resources Ltd. (SGX:E5H),SGX:E5H,Asia / Pacific,19.68010752688172,0.0443,1,0.0356,0.3518474252151345,0.418,5856.8
Namchow Chemical Industrial Co. (TSEC:1702),TSEC:1702,Asia / Pacific,19.69158878504673,0.278,1,0.163,0.40602752728998576,0.213,421.4
Viscofan SA (CATS:VIS),CATS:VIS,Europe,19.83166189111748,0.0898,0,0.218,0.060935524652338806,0.475,2768.5
Thai Union Frozen Products Public Company Limited (SET:TUF),SET:TUF,Asia / Pacific,20.199617956064948,0.14300000000000002,1,0.09300000000000001,0.540876637193248,0.7390000000000001,2114.9
Tenwow International Holdings Limited (SEHK:1219),SEHK:1219,Asia / Pacific,20.25242718446602,0.258,1,NA,0.19451102588686484,0.804,834.4
"ConAgra Foods, Inc. (NYSE:CAG)",NYSE:CAG,United States and Canada,20.333033976949558,0.0892,0,0.134,0.7136295042143619,0.61,13584.5
CJ Cheiljedang Corporation (KOSE:A097950),KOSE:A097950,Asia / Pacific,20.33974784339748,0.107,1,0.0409,1.5152029231371524,0.147,3065.2
"Saputo, Inc. (TSX:SAP)",TSX:SAP,United States and Canada,20.427359490986213,0.125,0,0.21600000000000003,0.177106369724342,0.325,9631.5
KWS SAAT AG (DB:KWS),DB:KWS,Europe,20.463519313304722,0.081,0,0.142,0.023531879194630873,0.203,2384
Nestlé S.A. (SWX:NESN),SWX:NESN,Europe,20.50400259533016,0.0659,0,0.18600000000000003,0.1300050203078723,0.607,233850.2
Naturex Société Anonyme (ENXTPA:NRX),ENXTPA:NRX,Europe,20.51815181518152,0.151,0,0.0908,0.2756956731542545,0.00458,621.7
Pioneer Food Group Ltd. (JSE:PFG),JSE:PFG,Africa / Middle East,20.721115537848604,0.225,1,0.113,0.10613343587771583,0.301,1560.3
Zydus Wellness Limited (BSE:531335),BSE:531335,Asia / Pacific,20.860335195530727,0.22,1,NA,0,0,373.4
"Kameda Seika CO., Ltd. (TSE:2220)",TSE:2220,Asia / Pacific,20.956375838926174,0.136,1,0.0894,0.13578863090472376,0.171,624.5
"Binggrae Co., Ltd. (KOSE:A005180)",KOSE:A005180,Asia / Pacific,20.974647887323943,0.161,1,0.0924,0.012194466827827022,0.305,744.6
"Green Mountain Coffee Roasters, Inc. (NasdaqGS:GMCR)",NasdaqGS:GMCR,United States and Canada,21.00959393128068,0.17800000000000002,0,0.188,0.05739924600435406,0,9416.5
The J. M. Smucker Company (NYSE:SJM),NYSE:SJM,United States and Canada,21.066440435792106,0.0894,0,0.109,0.17107103797339573,0.40299999999999997,11795.1
Juhayna Food Industries S.A.E. (CASE:JUFO),CASE:JUFO,Africa / Middle East,21.163333333333334,0.34,1,0.22,0.13450937155457554,0,1269.8
Thorntons PLC (LSE:THT),LSE:THT,Europe,21.263157894736842,0.425,0,0.263,0.3770627062706271,0,121.2
Glanbia plc (ISE:GL9),ISE:GL9,Europe,21.53314917127072,0.11,0,0.22899999999999998,0.22116741500962156,0.192,3897.5
"Tangrenshen Group Co., Ltd. (SZSE:002567)",SZSE:002567,Asia / Pacific,21.552419354838708,0.32,1,0.09369999999999999,0.07801683816651077,0.374,534.5
"Nissin Foods Holdings Co., Ltd (TSE:2897)",TSE:2897,Asia / Pacific,21.590591523055426,0.013000000000000001,1,0.0706,0.02124905619674253,0.389,4635.5
Lancaster Colony Corporation (NasdaqGS:LANC),NasdaqGS:LANC,United States and Canada,21.5970695970696,0.085,0,0.205,0,0.38,2358.4
"Jiajia Food Group Co.,Ltd. (SZSE:002650)",SZSE:002650,Asia / Pacific,21.855670103092784,0.135,1,0.107,0,0.63,636
"China Animal Husbandry Industry Co., Ltd. (SHSE:600195)",SHSE:600195,Asia / Pacific,22.04368932038835,0.2,1,0.11199999999999999,0.0035344637744990086,0.644,908.2
Cocoaland Holdings Bhd (KLSE:COCOLND),KLSE:COCOLND,Asia / Pacific,22.05128205128205,0.13,1,0.0867,0,0.622,120.4
OldTown Berhad (KLSE:OLDTOWN),KLSE:OLDTOWN,Asia / Pacific,22.056338028169016,0.20800000000000002,1,NA,0.035759897828863345,0.748,313.2
Almarai Company (SASE:2280),SASE:2280,Africa / Middle East,22.230345518277417,0.07,1,0.163,0.2598999864846601,0.33,8878.8
M. Dias Branco S.A. Indústria e Comércio de Alimentos (BOVESPA:MDIA3),BOVESPA:MDIA3,Latin America and Caribbean,22.316835871404397,0.16699999999999998,1,0.20600000000000002,0.053168299941240026,0.218,5275.7
Strauss Group Ltd. (TASE:STRS),TASE:STRS,Africa / Middle East,22.472460220318236,0.14400000000000002,1,NA,0.36906318082788675,0,1836
"McCormick & Company, Incorporated (NYSE:MKC)",NYSE:MKC,United States and Canada,22.516564417177914,0.0877,0,0.231,0.12772056018745573,0.43200000000000005,9175.5
Super Group Ltd. (SGX:S10),SGX:S10,Asia / Pacific,22.568069306930695,0.201,1,0.251,0.0005648478201261311,0.386,1823.5
Hap Seng Plantations Holdings Bhd (KLSE:HSPLANT),KLSE:HSPLANT,Asia / Pacific,22.572881355932203,0.043,1,0.049699999999999994,0,0.9440000000000001,665.9
"Shandong Oriental Ocean Sci-Tech Co., Ltd. (SZSE:002086)",SZSE:002086,Asia / Pacific,22.703703703703706,0.18,1,0.07769999999999999,0.36976617727025557,0.679,367.8
"Flowers Foods, Inc. (NYSE:FLO)",NYSE:FLO,United States and Canada,22.738126361655773,0.0973,0,0.255,0.11971102253564313,0.392,5218.4
Hormel Foods Corporation (NYSE:HRL),NYSE:HRL,United States and Canada,22.919641076769693,0.11,0,0.17,0.02175010005046023,0.337,11494.2
Kuala Lumpur Kepong Berhad (KLSE:KLK),KLSE:KLK,Asia / Pacific,23.013434579439256,0.042699999999999995,1,0.134,0.10285794055686692,0.64,7879.8
PT Charoen Pokphand Indonesia Tbk (JKSE:CPIN),JKSE:CPIN,Asia / Pacific,23.378930817610065,0.064,1,0.312,0.03379514425986953,0,5947.6
"Maeil Dairies Co., Ltd. (KOSE:A005990)",KOSE:A005990,Asia / Pacific,23.5219298245614,0.21,1,0.0704,0.25321648331157937,0.060700000000000004,536.3
Uni-President Enterprises Corporation (TSEC:1216),TSEC:1216,Asia / Pacific,23.643802647412755,0.147,1,0.162,0.38700122149837135,0.364,9824
Tata Global Beverages Limited (BSE:500800),BSE:500800,Asia / Pacific,23.87426900584795,0.157,1,NA,0.15664421310471527,0,1633
JBS S.A. (BOVESPA:JBSS3),BOVESPA:JBSS3,Latin America and Caribbean,23.997783196630458,0.287,1,0.0504,0.9239289079387367,0.17,10825.4
Kellogg Company (NYSE:K),NYSE:K,United States and Canada,24.232665964172813,0.0747,0,0.39799999999999996,0.343613024420789,0.67,22996.8
Uni-President China Holdings Ltd (SEHK:220),SEHK:220,Asia / Pacific,24.58327803583278,0.226,1,0.121,0.17194374713202148,0.185,3704.7
"Shandong Homey Aquatic Development Co.,Ltd. (SHSE:600467)",SHSE:600467,Asia / Pacific,24.707903780068726,0.21,1,0.057999999999999996,0.15632823365785814,0.622,719
AarhusKarlshamn AB (OM:AAK),OM:AAK,Europe,24.714568880079284,0.14400000000000002,0,0.18,0.1792116132654289,0.601,2493.7
QL Resources Berhad (KLSE:QL),KLSE:QL,Asia / Pacific,24.738317757009348,0.16399999999999998,1,0.147,0.2526445032111825,0.27699999999999997,1058.8
IJM Plantations Berhad (KLSE:IJMPLNT),KLSE:IJMPLNT,Asia / Pacific,24.927672955974845,0.179,1,0.07400000000000001,0.2090324208401665,0.797,792.7
Asian Citrus Holdings Limited (AIM:ACHL),AIM:ACHL,Asia / Pacific,24.930107526881716,0.174,1,0.0152,0.0003299547120983394,1.237,463.7
Mayora Indah PT (JKSE:MYOR),JKSE:MYOR,Asia / Pacific,24.964747356051706,0.183,1,0.27899999999999997,0.18493763238409036,0.126,2124.5
"Mondelez International, Inc. (NasdaqGS:MDLZ)",NasdaqGS:MDLZ,United States and Canada,25.222362869198314,0.125,0,0.056900000000000006,0.3259782190474597,0.632,59777
"Cal-Maine Foods, Inc. (NasdaqGS:CALM)",NasdaqGS:CALM,United States and Canada,25.3574297188755,0.17,0,0.09910000000000001,0.051472917326575864,0.363,1262.8
Eurogerm S.A (ENXTPA:ALGEM),ENXTPA:ALGEM,Europe,25.37091988130564,0.098,0,0.092,0.11590643274853801,0.336,85.5
J&J Snack Foods Corp. (NasdaqGS:JJSF),NasdaqGS:JJSF,United States and Canada,25.61949685534591,0.1,0,0.131,0.00042162759297901067,0.172,1629.4
Mead Johnson Nutrition Company (NYSE:MJN),NYSE:MJN,United States and Canada,25.942585249801745,0.1,0,3.677,0.1045559033551795,0.41200000000000003,16356.8
"Qiaqia Food Co., Ltd. (SZSE:002557)",SZSE:002557,Asia / Pacific,25.966442953020135,0.131,1,NA,0.012406306539157405,0.6970000000000001,1160.7
Bega Cheese Limited (ASX:BGA),ASX:BGA,Asia / Pacific,26.00429184549356,0.14,1,0.1,0.16751939263904936,0.41700000000000004,605.9
Agro Tech Foods Limited (BSE:500215),BSE:500215,Asia / Pacific,26.16580310880829,0.12,1,0.185,0,0.10099999999999999,202
Universal Robina Corporation (PSE:URC),PSE:URC,Asia / Pacific,26.173212071103762,0.19,1,0.20800000000000002,0.05689194952063557,0.423,6331.3
PT Indofood CBP Sukses Makmur Tbk (JKSE:ICBP),JKSE:ICBP,Asia / Pacific,26.24675885911841,0.114,1,0.20800000000000002,0.021585576685601383,0.429,6073.5
"Guangdong Haid Group Co., Limited (SZSE:002311)",SZSE:002311,Asia / Pacific,26.527397260273972,0.295,1,0.16,0.16152853085463464,0.396,1936.5
Amira Nature Foods Ltd. (NYSE:ANFI),NYSE:ANFI,Africa / Middle East,26.612021857923498,0.248,1,0.26899999999999996,0.3342915811088296,0,487
TSH Resources Berhad (KLSE:TSH),KLSE:TSH,Asia / Pacific,27.10486891385768,0.011000000000000001,1,0.0894,0.4409285615586569,0.33899999999999997,723.7
Del Monte Pacific Ltd. (SGX:D03),SGX:D03,Asia / Pacific,27.685897435897434,0.22899999999999998,1,0.132,0.1634637647603612,0.78,863.8
Calavo Growers Inc. (NasdaqGS:CVGW),NasdaqGS:CVGW,United States and Canada,27.965714285714284,0.13,0,0.149,0.07887208827135268,0.552,489.4
"Angel Yeast Co., Ltd (SHSE:600298)",SHSE:600298,Asia / Pacific,28.013513513513512,0.13,1,0.07780000000000001,0.3936324167872648,0.6759999999999999,829.2
Kikkoman Corp. (TSE:2801),TSE:2801,Asia / Pacific,28.123630672926446,0.141,1,0.0728,0.27497078626676313,0.243,3594.2
Marine Harvest ASA (OB:MHG),OB:MHG,Europe,28.48185231539424,0.8690000000000001,0,0.08460000000000001,0.24335369336907325,0.35700000000000004,4551.4
The Hershey Company (NYSE:HSY),NYSE:HSY,United States and Canada,28.497386204258575,0.11,0,0.6679999999999999,0.08531800183441086,0,22350.5
"Meihua Holdings Group Co., Ltd. (SHSE:600873)",SHSE:600873,Asia / Pacific,28.694845360824743,0.036000000000000004,1,0.0901,0.5191851692175037,0.7959999999999999,2783.4
Henan Shuanghui Investment & Development Co. Ltd. (SZSE:000895),SZSE:000895,Asia / Pacific,29.04030444559765,0.515,1,NA,0.0036215913558332634,0.379,16788.2
Nestle Malaysia Bhd. (KLSE:NESTLE),KLSE:NESTLE,Asia / Pacific,29.212607449856737,0.027999999999999997,1,0.8079999999999999,0.006375549278091651,0.893,5097.6
Campbell Soup Company (NYSE:CPB),NYSE:CPB,United States and Canada,29.339301310043666,0.0558,0,0.645,0.3331745724619346,0.8009999999999999,13437.4
Genting Plantations Berhad (KLSE:GENP),KLSE:GENP,Asia / Pacific,29.743436754176614,0.111,1,0.0736,0.09279839518555667,0.215,2492.5
Associated British Foods plc (LSE:ABF),LSE:ABF,Europe,29.813948427809812,0.09519999999999999,0,0.102,0.08611050288300123,0.368,27402
"Treehouse Foods, Inc. (NYSE:THS)",NYSE:THS,United States and Canada,30.677236693091736,0.10800000000000001,0,0.0759,0.33225044300059065,0,2708.8
Omega Protein Corporation (NYSE:OME),NYSE:OME,United States and Canada,30.71646341463415,0.1,0,0.0311,0.1369727047146402,0,201.5
Kerry Group plc (ISE:KRZ),ISE:KRZ,Europe,30.77343964806159,0.107,0,0.141,0.17671077437166624,0.225,11192.3
"Kemen Noodle Manufacturing Co.,Ltd (SZSE:002661)",SZSE:002661,Asia / Pacific,30.788321167883215,0.235,1,0.129,0.051683262209578,0.5429999999999999,421.8
"Zhejiang Beingmate Technology Industry & Trade Co., Ltd. (SZSE:002570)",SZSE:002570,Asia / Pacific,31.252204585537918,0.14,1,NA,0.0019892776523702032,0,3544
Want Want China Holdings Ltd. (SEHK:151),SEHK:151,Asia / Pacific,31.48691514670896,0.17800000000000002,1,0.41,0.050522604206019395,0.6,19852.5
The WhiteWave Foods Company (NYSE:WWAV),NYSE:WWAV,United States and Canada,31.732913669064747,0.158,0,0.11199999999999999,0.2401734349760535,0,3528.7
"Dalian Keybridge Marine Seeds Co., Ltd. (SZSE:002447)",SZSE:002447,Asia / Pacific,31.913857677902623,0.69,1,0.17600000000000002,0.0954113366975707,0.312,852.1
"CALBEE, Inc. (TSE:2229)",TSE:2229,Asia / Pacific,31.936210131332086,0.198,1,0.12300000000000001,0.0008224650452355774,0.205,3404.4
"ShanDongDenghai Seeds Co., LTD. (SZSE:002041)",SZSE:002041,Asia / Pacific,32.08617594254937,0.235,1,0.276,0.0004487466427931961,0.105,1787.2
Raisio plc (HLSE:RAIVV),HLSE:RAIVV,Europe,32.16778523489933,0.028999999999999998,0,0.0709,0.10744836219486752,0.8079999999999999,958.6
Barry Callebaut AG (SWX:BARN),SWX:BARN,Europe,32.570605187319885,0.153,0,0.172,0.1872942841974872,0.495,5651
Ülker Bisküvi Sanayi Anonim Sirketi (IBSE:ULKER),IBSE:ULKER,Africa / Middle East,33.440000000000005,0.193,1,0.192,0.3049876758010729,0,2758.8
"Inventure Foods, Inc. (NasdaqGM:SNAK)",NasdaqGM:SNAK,United States and Canada,33.500761035007606,0.16,0,0.131,0.08814175374829622,0,220.1
São Martinho S.A. (BOVESPA:SMTO3),BOVESPA:SMTO3,Latin America and Caribbean,34.206315789473685,0.22699999999999998,1,0.052300000000000006,0.6688823239783358,0.34299999999999997,1624.8
He Bei Cheng De LoLo Company Limited (SZSE:000848),SZSE:000848,Asia / Pacific,34.54320987654321,0.33,1,0.326,0,0.604,1678.8
Grupo Nutresa SA (BVC:NUTRESA),BVC:NUTRESA,Latin America and Caribbean,34.562757201646086,0.095,1,NA,0.05804435183807114,0,6719
Freedom Foods Group Limited (ASX:FNP),ASX:FNP,Asia / Pacific,34.72222222222222,0.419,1,0.212,0.046857142857142854,0.17,437.5
Chocoladefabriken Lindt & Spruengli AG (SWX:LISP),SWX:LISP,Europe,34.92651439920556,0.106,0,0.151,0.0012415531735425968,0.45399999999999996,10551.3
"Beijing Dabeinong Technology Group Co.,Ltd. (SZSE:002385)",SZSE:002385,Asia / Pacific,35.18867924528302,0.32,1,0.16899999999999998,0.0007455636410060002,0.24600000000000002,3916.5
Britannia Industries Limited (BSE:500825),BSE:500825,Asia / Pacific,35.5049115913556,0.165,1,NA,0.04493138556883577,0,1807.2
"The Hain Celestial Group, Inc. (NasdaqGS:HAIN)",NasdaqGS:HAIN,United States and Canada,35.64341761115955,0.16,0,0.111,0.16287943644057432,0,4088.3
"Snyder's-Lance, Inc. (NasdaqGS:LNCE)",NasdaqGS:LNCE,United States and Canada,35.65068493150685,0.125,0,0.067,0.25773294908741595,0.7559999999999999,2082
Gruma S.A.B. de CV (BMV:GRUMA B),BMV:GRUMA B,Latin America and Caribbean,36.241772151898736,0.32,1,0.135,0.5346652230100241,0,2863.1
China Mengniu Dairy Co. Ltd. (SEHK:2319),SEHK:2319,Asia / Pacific,36.28822733423546,0.258,1,0.115,0.0158481560204348,0.213,8045.1
Biostime International Holdings Limited (China) (SEHK:1112),SEHK:1112,Asia / Pacific,36.31971153846154,0.314,1,0.371,0.009574867077018113,0.39299999999999996,4532.7
Charoen Pokphand Foods Public Co. Ltd. (SET:CPF),SET:CPF,Asia / Pacific,36.4225352112676,0.28,1,0.06,0.7697054653261151,1.605,6206.4
Alico Inc. (NasdaqGS:ALCO),NasdaqGS:ALCO,United States and Canada,38.25033647375505,0.08,0,0.056900000000000006,0.14039408866995073,0.19699999999999998,284.2
BRF S.A. (BOVESPA:BRFS3),BOVESPA:BRFS3,Latin America and Caribbean,38.39724037763254,0.264,1,0.08529999999999999,0.21970098159741266,0.262,21149.2
ARYZTA AG (SWX:ARYN),SWX:ARYN,Europe,38.48894062863795,0.327,0,0.0591,0.3028401185651201,0.336,6612.4
GlaxoSmithKline Consumer Healthcare Limited (BSE:500676),BSE:500676,Asia / Pacific,39.12155388471178,0.22,1,0.314,0,0,3121.9
PT Nippon Indosari Corpindo Tbk (JKSE:ROTI),JKSE:ROTI,Asia / Pacific,39.12987012987013,0.3,1,0.23600000000000002,0.05210753401924991,0.244,602.6
"Campofrio Food Group, S.A. (CATS:CFG)",CATS:CFG,Europe,39.45631067961165,0.43799999999999994,0,0.0341,0.9768700787401575,0,812.8
Lotte Confectionery Co. Ltd. (KOSE:A004990),KOSE:A004990,Asia / Pacific,39.532125205930804,0.126,1,0.025,0.13077179529921654,0.11699999999999999,2399.6
Hefei Fengle Seed Co. Ltd. (SZSE:000713),SZSE:000713,Asia / Pacific,39.57843137254902,0.36,1,0.0521,0.11939559078523657,0.426,403.7
"Gansu Yasheng Industrial (Group) Co., Ltd. (SHSE:600108)",SHSE:600108,Asia / Pacific,39.800261096605745,0.82,1,0.11199999999999999,0.045527601928690924,0.127,3048.7
D.E Master Blenders 1753 N.V. (ENXTAM:DE),ENXTAM:DE,Europe,39.992949471210345,0.1,0,0.5720000000000001,0.06862745098039216,0,10210.2
"Shanghai Bairun Flavor & Fragrance Co., Ltd. (SZSE:002568)",SZSE:002568,Asia / Pacific,40.28938906752411,0.444,1,0.08789999999999999,0,0.8370000000000001,375.9
Lifeway Foods Inc. (NasdaqGM:LWAY),NasdaqGM:LWAY,United States and Canada,40.608000000000004,0.13,0,0.159,0.021670606776989756,0.209,253.8
Tingyi Cayman Islands Holding Corp. (SEHK:322),SEHK:322,Asia / Pacific,41.511092851273624,0.157,1,0.12300000000000001,0.09794994622485269,0.574,15155.7
Orion Corporation (KOSE:A001800),KOSE:A001800,Asia / Pacific,42.1611253196931,0.222,1,0.127,0.18582549792740877,0.158,4945.5
B&G Foods Inc. (NYSE:BGS),NYSE:BGS,United States and Canada,42.25986078886311,0.109,0,0.145,0.3501152959262106,0,1821.4
China Modern Dairy Holdings Ltd. (SEHK:1117),SEHK:1117,Asia / Pacific,42.45351043643264,0.441,1,0.0643,0.3114021365038216,0,2237.3
Rocky Mountain Chocolate Factory Inc. (NasdaqGM:RMCF),NasdaqGM:RMCF,United States and Canada,43.40782122905028,0.1,0,0.0983,0,1.4869999999999999,77.7
Yakult Honsha Co. Ltd. (TSE:2267),TSE:2267,Asia / Pacific,45.18290155440414,0.22,1,0.07919999999999999,0.08623556529018497,0.423,8720.3
Hop Hing Group Holdings Limited (SEHK:47),SEHK:47,Asia / Pacific,45.88621444201313,0.18,1,0.223,0.04601812112541727,0,419.4
"Beijing Shunxin Agriculture Co., Ltd. (SZSE:000860)",SZSE:000860,Asia / Pacific,46.34745762711864,0.465,1,0.0495,1.2460230389467912,3.775,1093.8
Nestle India Ltd. (BSE:500790),BSE:500790,Asia / Pacific,47.53062330623306,0.145,1,0.529,0.02182589458799918,0,8769.4
Synlait Milk Limited (NZSE:SML),NZSE:SML,Asia / Pacific,48.700873362445414,0.25,1,0.09210000000000002,0.19233355749831874,0,446.1
"Inner Mongolia Yili Industrial Group Co., Ltd (SHSE:600887)",SHSE:600887,Asia / Pacific,51.2120582120582,0.312,1,0.183,0.028058566421737777,0.27899999999999997,14779.8
"Post Holdings, Inc. (NYSE:POST)",NYSE:POST,United States and Canada,52.48327137546468,0.08,0,0.0194,0.6697832554186146,0.07440000000000001,1411.8
"Chuying Agro-pastoral Group Co., Ltd (SZSE:002477)",SZSE:002477,Asia / Pacific,55.15079365079365,0.35,1,0.0728,0.21132537055691467,0.5489999999999999,1389.8
"Sanquan Food Co., Ltd. (SZSE:002216)",SZSE:002216,Asia / Pacific,57.439516129032256,0.248,1,0.0897,0.003376623376623376,0.131,1424.5
Limoneira Company (NasdaqGS:LMNR),NasdaqGS:LMNR,United States and Canada,58.107667210440454,0.35,0,0.0819,0.2624929814710837,0.34299999999999997,356.2
"Yantai Shuangta Food Co.,Ltd (SZSE:002481)",SZSE:002481,Asia / Pacific,60.943089430894304,0.005,1,0.0859,0.09471718249733191,0.19899999999999998,749.6
Jonjee Hi-Tech Industrial & Commercial Holding Co  Ltd (SHSE:600872),SHSE:600872,Asia / Pacific,66.30985915492958,0.233,1,0.059699999999999996,0.06676578872840555,0.276,1412.4
"Grupo Bimbo, S.A.B. de C.V. (BMV:BIMBO A)",BMV:BIMBO A,Latin America and Caribbean,66.63941908713693,0.45,1,0.0745,0.20580195640126772,0.245,16060.1
Warrnambool Cheese And Butter Factory Company Holdings Limited (ASX:WCB),ASX:WCB,Asia / Pacific,68.68804664723032,0.532,1,0.0464,0.15407470288624786,0.8029999999999999,471.2
Pinnacle Foods Inc. (NYSE:PF),NYSE:PF,United States and Canada,70.19139784946236,0.115,0,0.0393,0.8005147216520114,0,3263.9
"Annie's, Inc. (NYSE:BNNY)",NYSE:BNNY,United States and Canada,72.94736842105263,0.225,0,0.166,0.008429533429533429,0,831.6
"Bright Dairy & Food Co., Ltd (SHSE:600597)",SHSE:600597,Asia / Pacific,73.80169491525425,0.449,1,NA,0.059986679833727574,0,4354.3
"Yuan Longping High-tech Agriculture Co.,Ltd. (SZSE:000998)",SZSE:000998,Asia / Pacific,87.55721393034825,0.75,1,0.14300000000000002,0.07614068981192113,0.986,1759.9
A2 Corporation Limited (NZSE:ATM),NZSE:ATM,Asia / Pacific,120.50156739811912,0.509,1,0.08470000000000001,0,0,384.4
"Boulder Brands, Inc. (NasdaqGS:BDBD)",NasdaqGS:BDBD,United States and Canada,134.44915254237287,0.2,0,0.021,0.24761004307175122,0,951.9
"Winall Hi-tech Seed Co., Ltd. (SZSE:300087)",SZSE:300087,Asia / Pacific,138.1451612903226,0.25,1,0.025,0.012200817279626386,2.161,171.3
"Lontrue Co., Ltd. (SZSE:300175)",SZSE:300175,Asia / Pacific,179.68181818181816,0.87,1,0.0187,0.037439919048823676,0.0291,395.3
RCL Foods Limited (JSE:RCL),JSE:RCL,Africa / Middle East,406.7041198501873,1.195,1,-0.00179,0.5463670687908646,3.562,1085.9
,,,PE ratio,,,,,,
,,,0,,,,,,
,,,8,,,,,,
,,,12,,,,,,
,,,16,,,,,Region,Dummy
,,,20,,,,,Africa / Middle East,1
,,,24,,,,,Asia / Pacific,1
,,,28,,,,,Europe,0
,,,32,,,,,Latin America and Caribbean,1
,,,36,,,,,United States and Canada,0
,,,40,,,,,,
,,,50,,,,,,
,,,60,,,,,,
