Company Name/ Symbol,Company Details,Market Data,Ownership Details,Risk measures (market-based),Shares Outstanding & Trading Data,Estimates for future earnings & growth,Historical/Past growth,Income Statement/ Flow Numbers (Last Twelve Months),Balance Sheet (Most recent quarter),Capital Invested (Four quarters prior),R&D Expenses (Current & Last 5 years),Earnings & Dividends Per Share,Lease Commitments (Current year & Expected Future commitments),Cash Flow Numbers (Last Twelve Months),Last fiscal year numbers,Corporate Governance
Company Name,Year Founded,"Market Capitalization [Latest] ($USDmm, Historical rate)",Institutions - % Owned [Latest] (%),2 Year Beta [Latest],Shares Outstanding [Latest] (mm),Forward Revenues (Expected revenues in next 4 quarters),"Net Income, 10 Yr CAGR % [LTM] (%)","Total Revenue [LTM] ($USDmm, Historical rate)","Cash And Equivalents [Latest Quarter] ($USDmm, Historical rate)","Total Debt [Latest Quarter - 4] ($USDmm, Historical rate)","R&D Exp. [LTM] ($USDmm, Historical rate)","Basic EPS  [LTM] ($USD, Historical rate)","Operating Lease Commitment Due, After 5 Yrs [Latest Annual] ($USDmm, Historical rate)","Change in Net Working Capital [LTM] ($USDmm, Historical rate)","Total Revenue [Latest Annual] ($USDmm, Historical rate)",% of Directors that are Internal
Wal-Mart Stores Inc. (NYSE:WMT),1945,249987.7,0.3038,0.442,3244.1,487892.5,0.071,473002,9016,55347,0,5.15,9373,2021,469162,5.56
China Petroleum & Chemical Corp. (SEHK:386),2000,87614.8,0.1389,0.508,116565.3,507733.4,0.124,464439.1,1821.8,47785.1,1020.6,0.099,52337.3,-2029.6,446879.8,33.33
Exxon Mobil Corporation (NYSE:XOM),1870,391437.1,0.6479,0.935,4401.6,441618,0.0718,399712,4609,15581,1042,7.95,1467,5845,428376,7.14
BP plc (LSE:BP.),1889,143484.5,0.7418,0.669,18740.1,347643.7,0.109,374545,28313,47662,674,1.38,4195,-1456,375580,21.43
PetroChina Co. Ltd. (SEHK:857),1988,231299.3,0.057300000000000004,0.785,183021,388567.6,0.059800000000000006,366274.5,25730.5,68450.1,2677.9,0.106,12367.9,274.8,352188.4,35.71
Toyota Motor Corporation (TSE:7203),1933,205438,0.2672,0.85,3169,261615.7,0.054299999999999994,229915.2,16362.4,146711.2,8136,3.93,228.2,10236.3,234239.5,40
Samsung Electronics Co. Ltd. (KOSE:A005930),1938,184931.6,0.6124,0.816,130.9,230033,0.09449999999999999,209641.3,48985.1,13785.7,12535.6,190.6,0,9306.4,189082.6,40
Chevron Corporation (NYSE:CVX),1879,234740.9,0.6406000000000001,1.17,1932,261404.1,0.212,213082,20630,10231,648,12.4,617,60,222580,25
Phillips 66 (NYSE:PSX),1875,39191.5,0.6915,1.24,611,185966.5,0,171757,0,7978,76,5.81,381,0,166169,12.5
Apple Inc. (NasdaqGS:AAPL),1977,464603.6,0.6108,0.938,899.2,184316.7,0,169404,11248,0,4213,40.4,1801,-2004,156508,12.5
Eni SpA (BIT:ENI),1953,90165.5,0.314,0.985,3622.8,162915.6,0.0060999999999999995,160508.3,10204.7,40507.1,282.1,2.07,738.3,-15860.9,168473.9,15
Daimler AG (XTRA:DAI),1886,87858.2,0.3179,1.38,1069.6,169422.5,0,156625.8,13347.8,97846.3,6809.2,9.3,1011.3,1131.5,150698.1,3.45
General Motors Company (NYSE:GM),1908,49915.3,0.7767000000000001,1.42,1384.2,161659.5,0,152842,17940,14793,7368,3.09,595,11896,152256,14.29
Ford Motor Co. (NYSE:F),1903,69377.6,0.528,1.52,3939.7,144678,0.17300000000000001,146352,0,100971,5500,1.46,196,0,134252,25
General Electric Company (NYSE:GE),1892,266916.9,0.5504,1.16,10183.8,149957.9,0.00232,144912,10300,431475,5200,1.35,929,147356,146785,10
Valero Energy Corporation (NYSE:VLO),1955,21799.6,0.8315,1.42,542.1,123621.2,0.21,135965,2398,7042,0,5.11,350,116,138286,8.33
"AT&T, Inc. (NYSE:T)",1983,191505.6,0.5384,0.696,5280,130344.4,-0.0282,128167,1371,63747,1278,1.37,11755,-611,127434,7.14
McKesson Corporation (NYSE:MCK),1833,35805.1,0.8617,0.67,229.7,142494.9,0.0828,127163,2960,3581,546,6,202,541,122455,11.11
"Hon Hai Precision Industry Co., Ltd. (TSEC:2317)",1974,33464.7,0.2324,0.738,13127.3,130050.7,0.174,123745.6,20059,20531.7,1530.1,0.257,8.81,-160.1,134326,57.14
CVS Caremark Corporation (NYSE:CVS),1892,76748.9,0.857,0.678,1227,128936.5,0.187,123632,1174,9413,0,3.39,17436,1478,123133,10
UnitedHealth Group Incorporated (NYSE:UNH),1974,69216.9,0.8748,0.723,1016.7,132241.6,0.124,120141,8286,12998,0,5.39,556,1259,110618,25
Verizon Communications Inc. (NYSE:VZ),1983,146206.9,0.5571,0.687,2861.8,124464.7,-0.107,119530,56710,52802,0,0.768,4119,-644,115846,7.69
"JX Holdings, Inc. (TSE:5020)",1888,12450.4,0.3171,0.899,2486.6,121512.2,0,115293,2323.4,0,233.3,0.924,382.1,2396.7,119109,25
Fiat S.p.A. (BIT:F),1899,9743.4,0.1937,1.58,1216.1,124167.8,0,109579.5,22940.5,36647,2573.9,0.364,292.7,-811.2,110695.5,11.76
Nippon Telegraph and Telephone Corporation (TSE:9432),1952,60831.1,0.1417,0.249,1165.2,109742.8,0.0336,108155.8,8773.5,55152.9,3931.6,4.48,180.6,2642.2,113602,52.94
Express Scripts Holding Company (NasdaqGS:ESRX),1986,49862.9,0.866,1.18,805.8,102289.4,0.22699999999999998,105826.3,1722.3,17124.9,137.6,2.27,29.1,-462.5,93858.1,8.33
Costco Wholesale Corporation (NasdaqGS:COST),1976,51884.5,0.7552,0.823,436.9,113982.1,0.11,105156,4644,1381,0,4.68,1753,51,105156,35.71
"Honda Motor Co., Ltd. (TSE:7267)",1946,72725.9,0.40369999999999995,1.07,1802.3,125036.6,-0.0161,103543.1,11478.7,49907.3,5803.1,2,0,5078.5,104867,75
International Business Machines Corporation (NYSE:IBM),1910,197755.7,0.5916,0.855,1085.9,100734.1,0.106,101356,10072,33667,6241,14.6,747,110,104507,4.55
Siemens Aktiengesellschaft (DB:SIE),1847,108811,0.3004,0.804,842.7,106747.4,0.10300000000000001,100044.2,7892.1,25949.2,5489.8,7.21,988.9,1306.5,100553.5,8.33
BASF SE (DB:BAS),1865,95931.3,0.30870000000000003,1.18,918.5,97938.2,0.172,99891.7,0,16374.5,2420,6.9,382.4,0,95100.5,6.67
Nestlé S.A. (SWX:NESN),1866,233611.2,0.2492,0.305,3190,106920.6,0.087,99988.4,4090.2,26203.9,1661,3.57,728.5,-1602.9,100841,6.67
Electricite de France SA (ENXTPA:EDF),1946,66255.9,0.047599999999999996,1.09,1857.8,104390.3,0,99542.4,7884.3,76123.5,685.1,2.41,2461.6,-5898,95891.6,5.56
Carrefour SA (ENXTPA:CA),1959,26887.4,0.3874,1.29,717.8,105703.1,0.041100000000000005,99313.6,4984.1,21645.4,0,3.99,995.5,137.8,101031.1,6.67
Bayerische Motoren Werke Aktiengesellschaft (DB:BMW),1916,72585.5,0.2687,1.27,656,110391.9,0.109,99383.8,8700.7,88030.7,5128.4,10.2,771.3,-700.7,101322.4,9.52
The Kroger Co. (NYSE:KR),1883,22534,0.8018000000000001,0.802,520.4,101173.8,0.0296,98725,440,8165,0,3.03,2025,-553,96751,14.29
Nissan Motor Co. Ltd. (TSE:7201),1933,43295.8,0.203,0.8,4191.4,106375.9,-0.028300000000000002,98001.4,6137.7,49944,4734.9,0.847,522.3,11119.4,102230.2,50
China Mobile Limited (SEHK:941),1997,211558,0.10779999999999999,0.308,20102.1,105162.8,0.142,95902.1,10747.5,4512.9,0,1.05,896.6,-2721.7,89906.3,63.64
Hitachi Ltd. (TSE:6501),1910,32936.9,0.2724,1.01,4830.5,94182,0.205,93306.7,6612.2,30231.5,3478.1,0,532,3638.3,95982.5,45
PTT Public Company Limited (SET:PTT),1978,28604.4,0.34,0.47,2856.3,93533.5,0.13699999999999998,89588.8,3546.3,13935.4,0,1.2,149.7,-354.1,91286.8,6.67
The Boeing Company (NYSE:BA),1916,97433.5,0.7576,1.11,751.5,91264,0.37799999999999995,85140,10041,11186,2976,5.69,644,-1748,81698,18.18
The Procter & Gamble Company (NYSE:PG),1837,224145.3,0.5949,0.555,2718.2,86684.9,0.0771,84633,6122,31877,2023,4.12,519,-535,84167,9.09
China Railway Group Limited (SHSE:601390),1950,10402.9,0.13119999999999998,0.432,21299.9,98269.7,0,83833.3,13403.7,23696.6,1161.6,0.065,4.01,2120,74699.6,44.44
Microsoft Corporation (NasdaqGS:MSFT),1975,296519.8,0.7358,0.87,8348,86463.6,0.10800000000000001,80370,4023,12374,10718,2.71,605,-451,77849,22.22
"The Home Depot, Inc. (NYSE:HD)",1978,111014.3,0.7306999999999999,0.985,1432.4,80391.4,0.026699999999999998,78022,3419,10805,0,3.4,4560,-432,74754,9.09
"Repsol, S.A. (CATS:REP)",1986,33185.8,0.4232,1.12,1237.7,81053.3,0.0059,77170,10000.6,27253.6,107.9,2.02,1686.3,-1458.6,77690,12.5
European Aeronautic Defence and Space Company EADS N.V. (ENXTPA:EAD),0,52881.8,0.341,0.469,780,83840.6,0,75239.5,6692.2,6713.6,4388.7,2.25,486.5,3353.9,74467.7,8.33
Target Corp. (NYSE:TGT),1902,40594,0.8726,0.587,631.1,76082.9,0.049400000000000006,73478,1018,18583,0,4.2,3195,-5315,73301,7.69
Reliance Industries Limited (BSE:500325),0,47238.6,0.2607,0.867,3230.9,65093.7,0.18,73130.5,0,0,0,1.3,0,-1455.4,73130.5,38.46
Walgreen Co. (NYSE:WAG),1901,56568.6,0.6367,0.723,946.6,75589,0.07719999999999999,72217,2106,5392,100,2.59,23507,-581,72217,6.67
Deutsche Post AG (XTRA:DPW),0,41255.9,0.469,0.809,1209,79819.2,0.048499999999999995,72465.4,2447.8,4701.8,0,1.99,2287.6,1185.6,73528.9,0
Johnson & Johnson (NYSE:JNJ),1886,262475.4,0.6663,0.596,2818.1,73061.4,0.067,70515,0,17434,8103,4.59,128,0,67224,6.67
Amazon.com Inc. (NasdaqGS:AMZN),1994,166020.1,0.6744,1.34,457.7,85895.6,0,70133,3872,0,1811,0.289,2688,-1755,61093,11.11
WellPoint Inc. (NYSE:WLP),1944,24974.6,0.8847,0.802,295.4,73158.2,0.14300000000000002,68988.7,2185.7,14288.9,0,9.32,270.2,-1451.7,61711.7,11.11
Vodafone Group Public Limited Company (LSE:VOD),1984,175848.6,0.8275,0.35,48461.3,70094,0,67489.2,11575.4,55361,466.2,0.014,3759.8,-3333.1,67489.2,21.43
Unilever plc (LSE:ULVR),1885,115986.8,0.3771,0.497,2838.9,69789.6,0.0795,66852.1,4507,17509,1303.9,2.19,723.8,-254.8,67669.6,18.75
"Pepsico, Inc. (NYSE:PEP)",1898,131107.5,0.6945999999999999,0.425,1533.6,68204.1,0.0782,66251,9204,27943,552,4.31,620,-1390,65492,14.29
BHP Billiton Limited (ASX:BHP),1860,190236.4,0.09630000000000001,0.736,5322.5,68374.2,0.191,66003,6060,28592,64,2.04,1563,1608,66003,14.29
BHP Billiton plc (LSE:BLT),1996,166329.5,0.2782,1.16,5322.3,68774.6,0.191,66003,6060,28592,64,2.04,1563,1608,66003,7.69
Comcast Corporation (NasdaqGS:CMCS.A),1963,124617.7,0.8327,1.04,2624.9,67523.5,0.0863,63668,1603,38590,0,2.44,1218,-1887,62570,26.67
Rallye Société Anonyme (ENXTPA:RAL),1925,2060.6,0.1852,1.15,48.1,70508.2,0.223,63788.1,5367.6,16881.5,0,14.2,936.1,-1344.2,56250.2,18.18
"Casino, Guichard-Perrachon Société Anonyme (ENXTPA:CO)",1898,12919.2,0.18,0.85,112.4,69552.7,0.126,62905.4,4977.6,12619.6,107.9,18.2,904.5,-1158.3,55337.9,23.81
United Technologies Corp. (NYSE:UTX),1934,97649.1,0.8382999999999999,1.14,917.6,65398.2,0.106,62310,4621,28700,4714,7.01,539,-1668,57708,8.33
ConocoPhillips (NYSE:COP),1917,90918.4,0.6614,1.22,1223,55062.2,0.14800000000000002,59585,3909,26961,221,6.05,290,811,60347,11.11
Novartis AG (SWX:NOVN),1895,192006.2,0.39549999999999996,0.314,2435.2,59118.7,0.0682,58480,6363,20840,10311,3.84,2013,-230,57505,12.5
A.P. Møller - Mærsk A/S (CPSE:MAERSK B),1904,41398.6,0.10769999999999999,0.966,4.37,61317.2,0.042199999999999994,57881.3,2422.6,20643.9,0,748.2,7810.9,-1203.3,60447.5,0
Google Inc. (NasdaqGS:GOOG),1998,346194.7,0.7036,0.929,334.1,66012.3,0,57386,13458,7900,7776,37.5,1596,1879,50175,30
Caterpillar Inc. (NYSE:CAT),1925,54445,0.6277,1.34,647.6,54534.5,0.127,57329,4108,39865,2192,5.36,239,-3114,65875,6.67
The Dow Chemical Company (NYSE:DOW),1897,47859.7,0.6925,1.54,1212.9,58915,0,56611,5102,20409,1733,2.33,1322,-129,56786,18.18
Pfizer Inc. (NYSE:PFE),1849,206884.4,0.7523000000000001,0.676,6620.3,49779.7,0.154,56556,2436,38591,7536,3.64,618,-1914,58986,7.14
Compagnie de Saint-Gobain (ENXTPA:SGO),1665,30079.9,0.2896,1.47,565.7,58307.7,-0.0455,55091.3,4010.4,16880.3,591.5,1.57,936.1,488.8,56955.6,11.11
"United Parcel Service, Inc. (NYSE:UPS)",1907,92241.9,0.5489999999999999,0.743,938.3,57660.6,-0.0851,55033,0,15068,0,1.54,358,0,54127,7.69
Orange (ENXTPA:ORA),1990,37531.6,0.364,0.91,2633.5,55890.5,0,54956.1,7533.3,50221.2,0,0.074,3499.2,-391.3,57373.6,11.76
Wesfarmers Limited (ASX:WES),1914,46464.6,0.1739,0.389,1157.2,59491.2,0.154,54773.7,1220.3,5852.9,0,1.79,5889.1,-777.2,54773.7,16.67
Woolworths Limited (ASX:WOW),1924,41472.4,0.1432,0.123,1254.2,57913.1,0.133,53713.6,777.4,5166.8,0,1.67,0,387.4,53713.6,20
POSCO (KOSE:A005490),1968,23102.8,0.59,0.859,77.2,61811,0.00402,53264.6,4341.4,23498.6,513.8,20.9,0,-2631.8,59802.2,41.67
Renault Société Anonym (ENXTPA:RNO),1898,23955.9,0.34590000000000004,1.6,272.2,57952.7,-0.0716,53007.5,13410.5,40848.1,2865.1,5.09,208.3,-3246,54413.6,17.24
Intel Corporation (NasdaqGS:INTC),1968,121903.8,0.6376,0.988,4971,53237.6,0.0768,52351,4881,7248,10414,1.91,210,-2015,53341,10
Bayer AG (DB:BAYN),1863,105009.2,0.5019,0.907,826.9,57617.9,0.11800000000000001,52214.5,2251.5,12556.3,3979.2,4.6,96.2,80.6,52422.7,4.17
VINCI S.A. (ENXTPA:DG),1899,36353.9,0.3914,1.21,558.6,55564.7,0.142,52053.9,7204.4,25966.7,0,4.54,271.5,221,51923.7,44.83
Lowe's Companies Inc. (NYSE:LOW),1946,53231,0.7857,0.879,1051.8,54313.4,0.026000000000000002,51919,1085,9602,0,1.96,3478,-529,50521,9.09
Mitsui & Co. Ltd. (TSE:8031),1947,26356.9,0.2887,0.951,1825.1,114534.7,0.263,51865.9,13613.2,44071.3,0,1.82,270.6,2525.9,52143,52.38
Roche Holding AG (SWX:ROG),1896,235038.8,0.3143,0.479,847.1,54284.5,0,51131.6,3767.9,28017.8,9646.9,14,162.7,354,51820.8,20
China Communications Construction Company Limited (SEHK:1800),2006,11565.1,0.1794,0.938,16174.7,56788.3,0,50719.5,10451.1,20787.2,366.3,0.128,73,2097.3,47378,37.5
Saudi Basic Industries Corporation (SASE:2010),1976,79193.6,0.00027,0.295,3000,52750.7,0.172,49565.1,14050.9,28196.4,371.2,2.21,0,-1213.3,50400.1,11.11
China Telecom Corp. Ltd. (SEHK:728),2002,42691.6,0.1056,0.686,80932,56133.9,0.013000000000000001,49261.2,3253.2,7404.9,99,0.033,238.9,-3428.7,45413,53.85
"Cisco Systems, Inc. (NasdaqGS:CSCO)",1984,122900.4,0.7434999999999999,1.12,5384.5,50870.9,0.10800000000000001,48607,7925,16328,5942,1.87,183,485,48607,22.22
The Coca-Cola Company (NYSE:KO),1886,175753.7,0.6115999999999999,0.664,4415.9,48036,0.0723,47269,11118,32741,0,1.96,267,-1107,48017,13.64
Denso Corp. (TSE:6902),1949,39014.8,0.1912,0.936,796.2,42036.4,0.0966,37242.1,6775.6,6530.8,3380.1,2.76,25.5,778.9,38016.1,76
China Unicom (Hong Kong) Limited (SEHK:762),2000,37604.8,0.0823,0.641,23743.6,51950.9,0.0716,46379.7,3098.9,18063.9,0,0.069,119.5,-1535.5,39934.9,36.36
Lockheed Martin Corporation (NYSE:LMT),1909,42571.7,0.7313,0.69,318.5,44066.3,0.23800000000000002,45924,2661,6524,833,9.52,200,544,47182,16.67
"NTT DOCOMO, Inc. (TSE:9437)",1991,65454.6,0.0754,0.355,4146.8,47161.8,-0.0101,45468,4892,3260.6,1134.1,1.25,188.1,1308.4,47456,41.94
Merck & Co. Inc. (NYSE:MRK),1891,133384.2,0.7552,0.628,2926.4,43852.5,-0.0352,44907,15090,18979,7822,1.7,145,878,47267,8.33
Schlumberger Limited (NYSE:SLB),1926,123793.8,0.774,1.47,1317,49150.7,0,44861,3149,11189,1189,4.85,519,-44,42149,9.09
Wilmar International Limited (SGX:F34),1991,18052.9,0.1108,0.31,6397.8,47511.8,0,44599.5,10370.3,19535.7,0,0.221,28.6,-119.1,45463.4,30
FedEx Corporation (NYSE:FDX),1971,42157.7,0.7811,0.932,316.6,46228.1,0.0712,44519,5096,2359,0,5.04,6650,-314,44287,8.33
Sanofi (ENXTPA:SAN),1970,138038.6,0.4385,0.665,1326.9,47964,0.06309999999999999,44388.7,5435.2,20513.4,6312.6,3.4,605.2,387.4,47408.5,16.67
The Walt Disney Company (NYSE:DIS),1923,123121.6,0.6493000000000001,1.17,1786.4,47111.5,0.193,44255,3932,15023,0,3.34,791,-681,42278,14.29
LyondellBasell Industries NV (NYSE:LYB),2005,42827.3,0.7837000000000001,1.61,566.8,44867.1,0,44142,3233,4353,167,5.76,227,-1342,45352,0
Enterprise Products Partners L.P. (NYSE:EPD),1968,57421.6,0.2802,0.687,911.7,49188,0.314,44073.2,45.3,15296.9,0,2.86,154,834.3,42583.1,21.43
CNOOC Ltd. (SEHK:883),0,90866.2,0.1564,0.847,44647.5,46592.5,0.187,43695.4,3500,8651,231.2,0.241,188.2,-4717.7,39726.5,21.43
SSE plc (LSE:SSE),0,22185,0.5985,0.288,960.1,52774,0.009260000000000001,42980.2,818,9987.4,0,0.679,0,-491.2,42980.2,22.22
China United Network Communications Limited (SHSE:600050),2001,11726.8,0.08460000000000001,0.268,21196.6,48652.6,0.016200000000000003,42793.2,2299.2,17084.7,41.1,0.02,0,-1419.8,41112.2,12.5
GlaxoSmithKline plc (LSE:GSK),1935,125998.3,0.7778,0.28,4798.7,43523.7,-0.0174,42744.3,5265.1,28190.2,6453.5,1.3,671.3,9.71,42959.8,25
Continental AG (DB:CON),1871,36131.1,0.2825,1.26,200,48088.5,0.228,42644.5,2052.5,11099.6,2408.4,13.1,170,172.4,43162,0
Imperial Tobacco Group plc (LSE:IMT),1901,36243.1,0.8748999999999999,0.307,969.3,12885.4,0.0582,42499.4,985.5,17542.2,0,0.735,25.8,1993.8,46068.5,25
Johnson Controls Inc. (NYSE:JCI),1885,30821.4,0.8083,1.55,684.2,44064.2,0.0501,42075,391,6659,1025,1.56,87,-265,41955,18.18
ABB Ltd. (SWX:ABBN),1883,58602.1,0.32780000000000004,0.961,2296.8,43461.5,0,41496,4296,9078,1562,1.25,295,669,39336,0
AB Volvo (OM:VOLV B),1915,26955.9,0.5414,1.2,2027.7,43588.3,0.015,40674.2,3375.2,20086.9,2555.2,0.279,77.6,664.9,46633.9,12.5
Aetna Inc. (NYSE:AET),1853,22605.1,0.9113,0.794,372.1,54859.2,0.0993,39919.3,2256.8,4706.3,0,5.07,52,36,36595.9,8.7
"Plains All American Pipeline, L.P. (NYSE:PAA)",1998,17788,0.5023,0.56,342.7,41100.8,0.314,39708,16,6967,0,2.83,343,-115,37797,12.5
Jardine Matheson Holdings Limited (SGX:J36),1832,37343.6,0.1721,0.176,681.5,42788.4,0,39420,4608,11265,0,4.62,1234,578,39593,71.43
Christian Dior SA (ENXTPA:CDI),1946,34463.1,0.1128,0.978,179.1,46052.8,0,39350.8,2535.1,11477.8,92.2,10.5,2087.3,1054.8,39350.8,18.18
Centrica plc (LSE:CNA),0,29562.6,0.8059999999999999,0.363,5111.4,43562.5,0.07980000000000001,38933,1215.9,8987.5,0,0.327,737.9,-94.2,38914.3,38.46
KDDI Corporation (TSE:9433),1953,44827.8,0.2821,0.265,826.4,43593.9,0.11,38320.3,1796.9,5492.9,291,4.55,0,1444.9,38879.9,52.94
Honeywell International Inc. (NYSE:HON),1920,68627.5,0.7612000000000001,1.14,784.7,40667.1,0,38249,5499,7989,2682,4.1,312,81,37665,8.33
Deere & Company (NYSE:DE),1837,31642.2,0.6713,0.926,382.8,35104.1,0.182,38136.5,2688.3,31383.2,1473.4,8.8,57,1914.9,36157.1,8.33
Hess Corporation (NYSE:HES),1920,28275.1,0.7996,1.64,338.6,10553.4,0.32899999999999996,38835,321,7841,0,10.3,1060,2402,37691,7.14
LVMH Moet Hennessy Louis Vuitton SA (ENXTPA:MC),0,96514.6,0.19190000000000002,0.978,500.9,42708.2,0.185,37480.7,2454.3,10697.9,92.3,8.63,2045,1158.3,37053.2,48.28
Oracle Corporation (NYSE:ORCL),1977,153631.9,0.6126,1.08,4557.5,38819.9,0.165,37371,19664,14771,6012,2.36,238,-533,37180,33.33
Canon Inc. (TSE:7751),1933,36102.4,0.49439999999999995,0.652,1137,39243.3,-0.013600000000000001,37176,6527.3,56.9,3089.7,2.01,0,1317.4,40231.1,80.77
"Energy Transfer Equity, L.P. (NYSE:ETE)",2002,19321.4,0.5408,0.909,280.7,47804,0,36659,621,18393.2,0,1.08,462,560,16964,62.5
Suncor Energy Inc. (TSX:SU),1953,54240.4,0.6213000000000001,1.9,1493.2,41590.9,0.11699999999999999,36509.6,4298.5,10578.3,0,1.74,8202.7,-305.5,38332.6,33.33
SoftBank Corp. (TSE:9984),1981,91194,0.3234,0.464,1191.6,69397.2,0,35603.7,20860.7,27449.1,7.85,3.72,432.3,1076.9,35865.7,45.45
Ecopetrol SA (BVC:ECOPETROL),1948,99449.2,0.0222,0.373,41116.7,34211.6,0,35604.5,3499.1,6021.5,0,0,0,-295,38954.5,25
Sistema JSFC (MICEX:AFKS),1993,10371,0.1446,0.601,9234.6,35434.3,0.22699999999999998,35320.5,3865.9,15662.7,0,0.174,859.7,-942.4,34240.7,21.43
E. I. du Pont de Nemours and Company (NYSE:DD),1802,56936.8,0.6629999999999999,1.08,926.1,37507.6,0.214,35547,7005,15066,2108,5.15,290,-1077,35043,20
"JFE Holdings, Inc. (TSE:5411)",0,13331,0.29719999999999996,1.32,577.1,38713.8,0.0707,35288.7,679.3,19335.6,0,1.52,192.5,1115.9,33857.4,40
"Mondelez International, Inc. (NasdaqGS:MDLZ)",2000,60364.6,0.758,0.519,1780.7,36525.1,-0.0409,35160,2476,30742,462,1.33,131,-675,35015,9.09
"HCA Holdings, Inc. (NYSE:HCA)",1968,21170.5,0.6439,0.726,447.2,38558.3,0.059699999999999996,33386,462,27481,0,3.25,0,344,33013,17.65
Koninklijke Philips N.V (ENXTAM:PHIA),1891,32502.8,0.5036,0.948,915.1,33367.1,0,33335.6,2754,6031,2369.5,0.89,494.4,514.5,32682.4,6.67
Jardine Strategic Holdings Ltd. (SGX:J37),0,20576.7,0.0859,0.318,608.1,35023,0,33069,4313,10584,0,3.01,985,817,33098,50
Gas Natural SDG SA (CATS:GAS),1843,24094.1,0.43170000000000003,1.06,1000.7,34564.4,0.102,32967.2,7483.9,26962,0,1.89,557.7,-286,32835.4,11.76
Bridgestone Corp. (TSE:5108),1931,26771,0.3784,0.705,782.9,37319.6,0.15,32807.3,2005,8301,857.7,2.75,1697.7,146,35143.5,50
Hutchison Whampoa Limited (SEHK:13),1977,53638.8,0.13369999999999999,0.736,4263.4,34741.8,0.0698,32313.2,12518.6,32481.1,0,0.86,5957.4,474.2,31363.4,43.75
"Philip Morris International, Inc. (NYSE:PM)",1987,146252,0.7034,0.758,1618.5,31950.3,0,31317,3382,22436,415,5.27,226,566,31377,15.38
Schneider Electric S.A. (ENXTPA:SU),1836,46781.8,0.623,1.48,552.9,34523.3,0.152,31157.6,3555.4,10794.2,1116.7,4.27,282.2,-195,31572.3,6.67
DIRECTV (NasdaqGS:DTV),1990,34443.9,0.8553000000000001,0.802,549,32441.1,0.45,30750,2365,16010,0,4.86,536,118,29740,8.33
3M Company (NYSE:MMM),1902,84347.3,0.7165,0.864,673.3,32245.5,0.0708,30689,2340,6358,1695,6.61,119,389,29904,8.33
Oil and Natural Gas Corp. Ltd. (BSE:500312),1993,40226.4,0.12380000000000001,0.751,8555.5,16403.3,0.0875,29911.3,0,0,110.5,0.521,0,1268.2,29911.3,33.33
Imperial Oil Ltd. (TSX:IMO),1880,37246.3,0.1574,1.25,847.6,36026,0.057300000000000004,29094.9,514.3,1181.4,189.8,3.63,25.1,513.4,29811.9,14.29
Formosa Petrochemical Corp. (TSEC:6505),1992,26226.8,0.027000000000000003,0.734,9526,31317.8,0,30163.8,1975.2,6501.1,5.28,0.077,0,729.1,30763.3,37.5
L'Oreal SA (ENXTPA:OR),1909,105655,0.12240000000000001,0.516,597.1,32941.9,0.0816,29883.1,1617.8,1564.7,1071.6,6.41,336.2,233,29616.6,6.67
Mitsubishi Heavy Industries Ltd. (TSE:7011),1884,21409.4,0.3502,0.824,3355.2,34403,0.12300000000000001,29383.9,2540.3,14985.1,584.3,0.277,0,177.7,29915.5,62.5
Time Warner Inc. (NYSE:TWX),1985,64464.8,0.8502,0.909,920,30193,0,29380,2063,19878,0,3.77,360,524,28729,9.09
Halliburton Company (NYSE:HAL),1919,45168,0.8583,1.68,848.2,31583.3,0,29053,1491,4820,460,2.18,164,361,28503,9.09
International Paper Company (NYSE:IP),1898,19845.2,0.8656999999999999,1.25,446,29496.5,0.254,28906,1946,12498,13,2.71,141,-219,27833,10
Accenture plc (NYSE:ACN),0,47642.8,0.8469,1.07,636,29685.9,0.207,28562.8,5631.9,0.033,0,5.08,0,212.8,28562.8,5.88
McDonald's Corp. (NYSE:MCD),1940,96016,0.6468,0.596,999.6,29100.5,0.187,27964.6,0,13264.1,0,5.59,6844.2,0,27567,13.33
Danone (ENXTPA:BN),1899,44904.4,0.4976,0.449,586.1,30430,-0.0269,27886.9,1526.2,12423.1,352.3,3.85,283.5,-318.5,27515.3,33.33
"Twenty-First Century Fox, Inc. (NasdaqGS:FOXA)",0,79353.6,0.655,1.11,2284.5,30535.5,0.24100000000000002,27675,6659,15455,0,3.04,1502,132,27675,35.29
BT Group plc (LSE:BT.A),2001,46855.6,0.6758,0.501,7910.5,28988.8,-0.030699999999999998,27299.9,536.5,19440,1287.3,0.392,8028.2,270.5,27358.6,36.36
Enbridge Inc. (TSX:ENB),1949,35281.7,0.6487999999999999,0.51,825.7,27584.8,0.0246,27355.6,1022,20403.7,0,0.761,137.4,-212.6,25388.5,8.33
East Japan Railway Company (TSE:9020),1987,34508.9,0.2991,0.355,393.4,19772.3,0.0796,27012.1,803.9,31019.2,162.6,4.84,391,11.7,28364.8,66.67
"The TJX Companies, Inc. (NYSE:TJX)",1956,42942.8,0.9247,0.802,715.2,28388.1,0.14,26766.8,1858.8,786.2,0,2.77,1966.5,87.1,25878.4,9.09
Compass Group PLC (LSE:CPG),1941,25874.8,0.867,0.492,1800,28903.8,0.102,26055.7,1023.5,3351.7,0,0.494,227.3,-170.1,27255.1,45.45
Fresenius SE & Co KGaA (DB:FRE),1912,23426.4,0.41490000000000005,0.321,178.8,29595.5,0.203,26052.6,1094.6,15367.9,431.6,6.9,1372.5,445.9,25433.4,0
"Nike, Inc. (NYSE:NKE)",1964,67526.1,0.6820999999999999,0.796,889.6,28161.4,0.132,25810,2936,364,0,3.02,816,114,25313,23.08
BAE Systems plc (LSE:BA.),0,23441.8,0.8387,0.716,3220.2,29878.7,0,25435.1,2916.6,5205.9,1729.6,0.497,1009.3,2471.3,27013.4,35.29
Northrop Grumman Corporation (NYSE:NOC),1939,24043.8,0.946,0.982,222,23612.3,0.0877,24980,4944,3931,520,8.53,129,198,25218,20
Heineken NV (ENXTAM:HEIA),1864,40395.7,0.16399999999999998,0.533,575.1,27426,0.126,24646.1,1021.8,11815.9,0,6.38,228.1,432.9,24237.6,8.33
Heineken Holding NV (ENXTAM:HEIO),1868,18713.2,0.1449,0.572,288,28304.5,0.126,24646.1,1021.8,11815.9,0,6.38,228.1,432.9,24237.6,16.67
Altria Group Inc. (NYSE:MO),1919,74978.2,0.5788,0.584,2003.2,17849.8,-0.053,17719,4211,13878,136,2.56,114,-1067,17500,9.09
Emerson Electric Co. (NYSE:EMR),1890,48152.2,0.7162000000000001,0.982,714.5,24977.1,0.0345,24557,2810,5849,547,2.07,174,-143,24412,16.67
Raytheon Co. (NYSE:RTN),1922,26155.2,0.8159000000000001,0.782,319.5,22966.8,0.35600000000000004,24275,2942,4609,661,5.82,265,70,24414,12.5
Duke Energy Corporation (NYSE:DUK),1916,51263,0.5223,0.531,705.9,25504.4,0.0924,23584,1571,21585,0,2.83,981,613,19158,5.88
Occidental Petroleum Corporation (NYSE:OXY),1920,77740.1,0.7996,1.37,805.8,25082.6,0.11900000000000001,23970,3069,7620,0,5.43,460,320,24172,10
Telstra Corporation Limited (ASX:TLS),1901,60906,0.1268,0.17,12416.2,25196.7,0.010700000000000001,23507.1,2269.4,16323.3,936.5,0.281,1075.7,23.8,23507.1,10
QUALCOMM Incorporated (NasdaqGS:QCOM),1985,118244.3,0.7848999999999999,0.926,1715.4,26843.7,0.247,23255,2533,1354,4732,3.86,69,799,19121,21.43
SABMiller plc (LSE:SAB),1895,84114,0.4031,0.664,1595.9,21125.1,0.272,17458,2171,19279,4,2.06,124,-537,17458,11.76
SAP AG (DB:SAP),1972,94406,0.3982,0.669,1193.5,24514.4,0.106,22646,4405.5,4682.5,3100.8,3.52,208.3,177.3,21389.7,12
EMC Corporation (NYSE:EMC),1979,49392,0.8373999999999999,1.08,2058,24689.2,0.29100000000000004,22569.9,7155,1710.2,3117.6,1.31,695.4,-884.9,21713.9,20
Husky Energy Inc. (TSX:HSE),1982,28047.6,0.1213,1.27,983.3,22015,0.0472,22508.9,1562.1,3946.1,4.86,2.09,1130.7,48.6,22508.2,6.25
"National Oilwell Varco, Inc. (NYSE:NOV)",1862,34987.4,0.8472,1.43,427.7,24082.1,0.41100000000000003,22280,2741,1529,0,5.49,375,559,20041,12.5
Holcim Ltd. (SWX:HOLN),1912,24422.8,0.2762,1.06,325.3,23515.2,0.051699999999999996,22217.4,2790.5,15994.2,34.9,2.61,327.7,-90.9,23531.5,0
Time Warner Cable Inc. (NYSE:TWC),0,33762.3,0.8502,0.864,285.8,22535.1,0,21873,2623,27536,0,7.37,299,-103,21386,15.38
Baker Hughes Incorporated (NYSE:BHI),1972,25999.6,0.9020999999999999,1.51,443.2,24125,0.45,21829,1368,5145,527,2.4,119,-870,21361,8.33
National Grid plc (LSE:NG.),1990,47129.2,0.7464,0.174,3730,23990.6,0.207,21804,1018.9,39107.7,22.8,0.951,505.7,596.8,21804,41.67
Japan Tobacco Inc. (TSE:2914),1985,65662.9,0.2802,0.329,1817.5,24636.6,0.10099999999999999,21724.3,1318.1,6512.6,579,1.92,194.6,731.6,22508.6,38.46
Industria de Diseno Textil SA (CATS:ITX),1963,102496.4,0.1634,0.766,623.3,24993.4,0.177,21715.5,4421,2.33,0,5.04,1022.1,241.4,21658.6,33.33
Union Pacific Corporation (NYSE:UNP),1862,69347.9,0.8181999999999999,1,460.6,23029.2,0.11599999999999999,21583,1366,9486,0,9.12,2126,79,20926,14.29
Kimberly-Clark Corporation (NYSE:KMB),1872,41331.8,0.6890999999999999,0.475,382.1,21572.3,0.0154,21154,1179,6951,356,4.83,124,177,21063,8.33
"EDP-Energias de Portugal, S.A. (ENXTLS:EDP)",1976,13306.8,0.4183,0.858,3627.8,21257.4,0.13699999999999998,21120.7,2249.3,24832.5,0,0.37,1004.8,65.5,21543.7,4.55
Linde Aktiengesellschaft (DB:LIN),1879,37050.4,0.5397,0.602,185.6,24350,0.327,20880.1,1596.4,10716.9,130,9.31,237.3,453.7,20146.4,8.33
Rolls Royce Holdings plc (LSE:RR.),1971,34973.1,0.8606999999999999,0.48,1880.3,25310.7,0.259,20953,3787.5,2213.2,1635.4,0.582,854.9,-507.6,19765.9,16.67
Eaton Corporation plc (NYSE:ETN),1916,33793.8,0.7935,1.38,473.9,23018,0.165,20852,642,4107,605,3.47,85,1179,16311,8.33
Lafarge S.A. (ENXTPA:LG),1833,20204.5,0.2939,1.34,287.3,21707.1,0.0555,20084.5,3417.6,19300.2,0,2.43,371.8,-2433.5,20853.1,3.57
L'Air Liquide SA (ENXTPA:AI),1902,43264.7,0.256,0.652,310.8,22043.8,0.0836,20130.3,1332.1,9071.4,333.8,6.61,175.4,62.1,20384.7,18.18
Freeport-McMoRan Copper & Gold Inc. (NYSE:FCX),1987,39107.3,0.7092,1.73,1037.9,23308.7,0.267,19549,2219,3523,0,2.75,104,-376,18010,13.33
Associated British Foods plc (LSE:ABF),1935,27779,0.3357,0.406,788.9,21829.6,0.061500000000000006,19252.1,327.4,3013.5,105.1,1.16,3183.6,-54.1,19910.6,22.22
"BCE, Inc. (TSX:BCE)",1880,33820.9,0.4265,0.318,775.9,20113.8,-0.0138,19033.8,2095.2,15314.6,0,3.06,490.6,-165.1,20040.1,6.67
AbbVie Inc. (NYSE:ABBV),2012,78938.5,0.6734,1.28,1585.4,18700.3,0,18885,0,0,2738,2.85,0,0,18380,11.11
Komatsu Ltd. (TSE:6301),1884,20874.8,0.4728,1.25,953.1,19671.1,0.359,18844.3,942.7,8225.8,612.5,1.39,92.2,1783.1,20011.6,33.33
Danaher Corp. (NYSE:DHR),1969,50574.9,0.7848,1.02,697.2,19781,0.17,18826.5,1995.6,4714.2,1212.4,3.65,99,318.2,18260.4,10
H & M Hennes & Mauritz AB (publ) (OM:HM B),1947,72698.3,0.2677,0.791,1655.1,21940,0.10099999999999999,18782.5,1651.5,0,0,1.53,2619.4,51.3,18143.7,0
Astra International tbk PT (JKSE:ASII),1957,25419.6,0.2444,0.747,40483.6,18850,0.191,18782.2,1462.2,5677.7,0,0.046,0,551.8,19513.7,0
BG Group plc (LSE:BG.),1997,68216.1,0.6981,0.819,3408.9,20735.8,0.198,18724,4705,15631,52,1.54,4106,-1991,18933,23.08
Taiwan Semiconductor Manufacturing Company Limited (TSEC:2330),1987,96942.2,0.5615,0.557,25928,21899.7,0,18680.5,7518.7,2283.7,1457.2,0.234,145.2,33.6,17412.4,20
Safran SA (ENXTPA:SAF),0,26963.6,0.3136,0.615,416.4,21117.9,0.31,18711.7,2161.8,4793.1,1588.6,4.54,46.1,846.3,18202.9,42.86
"Kraft Foods Group, Inc. (NasdaqGS:KRFT)",1980,33226.4,0.7221,0.953,595.6,18771.8,0,18381,1164,5995,178,3.1,90,-665,18339,18.18
Sasol Ltd. (JSE:SOL),1950,32990.6,0.36979999999999996,0.319,642.8,19628.8,0.136,18256,2545.1,1972.3,136.9,4.37,424.3,448.5,18256,23.08
HeidelbergCement AG (DB:HEI),1873,14860.9,0.3428,1.45,187.5,19816.4,0.159,18218.3,1850.2,11945.2,116.9,3.49,584,-401.8,18503.1,0
"CenturyLink, Inc. (NYSE:CTL)",1968,20308.9,0.7367,0.543,600.7,17992,0.026600000000000002,18192,214,21585,0,1.74,964,-274,18376,0
"General Mills, Inc. (NYSE:GIS)",1928,32385.5,0.7001999999999999,0.469,634.3,18499.2,0.061900000000000004,18095.8,758.9,8585.2,237.9,2.73,114.5,-54.2,17774.1,7.69
Amgen Inc. (NasdaqGS:AMGN),1980,89189.7,0.8086,0.723,754.1,19303.8,0.0837,18086,22558,26478,3843,6.42,287,1963,17265,7.69
Diageo plc (LSE:DGE),1886,81317.1,0.7691,0.344,2501.9,19388.4,0.478,17376.7,2693.2,13895.4,31.9,1.51,421,790.3,17376.7,30
Colgate-Palmolive Co. (NYSE:CL),1806,61008.3,0.7293000000000001,0.56,925.2,18092.5,0.050499999999999996,17345,721,5246,259,2.43,428,-521,17085,18.18
Cenovus Energy Inc. (TSX:CVE),0,22582.9,0.6644,1.55,755.7,18200.3,0,17141.2,995.4,6608.9,0,0.773,1607.2,128.3,16896.9,11.11
Southern Company (NYSE:SO),1945,37044.7,0.45740000000000003,0.389,873.9,17654,0.00626,16863,0,21755,0,1.85,2453,0,16537,22.73
Telenor ASA (OB:TEL),1885,39658.5,0.3325,0.495,1553,18150.3,0,16683.5,2779.4,8012.5,77.6,1.52,317,-52.2,18270.3,0
"Medtronic, Inc. (NYSE:MDT)",1949,58351.9,0.8062999999999999,0.814,997.5,17056.4,0.0787,16665,828,10871,1532,3.51,27,-328,16590,9.09
Open Joint Stock Company - Magnit (MICEX:MGNT),1994,25347.5,0.3161,0.683,94.5,21976.6,0,16450.3,266.1,1499.2,0,9.91,0,-123.9,14429.7,22.22
PPG Industries Inc. (NYSE:PPG),1883,26565,0.7683,1.11,143.2,15720.5,0.213,16337,0,4001,470,21.8,135,0,15200,15.38
WPP plc (LSE:WPP),1971,28492.5,0.5528,0.882,1339.1,18317,0.282,16305.5,2017.9,6606.4,0,1,1347.4,305.6,16860,15.79
China National Building Material Company Limited (SEHK:3323),0,5152.8,0.28550000000000003,0.809,5399,19648.2,0,16250,1829.3,18846,0,0.152,10.5,812.4,13992.2,61.54
Bristol-Myers Squibb Company (NYSE:BMY),1887,87793.7,0.6788,0.655,1646.5,17087.4,-0.0104,16135,1771,7359,3714,1.68,108,1377,17621,27.27
Central Japan Railway Company (TSE:9022),1987,25776.4,0.2999,0.49,196.8,12923.1,0.149,16115.1,480,22101.5,341.1,11.4,0,-335.1,16830.2,52.63
PACCAR Inc. (NasdaqGS:PCAR),1905,20045.5,0.6039,1.54,354,17016.5,0.0764,16042,1341,7514.9,267.1,2.87,3.2,548.3,17050.5,9.09
Marathon Oil Corporation (NYSE:MRO),1887,25541.1,0.8287,1.6,709.7,16155.7,0.0658,15983,246,5250,0,2.23,49,378,15724,20
TeliaSonera Aktiebolag (publ) (OM:TLSN),0,36805.8,0.2756,0.667,4330.1,15966.6,0.111,15920.3,4236.1,12826.1,59.9,0.707,211.6,-76.3,16110.1,0
Takeda Pharmaceutical Company Limited (TSE:4502),1781,37520.3,0.3005,0.464,789.5,17193.7,-0.125,15812.2,2689.1,6791,3254.2,0.929,255.2,1253.8,16532.4,37.5
eBay Inc. (NasdaqGS:EBAY),1995,69053.9,0.826,1.04,1294.6,17824.1,0.217,15510,5280,4518,1734,2.13,43,359,14072,18.18
Carnival Corporation (NYSE:CCL),1972,27124.6,0.5263,1.03,775.7,15653.1,-0.00658,15376,981,9076,0,1.42,179,193,15382,38.46
Carnival plc (LSE:CCL),1850,27772.5,0.2072,0.641,775.7,15762.1,-0.00658,15376,981,9076,0,1.42,179,193,15382,25
PG&E Corporation (NYSE:PCG),1905,18736.4,0.769,0.493,445.2,16504.4,0,15254,281,13468,0,2.11,206,-174,15040,7.69
"American Electric Power Co., Inc. (NYSE:AEP)",1906,23034.2,0.6420999999999999,0.67,487.3,15382.8,0.419,15197,147,18482,0,2.38,1772,108,14945,7.14
Reckitt Benckiser Group plc (LSE:RB.),1823,55979.9,0.7397,0.245,718.8,16468.1,0.147,15034.6,1200.7,4628.7,259.9,3.62,52,-182.4,15549.8,22.22
Monsanto Company (NYSE:MON),2000,56064.8,0.8721,0.906,525.8,15904.6,0,14861,3528,2074,1533,4.65,127,2,14861,25
Kellogg Company (NYSE:K),1906,23297.6,0.8134999999999999,0.401,362.4,15021.5,0.0222,14858,262,8287,206,2.63,91,-27,14197,8.33
CBS Corporation (NYSE:CBS),1986,37754.8,0.809,1.43,604.8,15270.1,-0.0338,14703,282,6801,0,2.72,891,116,14089,14.29
Merck KGaA (DB:MRK),1668,36499.5,0.212,0.353,217.4,15387.7,0.161,14660.3,1123.7,6549.8,2005.1,6.24,11.9,-507.5,14731.2,0
Baxter International Inc. (NYSE:BAX),1931,36160.5,0.8144,0.971,542.8,16553.3,0.157,14644,0,5970,1100,4.01,151,0,14190,7.69
Starbucks Corporation (NasdaqGS:SBUX),1985,59826.5,0.7490000000000001,0.779,751.4,16232.7,0.201,14461.3,1430.8,549.6,0,2.13,968.5,-282.8,13299.5,25
"NextEra Energy, Inc. (NYSE:NEE)",1984,36512.4,0.7095999999999999,0.619,424.7,16039.7,0.0956,14330,411,25199,0,4.1,0,-12,14256,15.38
Syngenta AG (SWX:SYNN),1999,37589.6,0.4475,0.48,91.8,15287.7,0.318,14327,785,3617,1341,19.5,11,616,14202,10
Novo Nordisk A/S (CPSE:NOVO B),1925,97114.5,0.3233,0.415,532.4,16265.3,0.182,14321.2,1406.5,151.7,1951.8,7.77,347.8,110.7,13788.5,8.33
MTN Group Limited (JSE:MTN),1994,37042.8,0.467,0.443,1859.7,14418.8,0,14194.6,2559.7,4332.1,1.01,1.24,1048.9,646.3,15927.4,7.69
Dish Network Corp. (NasdaqGS:DISH),1980,22116.3,0.4339,0.912,456.7,14570.6,0,14274.2,4093.8,9399.5,0,0.563,45.2,982,14266.5,66.67
CLP Holdings Ltd. (SEHK:2),1901,20332.7,0.1784,0.101,2526.5,14330.2,0.0168,14235.4,878.3,12209.9,0,0.455,916.3,817.7,13529.2,10.53
Fresenius Medical Care AG & Co. KGAA (DB:FME),1996,20655.5,0.3245,0.183,308.3,14872.6,0.129,14194.4,585.9,8784.3,117.5,3.32,1044.6,94.4,13800.3,0
Singapore Telecommunications Limited (SGX:Z74),0,49192.4,0.2255,0.351,15931.3,14087.4,0.0487,14146.1,1034.1,6876.9,0.237,0.177,0,-110.1,14653.4,9.09
Canadian Natural Resources Limited (TSX:CNQ),1973,34938.7,0.6987000000000001,1.72,1087.5,16244.7,0.00947,14019.9,16.1,8354.8,0,1.22,328.1,-211.6,14636.6,7.69
Anadarko Petroleum Corporation (NYSE:APC),1959,49144.5,0.8608,1.55,502.7,15914,0.0344,13853,4581,16169,0,3.4,442,-3037,13307,8.33
"Waste Management, Inc. (NYSE:WM)",1987,20292.3,0.8189,0.667,469.2,14403.3,0.019,13757,154,9925,0,1.83,465,96,13649,12.5
Bharti Airtel Limited (BSE:532454),1995,23364.8,0.31739999999999996,0.667,3995,14706.8,0,13794.5,636.4,13314.9,0,0.097,1713.1,-545.9,14791.6,26.67
"Viacom, Inc. (NasdaqGS:VIAB)",0,40412,0.8172,0.988,476.9,14249.6,0,13505,1144,8164,0,4.51,1039,477,13887,37.5
"EOG Resources, Inc. (NYSE:EOG)",1985,50419.3,0.9079999999999999,1.4,272.4,15372.7,0.124,12816.5,1228,5015.9,0,3.74,195.3,413.4,11096.2,28.57
Atlas Copco AB (OM:ATCO A),1873,33250.8,0.5109,1.08,1213.2,13491.6,0.141,13290,2499.5,3208.6,370,1.61,33.5,108.4,13904,6.67
"Dominion Resources, Inc. (NYSE:D)",1909,37462.6,0.5936,0.507,579,13285.9,-0.166,13194,190,21252,0,0.429,161,672,13093,8.33
Las Vegas Sands Corp. (NYSE:LVS),1988,58684.6,0.4154,1.44,823.2,14909.2,0.41200000000000003,13191.2,0,9496,0,2.63,197.8,0,11131.1,20
"Yum! Brands, Inc. (NYSE:YUM)",1997,29863.9,0.8059000000000001,0.726,445.3,14336.1,0.0677,13058,753,3021,30,2.44,2714,5,13633,16.67
Thomson Reuters Corporation (TSX:TRI),1977,30512.6,0.8981,0.623,827.4,12804.7,0.0443,13029,1613,7198,700,1.31,477,370,13278,5.56
Compagnie Financiere Richemont SA (SWX:CFR),1988,56978.3,0.28809999999999997,1.06,553.1,15023.3,0.107,13005.3,3130.2,1135.8,94.8,4.69,629.1,1119.9,13005.3,15.79
"Thermo Fisher Scientific, Inc. (NYSE:TMO)",1956,35482,0.9934999999999999,1.02,360.5,14178.8,0.192,12882.7,1845.6,7472.3,389.3,3.64,43,278.1,12509.9,11.11
Kering SA (ENXTPA:KER),1963,29053.9,0.26030000000000003,0.899,125.4,14072.6,-0.0629,12741,1214.6,7080.3,0,7.68,822.2,-532.1,12837.1,40
"Datang International Power Generation Co., Ltd. (SEHK:991)",1994,9004.1,0.0736,0.271,13310,13698.3,0.12,12655.3,1201.9,28291.1,0,0.06,3.2,-2379.7,12449,13.33
NTPC Ltd. (BSE:532555),1975,19743.6,0.1344,0.728,8245.5,12801.3,0.133,12777.8,0,3354.3,16.9,0.281,0,-378.4,12777.8,35.29
Rogers Communications Inc. (TSX:RCI.B),1920,23461.6,0.7723,0.389,515.8,12350.2,0.0949,12368.4,820.4,11500.2,0,3.54,73.2,-64.2,12526.7,29.41
Consolidated Edison Inc. (NYSE:ED),1884,17121.4,0.4547,0.395,292.9,12895,0.051,12342,747,11880,21,3.45,91,363,12188,8.33
Ecolab Inc. (NYSE:ECL),1923,32391.4,0.7672,0.732,301.4,14269.6,0.131,12279,375.2,6324.5,183,2.85,155,352.2,11838.7,7.14
Covidien plc (NYSE:COV),0,29674.5,0.8642,0.997,460,10472.1,0,12145,2119,5085,622,3.79,74,-591,11852,15.38
Texas Instruments Inc. (NasdaqGS:TXN),1930,45985,0.8468000000000001,1.18,1101.2,12415.5,0.349,12155,1435,5690,1601,1.7,80,-213,12825,9.09
S.A.C.I. Falabella (SNSE:FALABELLA),1889,24075.5,0.34590000000000004,0.542,2421.9,14228.8,0.16699999999999998,12163.4,511.3,4496,19.2,0.33,0,571.7,12326.6,0
British Sky Broadcasting Group plc (LSE:BSY),1988,23391.6,0.5439,0.333,1572,12453.4,0.133,11921,0,0,0,0.968,0,0,10996.3,12.5
CSX Corp. (NYSE:CSX),1978,27024.5,0.6642,1.34,1013.7,12272.7,0.22,11910,591,9063,0,1.86,302,44,11756,7.69
Visa Inc. (NYSE:V),0,131785,0.6843,0.985,645.2,12764.9,0,11536,1453,0,0,8.25,64,-820,10421,9.09
Praxair Inc. (NYSE:PX),1907,36755.3,0.8778,0.853,294.8,12695.4,0.115,11714,134,7136,97,5.72,62,113,11224,9.09
Tata Consultancy Services Limited (BSE:532540),1968,66687.7,0.13949999999999999,0.458,1958.7,14490.8,0,11425.2,855.8,57.3,25.9,1.28,187.3,944,11601.3,9.09
"Automatic Data Processing, Inc. (NasdaqGS:ADP)",1949,36665.5,0.7744,0.95,480.2,12311.6,0.0361,11512.2,1690.9,459,669.8,2.96,28.8,-988.6,11310.1,9.09
V.F. Corporation (NYSE:VFC),1899,23742.5,1.0626,0.979,109.9,12149.2,0.12300000000000001,11162.8,315.7,2573.7,0,10.7,277.9,-207.3,10879.9,8.33
Pernod-Ricard SA (ENXTPA:RI),1805,31869.8,0.5593,0.54,263.3,11604.2,0,11147.2,776.1,12899.8,0,5.87,97.5,140.4,11147.2,60
Norfolk Southern Corporation (NYSE:NSC),1982,27181,0.6596,1.15,308.9,11665,0.115,11048,984,8613,0,5.75,422,-114,11040,8.33
Tenaris SA (BIT:TEN),0,28635.3,0.3461,0.925,1180.5,11504.5,0.22699999999999998,10922.8,618.4,1702.5,83,1.4,0,280.7,10834,36.36
Xcel Energy Inc. (NYSE:XEL),1909,14501.2,0.6731999999999999,0.46,497.6,11345.1,0,10735.2,101.8,11269.4,0,1.9,1897.4,138.4,10128.2,31.25
TELUS Corporation (TSX:T),1993,21793.5,0.6448999999999999,0.339,623.3,11185.7,0,10572.6,258.1,6754.8,0,1.96,1228,-285.6,10887.4,7.14
Fast Retailing Co. Ltd. (TSE:9983),1949,35149.5,0.3071,0.55,101.9,13325.2,0.162,10603.4,1701.4,191.6,0,8.51,891.5,1337.8,11859.6,9.09
Sempra Energy (NYSE:SRE),1998,22319.9,0.6955,0.552,242.3,10806.6,0.0696,10476,954,11726,0,4.06,572,1224,9647,25
Gilead Sciences Inc. (NasdaqGS:GILD),1987,106378.5,0.9538,0.956,1530.6,12800.6,0,10313.9,2202.2,9099.1,1927,1.93,40.3,213.5,9702.5,6.67
Air Products & Chemicals Inc. (NYSE:APD),1940,22530.6,0.8702,1.05,209.6,10627.6,0.09269999999999999,10199.7,418.8,4231,180.6,4.74,67.6,212.4,9611.7,17.39
The Estée Lauder Companies Inc. (NYSE:EL),1946,28207.2,0.5740999999999999,0.971,387.4,10787.3,0.12300000000000001,10181.7,1495.7,1288.1,103.6,2.63,480,284.6,10181.7,31.25
Canadian National Railway Company (TSX:CNR),1922,45985.9,0.5905,0.628,418,10650.6,0.12300000000000001,10074.4,176.9,6546,0,5.92,246.8,230.4,9952.3,5.88
"Hertz Global Holdings, Inc. (NYSE:HTZ)",2005,9266.9,1.0996,1.65,401.5,11152.1,0,9985.9,483.1,12468,0,0.834,194.1,-188.6,9020.8,10
Public Service Enterprise Group Inc. (NYSE:PEG),1985,17113.1,0.6498999999999999,0.493,505.9,11137.2,-0.00234,9904,164,8324,0,2.42,234,14,9781,10
Luxottica Group SpA (BIT:LUX),1961,25156.1,0.1304,0.593,473.2,10888,0.0786,9878.9,727.8,3741.9,0,1.73,246.5,74.2,9342.9,21.05
Precision Castparts Corp. (NYSE:PCP),1949,37107.1,0.9286,0.761,145.5,10471.7,0.314,9213.8,0,666.3,0,11,0,0,8377.8,12.5
Stryker Corporation (NYSE:SYK),1941,28203.6,0.7062999999999999,1.07,378.4,9312.3,0.0766,8891,1110,1769,526,2.35,37,-463,8657,20
Swatch Group AG (SWX:UHR),0,32400.5,0.24539999999999998,1.02,54,10106.6,0.133,8581.8,763.9,109.7,197.6,0,315.7,405.7,8515.2,16.67
Tencent Holdings Ltd. (SEHK:700),1998,101741.3,0.2452,0.579,1840.5,11349.5,0,8409.2,2408.2,1307.3,783,1.28,46.2,-887,7041.8,37.5
Sands China Ltd. (SEHK:1928),2009,58595.6,0.1705,1,8062.5,9859.8,0,8356.8,0,3269.4,0,0.252,0,0,6511.4,30.77
Reynolds American Inc. (NYSE:RAI),1875,28082,0.4777,0.49,540.5,8361.5,0,8275,2694,3865,62,2.85,0,408,8304,23.08
China Resources Power Holdings Co. Ltd. (SEHK:836),2001,12694.7,0.1898,0.151,4789.8,9299.5,0,8230.7,662.4,11219.4,0,0.269,12.9,-1701,8055.4,30.77
Fortescue Metals Group Limited (ASX:FMG),2003,15658.4,0.1335,0.656,3113.8,12853.7,0,8120,2164,8501,0,0.561,0,825,8120,15.38
ITC Limited (BSE:500875),1910,43001.4,0.4997,0.527,7926.5,5931.7,0.187,5825,0,0,20.1,0.178,0.284,36.8,5825,26.67
Infosys Ltd. (BSE:500209),1981,30938.4,0.5418,0.382,571.4,8493.7,0.221,7906,3601,0,173,2.94,20.8,-162,7398,40
MasterCard Incorporated (NYSE:MA),1966,88350,0.8792,1.12,120.6,8716.3,0,7815,2348,0,0,24.3,21,561,7391,14.29
Galaxy Entertainment Group Limited (SEHK:27),0,32117.6,0.3043,1.04,4217.2,8466.7,0.65,7637.6,2557.1,1498.1,0,0.263,12.8,-169.1,7321.4,50
OAO Novatek (MICEX:NVTK),1994,39291.2,0.1215,0.24,3028.1,10333.7,0,7633.3,210.8,2887.5,0,0.733,0,173.2,6907.9,22.22
"Williams Companies, Inc. (NYSE:WMB)",1908,25476.3,0.818,1.04,683.2,7130.1,0,7198,381,9037,0,0.923,138,-382,7486,7.69
Williams Partners L.P. (NYSE:WPZ),2005,23163.8,0.1772,0.826,438.6,5612.3,0,7018,118,7583,0,2.99,136,-258,7320,57.14
"Potash Corp. of Saskatchewan, Inc. (TSX:POT)",1953,27148.7,0.6904,0.9,863,6657.2,0,6858,555,4038,0,2.28,135,-412,7433,7.69
Woodside Petroleum Ltd. (ASX:WPL),1954,30362.6,0.1332,0.518,823.9,6236.9,0.177,6550,1805,5726,0,3.71,619,-18,6348,22.22
Atlantia SpA (BIT:ATL),1950,14620.2,0.2365,1.04,648.7,6181.1,0.54,6394.2,3319.8,17795.2,9.84,1.17,0,550.1,6473.2,15.38
Celgene Corporation (NasdaqGS:CELG),1980,63875.3,0.8076000000000001,0.906,411.3,6992.2,0,6185.4,0,3094.2,1899.3,3.6,68,0,5506.7,11.11
"Facebook, Inc. (NasdaqGS:FB)",2004,120292.6,0.37729999999999997,0.567,2435.3,8588.5,0,6118,3001,706,1178,0.231,252,-652,5089,22.22
Allergan Inc. (NYSE:AGN),1948,27515.5,0.8957999999999999,0.805,296.9,6520.1,0,6065.4,2484,1557.3,1064.8,3.17,63,102.4,5806.1,11.11
ASML Holding NV (ENXTAM:ASML),1984,41717.4,0.6762999999999999,0.581,442.4,9470.1,0,5984.9,2790.9,963.1,1033.6,2.59,11.1,797.7,6238.5,0
Biogen Idec Inc. (NasdaqGS:BIIB),1985,60090.2,0.9295,0.926,236.2,7840.5,0.265,5942.1,392.5,1094.6,1261.2,6.79,398.2,71.6,5516.5,8.33
priceline.com Incorporated (NasdaqGS:PCLN),1997,55081.3,0.978,1.38,51.5,7433.6,0,5879.2,1762.2,1446.7,0,31.3,78.1,-36.3,5261,10
Abertis Infraestructuras S.A. (CATS:ABE),1967,18537.1,0.10220000000000001,0.921,845.7,7041,0.102,6321.5,2931.1,18324.4,0,0.872,0,32.5,5579.5,16.67
Naspers Ltd. (JSE:NPN),1915,37269.8,0.4611,0.451,394.7,6220.3,0.33399999999999996,5439.7,1711.8,2428.9,0,1.7,20.9,-143.3,5439.7,27.78
Spectra Energy Corp. (NYSE:SE),1996,23995.7,0.6718000000000001,0.658,669.3,6003.3,0,5228,217,11749,0,1.41,151,-113,5075,16.67
"VMware, Inc. (NYSE:VMW)",1998,35277.4,0.1741,1.22,431,5723.3,0,5017,2263,450,1111.8,2.07,547.2,-299.1,4605,33.33
CSL Ltd. (ASX:CSL),1916,31739.6,0.2353,0.157,487.1,5501.8,0.341,4950.4,762.2,1289.6,426.8,2.44,233,104.5,4950.4,12.5
Snam S.p.A. (BIT:SRG),1941,17668.4,0.2022,0.596,3379.7,4992.7,0.046799999999999994,5019.2,5.2,15305.8,0,0.282,0,59.8,5030,6.25
"Discovery Communications, Inc. (NasdaqGS:DISC.A)",0,29973.6,0.613,1.02,358,5999.7,0,4899,375,5226,0,2.63,96,107,4487,27.27
"Noble Energy, Inc. (NYSE:NBL)",1932,27557,0.9520000000000001,1.51,357.3,5968.7,0.252,4649,938,4117,0,3.05,302,49,4037,20
Yahoo! Inc. (NasdaqGS:YHOO),1994,33843,0.7262000000000001,0.808,1020.3,4509.8,0.2,4760.4,842.4,38.2,963.7,1.18,38,2776.5,4986.6,14.29
Hermès International Société en commandite par actions (ENXTPA:RMS),0,36152.6,0.0294,0.469,104.1,5552.5,0.145,4757.8,1023.7,142.5,0,9.82,127.1,253.8,4593.7,0
SeaDrill Limited (NYSE:SDRL),0,21967.6,0.3747,1.07,469.1,5561.4,0,4559,437,11074,0,4.91,21,-193.6,4310,14.29
Adobe Systems Inc. (NasdaqGS:ADBE),1982,27423.8,0.8315,0.858,499.9,4179.7,0.07200000000000001,4167,819.1,1511,816.5,0.894,80.2,-193.7,4403.7,23.08
Liberty Media Corporation (NasdaqGS:LMCA),0,17222.7,0.7625,1.46,114.2,4381.2,0,3696,937,543,0,71,16,-1500,1999,11.11
SIRIUS XM Radio Inc. (NasdaqGS:SIRI),1990,22830.2,0.2785,1.01,6135.5,4085.3,0,3691.4,716.8,2434.8,59.3,0.104,206.4,104,3402,7.14
Pioneer Natural Resources Co. (NYSE:PXD),1997,29671.1,0.9358,1.8,138.9,4035.6,0.105,3052.2,695.6,3285.5,0,3.74,37,-79.8,2799.7,15.38
The Hong Kong and China Gas Company Limited (SEHK:3),1862,22488.8,0.3368,0.262,9559.7,3737.9,0.0863,3292.3,1494,3785.3,2.62,0.097,25.2,-219.8,3215.5,22.22
"Continental Resources, Inc. (NYSE:CLR)",1967,21564.6,0.2224,1.77,184.1,4159.8,0,3018.1,220.4,2254.8,0,3.97,0.191,-3.6,2418.5,14.29
"Regeneron Pharmaceuticals, Inc. (NasdaqGS:REGN)",1988,29041.7,0.7676999999999999,1.57,97.3,2204.1,0,1739.6,381.7,446.2,707.1,8.81,52.5,534.7,1378.5,33.33
Marubeni Corporation (TSE:8002),1858,13727.7,0.35,0.95,1736,129360.9,0.21100000000000002,51609,9761.4,31625.4,0,1.26,0,-790,51609,55.56
Endesa SA (CATS:ELE),1944,30752,0.0144,0.89,1058.8,45839.3,0.0434,41462.5,2914.5,16399.8,0,2.46,0,-956.8,43094.5,28.57
Anheuser-Busch InBev SA/NV (ENXTBR:ABI),1366,166789.2,0.3144,0.465,1603.6,45991,0.358,40312,6701,40667,182,8.2,1100,-2070,39758,0
GDF SUEZ S.A. (ENXTPA:GSZ),1880,59252.2,0.24850000000000003,1.18,2357.3,113482,0,125116.7,14542.7,83880.3,306.8,0.536,2462.9,5614.6,127942.5,10
SK Holdings Co. Ltd. (KOSE:A003600),1962,7626,0.1934,0.835,40.5,112989,0,101716.8,7497.7,28289.6,8.95,21.9,0,-1082.9,112524,0
Archer Daniels Midland Company (NYSE:ADM),1898,26848.6,0.7437999999999999,1.04,659.2,93644.8,0,90997,1848,0,84,1.79,0,0,90559,15.38
Hyundai Motor Company (KOSE:A005380),1967,51451.5,0.3144,0.622,209.3,87828,0.138,81904.3,465.8,40073.2,1603.7,28,0,-565.9,79420.5,25
Mitsubishi Corporation (TSE:8058),1950,33432.8,0.33990000000000004,0.983,1647.5,216956.4,0.191,65100.3,13869.3,65702.4,54.1,2.3,780.6,3569.4,63366.1,43.48
Toshiba Corporation (TSE:6502),1875,18919.6,0.31670000000000004,0.736,4234.7,64147.6,0.7070000000000001,59670.7,1804.1,6811.6,3082.3,0.226,855.5,1418.2,62359,40
America Movil S.A.B. de C.V. (BMV:AMX L),2000,77242.4,0.33909999999999996,0.529,71205,61643,0.19,59294.8,5490.6,31932.4,0,0.076,2204.5,511.5,59705.7,11.11
ITOCHU Corporation (TSE:8001),1858,19012.2,0.44409999999999994,0.854,1580.5,140963.4,0.299,48227.2,4793.8,33897.1,0,1.83,1550.5,2138.8,48620,76.19
Nippon Steel & Sumitomo Metal Corporation (TSE:5401),0,30568.2,0.20129999999999998,1.31,9074.5,56061.9,0,47519.8,1017.8,10327,605.3,0.032,111.7,1363.2,46604.6,63.16
Hyundai Heavy Industries Co. Ltd. (KOSE:A009540),1973,15039.6,0.23399999999999999,1.19,61.3,52569,0,46781.7,1666.8,11721.4,208.9,12.2,0,1882.3,51687.6,42.86
"Seven & I Holdings Co., Ltd. (TSE:3382)",2005,33091,0.2747,0.348,883.6,58689.4,0,45392.1,7943.7,0,0,1.78,4479.8,-762.2,54042.6,31.82
China Shenhua Energy Co. Ltd. (SEHK:1088),2004,54919,0.1065,0.865,19889.6,43539.6,0,44003.7,7407.1,9519,68.6,0.364,8.98,3384.6,40148.9,44.44
Abbott Laboratories (NYSE:ABT),1888,57937.8,0.6755,0.077,1554.1,22598.9,0.022400000000000003,40204.9,0,16279.6,4304.2,1.91,245,0,39873.9,8.33
Delta Air Lines Inc. (NYSE:DAL),1924,22296.6,0.8253,1.26,846.2,38780.1,0,37299,3018,13124,76,2.44,7415,-439,36670,13.33
Mitsubishi Electric Corporation (TSE:6503),1921,23247.2,0.3591,1.23,2146.9,39385,0,36468,3626.2,7479.7,1753.8,0.303,89,-695.7,38054.2,41.67
Wal-Mart de Mexico SAB De CV (BMV:WALMEX V),1958,46967.4,0.1198,0.437,17654,35878.7,0.159,32395.1,1185.2,1415.5,0,0.102,15.9,499.5,32146.5,33.33
Korea Gas Corp. (KOSE:A036460),1983,4673.9,0.1121,0.072,77.3,35620,0.0542,31963.6,408.8,20760,44.1,2,0,926,32937.3,27.27
Sumitomo Corporation (TSE:8053),1919,16581.1,0.30670000000000003,0.738,1247.5,87821.2,0.309,30960.7,8778.5,45050.8,0,1.97,2441.3,242.7,32021.3,60
British American Tobacco plc (LSE:BATS),1902,104237.9,0.7227,0.389,1884.3,24939.2,0.157,23269.2,2623.3,17821.3,0,3.11,79.6,418,24689.2,27.27
Eli Lilly and Company (NYSE:LLY),1876,54900.9,0.6382,0.673,1093.6,19687.6,0.065,23261.7,0,5520,5519,4.39,136.4,0,22603.4,11.76
"Huaneng Power International, Inc. (SEHK:902)",1994,13899,0.24,-0.067,14055.4,22305.3,0.08039999999999999,21631.9,1696.9,21249.9,0,0.121,223.6,832.8,21384.3,20
"Fomento Económico Mexicano, S.A.B de C.V (BMV:FEMSA UBD)",1890,32141.5,0.3607,0.34,3578.2,21260.6,0.215,18985.7,3816,2174.8,0,0.435,1083.1,-75.8,18357.6,12.12
Illinois Tool Works Inc. (NYSE:ITW),1912,35490,0.8140000000000001,1.11,447.9,14613.9,0.0885,17198,3018,4996,266,4.98,67,859,17924,8.33
"Kinder Morgan, Inc. (NYSE:KMI)",0,37062.6,0.5934,0.534,1035.8,15336.4,0,13175,816,36490,0,1.04,119,-2220,9973,18.18
"SK Hynix, Inc. (KOSE:A000660)",1983,21977,0.2752,0.814,710.2,14439,0,10353.6,440.8,5812.7,912.1,1.62,0,1307,9554.8,14.29
"GD Power Development Co., Ltd (SHSE:600795)",0,7410.8,0.0882,0.068,17229.8,10179.3,0,9591.3,503,21668.1,1.33,0.074,0,-542.7,8933.2,0
Grupo México S.A.B. de C.V. (BMV:GMEXICO B),1942,25469.8,0.1369,0.926,7785,10129.3,0,9513.9,2657.6,3921.8,0,0.272,105.3,269.7,10182.9,38.46
Corning Inc. (NYSE:GLW),1851,29068.1,0.6751,1.05,1660.1,8720.4,0,8009,0,3403,735,1.21,54,0,8012,12.5
Southern Copper Corp. (NYSE:SCCO),1952,24170.5,0.1246,1.4,841.3,5927.5,0.344,6068.8,1795.3,2741.2,0,2.07,0,-1817.7,6669.3,15.38
Canadian Pacific Railway Limited (TSX:CP),2001,25272.4,0.6235,1.04,175.2,6189.5,0.0864,5859.5,319.8,4726.8,0,4.5,243.8,429.6,5713.6,7.14
