"Sector Averages for Duration, Cyclicality, Inflation and Currency"
These measures are computed using the quarterly operating income and firm value changes for firms aggregated by SIC.
"Quarterly data from 1987-1997 was used for the estimation, and was extracted from Compustat."
"To see the values of the macroeconomic variables used, see the quarterly data worksheet."
"You have to first look up your firm's SIC, before you can use this table."
"While the results are reported with both firm value and operating income, I would use"
Firm value numbers: for duration and cyclicality
Operating income numbers: for inflation and currency
""
""
SIC
100
200
800
1000
1040
1090
1220
1311
1381
1382
1389
1400
1531
1540
1600
1623
1700
2000
2011
2013
2015
2020
2024
2030
2033
2040
2050
2052
2060
2070
2080
2082
2086
2090
2100
2111
2200
2211
2221
2250
2253
2273
2300
2320
2330
2340
2390
2400
2421
2430
2451
2510
2511
2522
2531
2540
2590
2600
2611
2621
2631
2650
2670
2673
2711
2721
2731
2750
2761
2771
2780
2790
2800
2810
2820
2821
2834
2835
2836
2840
2842
2844
2851
2860
2870
2890
2891
2911
2950
2990
3011
3021
3050
3060
3080
3081
3089
3100
3140
3211
3220
3221
3231
3241
3250
3260
3270
3290
3310
3312
3317
3320
3330
3334
3341
3350
3357
3360
3390
3411
3420
3430
3440
3442
3443
3444
3448
3452
3460
3470
3480
3490
3510
3523
3524
3530
3531
3532
3533
3537
3540
3541
3550
3555
3559
3560
3561
3562
3564
3567
3569
3570
3571
3572
3575
3576
3577
3578
3579
3580
3585
3590
3600
3612
3620
3621
3630
3634
3640
3651
3652
3661
3663
3669
3670
3672
3674
3677
3678
3679
3690
3711
3713
3714
3715
3716
3720
3721
3724
3728
3730
3743
3751
3760
3790
3812
3822
3823
3824
3825
3826
3827
3829
3841
3842
3843
3844
3845
3851
3861
3873
3910
3911
3931
3942
3944
3949
3950
3960
3990
4011
4100
4213
4220
4400
4412
4512
4513
4522
4581
4610
4700
4731
4812
4813
4832
4833
4841
4899
4911
4922
4923
4924
4931
4932
4941
4953
4955
4961
4991
5000
5013
5031
5040
5045
5047
5051
5063
5065
5070
5080
5084
5090
5094
5099
5110
5122
5140
5141
5150
5160
5171
5172
5190
5200
5211
5271
5311
5331
5399
5411
5412
5500
5531
5600
5621
5651
5661
5700
5712
5731
5734
5735
5810
5812
5900
5912
5940
5944
5945
5960
5961
5990
6021
6022
6029
6035
6036
6099
6111
6141
6153
6159
6162
6172
6199
6200
6211
6282
6311
6321
6324
6331
6351
6361
6399
6411
6500
6510
6512
6513
6519
6531
6532
6552
6792
6794
6795
6798
6799
7011
7200
7310
7311
7320
7331
7340
7350
7359
7361
7363
7370
7371
7372
7373
7374
7377
7380
7381
7385
7389
7500
7510
7600
7812
7819
7822
7830
7841
7900
7948
7990
7997
8000
8011
8051
8060
8062
8071
8082
8090
8093
8200
8300
8700
8711
8731
8734
8741
8742
8744
9995
Market
