Company Name/ Symbol,Company Details,Market Data,Ownership Details,Risk Measures,Shares Outstanding & Trading Data,Estimates for future earnings & growth,Historical/Past growth,Income Statement/ Flow Numbers (Last Twelve Months),Balance Sheet (Most recent quarter),Capital Invested (Four quarters prior),R&D Expenses (Current & Last 5 years),Earnings & Dividends Per Share,Lease Commitments (Current year & Expected Future commitments),Cash Flow Numbers (Last Twelve Months) - Signs indicate cash flow effects,Last fiscal year numbers,Corporate Governance
Company Name,Year Founded,"Market Capitalization [My Setting] [Latest] ($USDmm, Historical rate)",Institutions - % Owned [Latest] (%),2 Year Beta [Latest],Shares Outstanding [My Setting] [Latest] (mm),Forward Revenue (next 12 months),"Net Income, 10 Yr CAGR % [LTM] (%)","Total Revenue [LTM] ($USDmm, Historical rate)","Cash And Equivalents [Latest Quarter] ($USDmm, Historical rate)","Total Debt [Latest Quarter - 4] ($USDmm, Historical rate)","R&D Expense [LTM] ($USDmm, Historical rate)","Basic EPS [LTM] ($USD, Historical rate)","Operating Lease Commitment Due, After 5 Yrs [Latest Annual] ($USDmm, Historical rate)","Change in Net Working Capital [LTM] ($USDmm, Historical rate)","Total Revenue [Latest Annual] ($USDmm, Historical rate)",% of Directors that are Internal
Apple Inc. (NasdaqGS:AAPL),1977,756131.3,0.601,1.32,5246.5,232520.8,34,218118,16371,62993,10512,8.37,3139,1358,215639,12.5
AT&T Inc. (NYSE:T),1983,254568.1,0.5639,0.529,6141.6,165298.5,5.84,163786,5788,129617,1649,2.1,14621,901,163786,7.69
Verizon Communications Inc. (NYSE:VZ),1983,200289.8,0.6531999999999999,0.622,4076.7,125190.3,7.8,125980,2880,109772,,3.22,6724,7098,125980,8.33
Samsung Electronics Co. Ltd. (KOSE:A005930),1938,260600.6,0.40840000000000004,0.676,143.4,201053,11,167678.8,26673.1,10940.3,12716.5,131.1,,-1383.3,167678.8,50
PetroChina Company Limited (SEHK:857),1988,200377.3,0.049800000000000004,1.41,183021,275939.3,-25.2,232869.1,14104.2,84983.6,,0.006,,812.7,232869.1,29.17
China Mobile Limited (SEHK:941),1997,225862.5,0.10490000000000001,0.625,20475.5,107784.3,5.12,102028,13021.4,769.3,,0.765,,3608.2,102028,55.56
"Wal-Mart Stores, Inc. (NYSE:WMT)",1945,217397.5,0.2974,0.533,3073.2,490864.5,1.92,485873,6867,50772,,4.4,,-5105,485873,15.38
Toyota Motor Corporation (TSE:7203),1933,163856,0.30510000000000004,1,2974.6,103722,1.46,232346.6,31600.4,165560.8,9042.2,5.25,220.4,-11940,252786.7,35.71
Alphabet Inc. (NasdaqGS:GOOGL),1998,581212.5,0.7151000000000001,1.39,691.4,106122.9,20.3,90272,12918,7648,13948,28.3,3694,-2212,90272,33.33
CITIC Limited (SEHK:267),1987,41562.3,0.0649,1.05,29090.3,52212.4,18.2,65415.2,119582.3,101800.8,,0.191,,24766.7,65415.2,26.32
Microsoft Corporation (NasdaqGS:MSFT),1975,505921.4,0.7529,1.22,7727.5,100294.1,3.48,85688,8468,44868,12294,2.14,2118,-7087,85320,16.67
Royal Dutch Shell plc (ENXTAM:RDSA),1907,221783.7,0.7289,1.11,8193.2,282353.6,-15.8,233591,19130,58379,1014,0.584,7200,6910,233591,23.08
Nippon Telegraph and Telephone Corporation (TSE:9432),1952,87784.5,0.20170000000000002,0.649,2021.3,104271.7,6.41,97697.1,5694.5,36521.8,2701.8,3.33,200.6,623,102714.5,52.94
Comcast Corporation (NasdaqGS:CMCS.A),1963,176503,0.8554,0.811,4742.2,83885.9,13.1,80403,3301,52621,,1.8,1873,-203,80403,6.67
China Petroleum & Chemical Corporation (SEHK:386),2000,99530.6,0.1216,1.45,121071.2,348072.6,-1.38,278093,17926.1,39305.7,855.6,0.055,39688,-8290.6,278093,31.25
Volkswagen Aktiengesellschaft (XTRA:VOW3),,75151.1,0.1024,1.86,501.3,238569.9,6.92,229354,15340.4,158137.4,12149.3,10.8,2386.8,-21615.1,229354,4.35
Johnson & Johnson (NYSE:JNJ),1885,338644.4,0.6783,0.708,2710.9,75002.4,4.11,71890,18972,20102,9095,6.04,100,429,71890,10
Public Joint Stock Company Gazprom (MISX:GAZP),1993,50314.2,0.10830000000000001,0.622,22127,106853,4.67,98240.1,12503.3,47949.7,519.7,0.573,,-2235,84463.4,35
Exxon Mobil Corporation (NYSE:XOM),1870,340097.1,0.5315,0.739,4146.5,308410.4,-14.9,197518,3657,38687,1058,1.88,1014,247,197518,7.69
Intel Corporation (NasdaqGS:INTC),1968,168175,0.6884,1.31,4728,60015.7,7.42,59387,5560,22670,12740,2.18,422,2746,59387,15.38
SoftBank Group Corp. (TSE:9984),1981,77869,0.3295,1.79,1089.1,83631.1,30.8,76443.8,21402.5,102375,76,6.86,10746.8,527.2,81466.3,16.67
Deutsche Telekom AG (DB:DTE),1995,82003.1,0.4269,0.905,4651.7,82256,-1.69,79428.9,8178,67749.1,88.8,0.61,3957.6,-3379.1,79428.9,9.52
Roche Holding AG (SWX:ROG),1896,218461.7,0.31329999999999997,0.615,852,53158.1,1.97,51818.3,4098.3,23229.9,11352.9,11.1,185.1,930.3,51818.3,14.29
TOTAL S.A. (ENXTPA:FP),1924,122545.2,0.4789,1.11,2443.3,153358.8,-6.72,127925,24597,57079,1050,2.6,1943,223,127925,12.5
Pfizer Inc. (NYSE:PFE),1849,204439.5,0.7376,0.749,5955.1,53347.4,-9.39,52824,2595,39038,7872,1.19,967,-631,52824,7.69
General Motors Company (NYSE:GM),1897,53237.5,0.8164,1.37,1498,155422.8,,166380,9760,63111,8100,6.12,482,-8119,166380,9.09
Taiwan Semiconductor Manufacturing Company Limited (TSEC:2330),1987,164229.5,0.5671,0.711,25930.4,33886.5,10.2,29251.9,16702.3,7732.8,2197.4,0.398,204.4,-1471.4,29251.9,13.33
International Business Machines Corporation (NYSE:IBM),1910,164062.4,0.5254,1.05,943.2,78669.4,2.26,79919,7826,39892,5751,12.4,1111,98,79919,9.09
Public Joint Stock Company Rosneft Oil Company (LSE:ROSN),1993,59242.8,0.028300000000000002,1.46,10598,105550,-1.76,77846.5,12906.3,46213.9,,0.279,,-3545.2,77846.5,7.14
Daimler AG (XTRA:DAI),1886,83294,0.3274,1.4,1069.8,169840.8,8.58,161787.2,9237.8,109847.4,6862.7,8.41,630.2,-54.9,161787.2,3.45
The Procter & Gamble Company (NYSE:PG),1837,231616.8,0.617,0.553,2556.5,65560.5,4.69,65231,6051,31526,1879,5.66,502,-7714,65299,10
"Telefónica, S.A. (BME:TEF)",1924,55705.4,0.3447,1.38,4968.6,57200.1,-9.22,55846.1,3943.8,65258.8,956.4,0.441,3767.5,718.9,55846.1,10
General Electric Company (NYSE:GE),1892,258474.5,0.5658,1.12,8708.7,125331.4,-8.19,120273,10525,197602,5466,0.907,1647,-83260,120273,10.53
Nestlé S.A. (SWX:NESN),1866,241483.4,0.321,0.562,3098,92531.5,-0.749,88391.2,7865.9,22018.4,1709,2.72,818.1,-2506.4,88391.2,0
The Walt Disney Company (NYSE:DIS),1923,177937.9,0.6234000000000001,1.05,1581.2,57911.8,7.55,55172,3736,18915,,5.57,1419,-1311,55632,22.22
BP p.l.c. (LSE:BP.),1889,111979.9,0.6889,0.963,19541.8,239932.3,-41,182325,23484,53168,,0.006,,-3649,182325,14.29
Anheuser-Busch InBev SA/NV (ENXTBR:ABI),1366,213988.8,0.25780000000000003,0.876,1933.7,56481,-3.49,45517,,51621,244,0.723,721,8724,45517,5.88
Enel SpA (BIT:ENEL),1962,47606.4,0.2688,0.757,10166.7,79431.2,-1.65,72420.6,8751.2,57889.8,,0.274,,11854.7,72420.6,15.38
BHP Billiton Limited (ASX:BHP),1851,98149.7,0.1637,1.84,5320.6,40470.2,-14.7,34685,13987,36547,,0.467,887,-1329,31342,8.33
BHP Billiton plc (LSE:BLT),1996,83323.4,0.3045,2.03,5322.4,40048.3,-14.7,34685,13987,36547,,0.467,887,-1329,31342,8.33
"The Home Depot, Inc. (NYSE:HD)",1978,176877.1,0.7369,1.09,1202.9,99048.7,3.28,94595,2538,21216,,6.47,3727,134,94595,7.69
"Facebook, Inc. (NasdaqGS:FB)",2004,412255.8,0.5876,1.09,2890,37852,,27638,8903,315,5919,3.56,1131,576,27638,25
"Cisco Systems, Inc. (NasdaqGS:CSCO)",1984,168965.1,0.7748999999999999,1.29,5007.9,48752.1,4.27,48570,10898,24599,6280,1.96,160,-1551,49247,26.67
Oracle Corporation (NYSE:ORCL),1977,183185.6,0.5972999999999999,1.04,4114.7,38374.3,8.43,37429,19748,40106,6768,2.17,164,-110,37047,30.77
UnitedHealth Group Incorporated (NYSE:UNH),1974,157695.8,0.8744,0.893,964.9,198666.7,5.37,184840,10430,31965,,7.37,499,-3169,184840,20
Novartis AG (SWX:NOVN),1895,176890.9,0.4416,0.625,2363.8,48251,-0.665,49386,7007,21931,9572,2.82,2125,1642,49386,0
Bayerische Motoren Werke Aktiengesellschaft (DB:BMW),1916,59404.8,0.4048,1.57,657.1,104891.1,9.12,99401.5,5102.9,94632.6,4532.9,11,944.8,3000.1,99401.5,5
Ford Motor Company (NYSE:F),1903,46419.8,0.5705,1.39,3974.3,142512.8,,151800,7828,132854,7300,1.16,340,-5068,151800,31.58
CVS Health Corporation (NYSE:CVS),1892,80705.4,0.8704999999999999,0.643,1024.7,184418.9,14.5,177526,3371,27464,,4.93,16368,-1389,177526,9.09
Orange (ENXTPA:ORA),1990,41779.6,0.371,0.784,2659.6,44310.8,-3.38,43194.3,6708.5,37411.9,,1.09,2437.5,-7420,43194.3,6.25
KDDI Corporation (TSE:9433),1953,65933.5,0.3028,0.903,2457.9,42989.6,9.56,40165.5,2265.1,7667.8,154.2,1.93,79.2,359.2,39748.4,42.11
"NTT DOCOMO, Inc. (TSE:9437)",1991,87222.9,0.0942,0.633,3704.6,42835.7,2.63,39513.6,1538.3,1859.1,713.6,1.47,45.9,195.8,40290.9,41.38
"América Móvil, S.A.B. de C.V. (BMV:AMX L)",2000,48037.7,0.2195,0.687,65798,54850.7,-15.1,47351.3,1127.1,39656.2,,0.006,,-4053.1,47351.3,12.5
Vale S.A. (BOVESPA:VALE3),1942,48941.6,0.4585,1.88,5153.4,32820.1,-0.09,29079.4,4268.5,30974.2,337.4,0.794,519,3256.3,29079.4,10
"Pepsico, Inc. (NYSE:PEP)",1898,160577.3,0.7221,0.564,1428.2,63154.8,1.16,62799,9158,33284,760,4.39,350,-794,62799,12.5
"Merck & Co., Inc. (NYSE:MRK)",1891,174728.1,0.7561,0.825,2745.6,39927,-1.22,39807,6515,26436,6524,1.42,140,-70,39807,7.69
Amgen Inc. (NasdaqGS:AMGN),1980,120086,0.8077,1.44,736.5,23016.9,10.1,22991,3241,31429,3847,10.3,116,408,22991,6.67
"Amazon.com, Inc. (NasdaqGS:AMZN)",1994,417199.8,0.6451,1.31,477.2,165247.4,28.7,135987,19334,17512,634,5,3930,-4163,135987,9.09
Bayer Aktiengesellschaft (DB:BAYN),1863,95204.9,0.4458,0.95,826.9,53035.7,10.4,49370.8,2004.6,21649.7,4925.6,5.75,286.1,1853.7,49370.8,0
Philip Morris International Inc. (NYSE:PM),1987,176126,0.7284999999999999,0.595,1553.1,28338.1,1.29,26685,4239,28480,429,4.48,164,-113,26685,7.69
The Coca-Cola Company (NYSE:KO),1886,182067.3,0.5714,0.598,4292,34512.3,2.54,41863,8555,44348,,1.51,312,-1049,41863,22.22
Saudi Basic Industries Corporation (SASE:2010),1976,77400.1,0.00128,0.6,3000,39921.5,-1.28,35394.9,10863.4,19722.7,532.1,1.59,,11.3,35394.9,11.11
Visa Inc. (NYSE:V),2007,206961.7,0.7636,0.911,2320.7,18101.3,,15978,5824,15877,,2.58,190,-1631,15082,10
AbbVie Inc. (NYSE:ABBV),2012,104809.5,0.6954,1.04,1593.6,27759.3,,25638,5100,31671,4366,3.65,449,941,25638,10
Sanofi (ENXTPA:SAN),1973,114288.7,0.4783,0.834,1256.9,39067.4,1.63,36638.9,10844.5,17983.2,5459.7,3.86,592.2,-183.7,36638.9,6.67
Siemens Aktiengesellschaft (DB:SIE),1847,109179.3,0.3166,1.06,808.3,90792.4,6.91,84315.4,10057,34495.8,5264.4,7.61,977.9,191.1,89522.8,0
Rio Tinto Limited (ASX:RIO),1959,83364.3,0.0548,1.4,1798.2,39117.5,-4.66,33781,8201,23338,60,2.57,612,-313,33781,15.38
Rio Tinto plc (LSE:RIO),1873,72797.9,0.5650999999999999,1.67,1798.1,39620.6,-4.66,33781,8201,23338,60,2.57,612,-63,33781,15.38
"Charter Communications, Inc. (NasdaqGS:CHTR)",1999,87644.5,0.7558,,268.9,41975.5,,29003,1535,35733,,17.1,410,-4147,29003,7.69
BASF SE (DB:BAS),1865,90809.2,0.3273,1.22,918.5,66660.3,2.35,60751.6,1451.5,17241.4,1966.6,4.66,418,194.2,60751.6,0
China Shenhua Energy Company Limited (SEHK:1088),2004,53896.4,0.1166,1.73,19889.6,29772.5,3.51,26374.3,5932,16418.2,57.6,0.18,,-2721.7,26374.3,27.27
United Technologies Corporation (NYSE:UTX),1934,89837,0.7545999999999999,1.13,801.7,58747.6,3.08,57244,7157,20425,3726,6.18,638,3573,57244,6.67
Duke Energy Corporation (NYSE:DUK),2005,57684.4,0.5634,0.254,699.9,24507,1.45,22381,392,42501,,3.12,948,-1296,22381,6.67
Christian Dior SE (ENXTPA:CDI),1946,41550.4,0.09230000000000001,0.942,179.3,43976.4,,41698.5,3981.8,11311.9,53.8,10.4,3644.8,570,42165.6,10
China State Construction Engineering Corporation Limited (SHSE:601668),1982,40018.1,0.24109999999999998,0.598,30000,153594.5,,140859.8,38702.6,37212.2,,0.156,14.9,-2423.5,135629.9,9.09
"Honda Motor Co., Ltd. (TSE:7267)",1946,55154.4,0.466,1.32,1802.3,132291.4,-3.9,119003.5,15417.7,54294.9,5690.7,2.03,217.9,-1276.6,129949.7,73.08
"Altria Group, Inc. (NYSE:MO)",1919,141500.1,0.6304,0.509,1939.4,19766.6,1.71,19337,4569,12847,203,7.28,72,-160,19337,9.09
Unilever PLC (LSE:ULVR),1885,142222.7,0.3651,0.62,2839.7,59537.8,0.889,55645.5,3570.1,15903.3,1032.4,1.93,1046.1,294.5,55645.5,18.75
Unilever N.V. (ENXTAM:UNA),1927,142992.8,0.294,0.852,2839.7,59749.4,0.889,55645.5,3570.1,15903.3,1032.4,1.93,1046.1,246,55645.5,13.33
McDonald's Corporation (NYSE:MCD),1940,105519.1,0.6990000000000001,0.677,819,21788,2.83,24621.9,1223.4,24125.5,,5.49,6754,1226,24621.9,7.69
"T-Mobile US, Inc. (NasdaqGS:TMUS)",1994,53509.3,0.3614,0.656,826.5,40562.1,-5,37242,5500,28901,,1.71,2188,2085,37242,9.09
Union Pacific Corporation (NYSE:UNP),1862,85920.5,0.8158,0.935,813.8,20860.3,10.2,19941,1277,14201,,5.09,1314,-750,19941,8.33
Tencent Holdings Limited (SEHK:700),1998,271953.1,0.21780000000000002,1.02,9382,30411.8,44.1,21882.4,10355.4,10152.8,1705.9,0.631,,-3546.8,21882.4,25
Medtronic plc (NYSE:MDT),1949,111071.3,0.8628,0.749,1368.9,30477.5,3.81,29361,2768,35880,2215,2.86,55,224,28833,8.33
LVMH Moët Hennessy - Louis Vuitton SE (ENXTPA:MC),1923,109405.5,0.1968,1.06,501.9,43216.9,7.8,39691.8,3741.2,8998.1,117.2,8.36,3279.8,77.1,39691.8,41.38
GlaxoSmithKline plc (LSE:GSK),1935,101225.7,0.787,0.454,4853.8,37121.8,-16.3,34434.3,6046.3,24527.4,4479.5,0.232,400,-2141,34434.3,30.77
3M Company (NYSE:MMM),1902,113949.8,0.6777,0.883,597.6,30449.1,2.75,30109,2398,10843,1735,8.35,188,-195,30109,8.33
The Dow Chemical Company (NYSE:DOW),1897,78161.4,0.6905,0.904,1213.3,51189.4,1.49,48158,6532,17214,1584,3.57,1064,28,48158,7.69
The Boeing Company (NYSE:BA),1916,108013.3,0.7652,1.21,608.1,92074.2,8.25,94571,8801,9964,4627,7.7,620,-3895,94571,7.69
The Kraft Heinz Company (NasdaqGS:KHC),2013,111355.8,0.3582,0.933,1217.1,26662.3,,26487,4204,25234,120,2.84,107,-355,26487,0
Time Warner Inc. (NYSE:TWX),1985,75473.9,0.8286,0.649,774.3,30947.9,-4.99,29318,1539,23792,9,5.01,259,1636,29318,18.18
QUALCOMM Incorporated (NasdaqGS:QCOM),1985,84723.1,0.812,1.1,1477,24370.6,6.95,23778,6885,10950,5110,3.31,36,415,23554,15.38
"Walgreens Boots Alliance, Inc. (NasdaqGS:WBA)",1901,90422.1,0.5869,0.897,1079.4,127724.6,8.41,116819,9598,14277,238,3.81,20190,-1401,117351,18.18
FedEx Corporation (NYSE:FDX),1971,51047.2,0.7719,1.28,267.4,62501.5,-0.345,57570,3173,8488,,7.13,8023,-108,50365,7.69
Honeywell International Inc. (NYSE:HON),1920,95318,0.7741,1.09,760.7,39186.7,8.73,39302,7843,12068,3110,6.29,256,-192,39302,15.38
"United Parcel Service, Inc. (NYSE:UPS)",1907,92171.9,0.5616,0.808,869.3,64067.3,-2.01,60906,3476,14366,,3.89,300,430,60906,8.33
"Iberdrola, S.A. (BME:IBE)",,44882.2,0.2879,0.789,6308.8,34694.3,5.09,30840.7,1512.4,31978.8,223.2,0.444,947,114.3,30840.7,6.25
"NextEra Energy, Inc. (NYSE:NEE)",1925,61119.4,0.7916,0.241,468.2,17663.4,8.56,16155,1292,29687,,6.29,,-903,16155,8.33
Glencore Plc (LSE:GLEN),1974,55418.4,0.27690000000000003,2.94,14250.3,182234.4,4.79,152948,2508,44189,,0.097,97,-2065,152948,12.5
Alibaba Group Holding Limited (NYSE:BABA),1999,273775,0.35729999999999995,1.58,2500,28050.1,,20721.5,19297.3,8704.8,2320.9,2.24,10.1,-2503.5,15670.6,46.15
The Southern Company (NYSE:SO),1945,49544.4,0.5381,0.289,991.9,22458.3,4.52,19896,1975,28768,,2.57,2236,-386,19896,36.36
"Lowe's Companies, Inc. (NYSE:LOW)",1946,71193.9,0.7689,1.05,866,68308.7,-0.039,65017,558,12649,,3.48,,212,65017,9.09
Novo Nordisk A/S (CPSE:NOVO B),1925,79248,0.2921,0.728,2322.1,16781.2,19.4,15871.3,2653.7,156.2,2067.8,2.13,330.7,-428.1,15871.3,15.38
National Grid plc (LSE:NG.),1990,47191.8,0.7813,0.319,3749.5,19825.2,4.03,20136.3,210.9,43297.3,37.8,0.712,411.9,187.5,21770.1,33.33
British American Tobacco p.l.c. (LSE:BATS),1902,122770.3,0.8057,0.704,1858.1,21929.4,9.38,18212.9,2721.3,25071.5,177.8,3.09,61.7,353.1,18212.9,18.18
Reliance Industries Limited (NSEI:RELIANCE),1973,63699.5,0.2325,0.55,3251.3,52928.8,,41864.5,,23560.9,92.5,1.34,,,41726.7,35.71
"Hon Hai Precision Industry Co., Ltd. (TSEC:2317)",1974,52377,0.2216,0.544,17326.9,147680.9,9.13,139968.3,20845.8,9086.6,1650.9,0.246,0.564,-1768.4,135925.6,33.33
"Twenty-First Century Fox, Inc. (NasdaqGS:FOXA)",1922,58951.2,0.7809,1.09,1850.8,29433.5,-0.782,28062,4530,19737,,1.64,418,755,27326,52.94
Telstra Corporation Limited (ASX:TLS),1901,42044,0.1839,0.296,11874.2,21504.4,7.16,19026.7,859.1,12662.9,,0.325,788.9,547.4,19741.5,10
CK Hutchison Holdings Limited (SEHK:1),2014,48040.4,0.22699999999999998,0.855,3857.7,50052.5,6.21,33510.1,20153.1,40007.8,,1.1,3909.5,990.3,33510.1,42.86
Bristol-Myers Squibb Company (NYSE:BMY),1887,92177.6,0.732,0.993,1647.5,19708.8,10.9,19427,4237,6697,4927,2.67,340,1230,19427,15.38
VINCI SA (ENXTPA:DG),1899,43927.2,0.3933,0.792,553.6,42032.7,7.03,40829.7,7049.5,21074.1,,4.77,115.1,-191.1,40829.7,19.23
Continental Aktiengesellschaft (DB:CON),1871,43651,0.2847,1.2,200,46614.9,11.1,42805.3,2224.2,5696.2,3025.2,14.8,430.2,-185.1,42805.3,5
SAP SE (DB:SAP),1972,117660.9,0.3724,0.858,1198.6,25552,6.9,23289.3,3907.9,9986.4,3213.3,3.21,497.2,444.4,23289.3,22.22
Biogen Inc. (NasdaqGS:BIIB),1978,57989.6,0.8959999999999999,1.38,216,11359.5,32.8,11448.8,2326.5,6526.3,1973.3,17,331.9,-277,11448.8,9.09
Mastercard Incorporated (NYSE:MA),1966,120791.7,0.8847,1.01,1077.9,11777.5,55.2,10776,6721,3268,,3.7,39,-290,10776,8.33
Japan Tobacco Inc. (TSE:2914),1898,58989,0.2832,0.889,1791,19718.6,,18357.9,2519.5,2192.3,,2.02,,1171.4,18357.9,36.36
Aetna Inc. (NYSE:AET),1853,44219.2,0.9248000000000001,0.656,351.7,60604.5,2.93,63155,17996,7785,,6.47,84,-1242,63155,4.35
"Kinder Morgan, Inc. (NYSE:KMI)",1936,47796.5,0.5922,1.29,2232.4,13487,,13058,684,43304,,0.246,342,-26,13058,18.75
Lockheed Martin Corporation (NYSE:LMT),1909,77741.3,0.6806,0.646,289.8,50155.8,7.68,47248,1837,15261,988,17.7,121,208,47248,8.33
Allergan plc (NYSE:AGN),1983,80989.8,1.0275,0.698,335.6,15595.1,,14570.6,1724,42530.4,2575.7,38.2,172.8,-2022.7,14570.6,7.69
Emirates Telecommunications Group Company PJSC (ADX:ETISALAT),1976,42742.9,0.0155,0.351,8696.8,14178.5,3.69,14256.9,6446.7,6016.9,,0.264,141.7,440.3,14256.9,0
Reynolds American Inc. (NYSE:RAI),2004,89817.9,0.4813,0.498,1427,12972.5,17.5,12503,2051,17355,101,4.26,,49,12503,14.29
AstraZeneca PLC (LSE:AZN),1992,77905.1,0.8423999999999999,0.573,1265.6,21654.5,-5.32,23002,5018,15063,5809,2.77,96,-1267,23002,18.18
Ambev S.A. (BOVESPA:ABEV3),1885,91593.6,0.3143,0.492,15699.9,15790.6,,14013,2420.4,909.3,,0.246,20.4,1524.7,14013,0
"Dominion Resources, Inc. (NYSE:D)",1909,48794.8,0.6696,0.309,628.2,13177.8,4.4,11737,261,28985,,3.44,238,-199,11737,7.69
"Anthem, Inc. (NYSE:ANTM)",1944,43617.2,0.9188,0.625,264.4,86896.1,-2.23,84862.8,4075.3,17165.4,,9.39,201.1,-104.4,84862.8,13.33
Fresenius SE & Co. KGaA (DB:FRE),1912,44350,0.4311,0.734,553.4,36536.9,17.1,30700.9,1666.8,16046.7,527.8,3.08,1551.8,381.1,30700.9,0
L'Oréal S.A. (ENXTPA:OR),1909,106907.9,0.1515,0.731,552.6,29558.3,4.19,27274.5,1843.1,849.1,897.1,5.86,982.6,-45.4,27274.5,6.25
Accenture plc (NYSE:ACN),1989,75017.6,0.8105,0.997,620.1,35699.7,11.6,33757.2,3238.9,28.7,643.4,6.12,902.7,-897.1,32882.7,9.09
Texas Instruments Incorporated (NasdaqGS:TXN),1930,80461,0.8708,1.3,999.6,14035.5,-1.87,13370,1154,4120,1370,3.54,57,33,13370,7.69
"Industria de Diseño Textil, S.A. (BME:ITX)",1963,109482.8,0.17170000000000002,0.852,3113.2,28078.8,12.2,25154.9,4441.6,12,,1.09,,-131.9,25154.9,6.67
Eli Lilly and Company (NYSE:LLY),1876,88884.8,0.6866,0.515,1052.6,22124.8,0.278,21222.1,4582.1,7978.9,5243.9,2.59,339.4,112.9,21222.1,11.11
"NIKE, Inc. (NYSE:NKE)",1964,93776,0.6404000000000001,1.08,1654.5,35889.3,11.4,33917,4021,2109,,2.45,1244,-428,32376,15.38
E. I. du Pont de Nemours and Company (NYSE:DD),1802,70782.7,0.725,0.78,864.6,25180,-2.23,24594,4605,8807,1641,2.87,219,652,24594,15.79
Costco Wholesale Corporation (NasdaqGS:COST),1976,73491.9,0.7392,0.918,438.9,131348.6,8.27,121194,4744,4975,,5.44,2204,-438,118719,35.71
Carnival Corporation (NYSE:CCL),1972,42756.1,0.5233,0.931,725.2,17184.2,2.61,16529,437,9112,,4.07,198,-517,16389,9.09
Carnival plc (LSE:CCL),1850,41312.4,0.2352,0.261,724.7,17310,2.61,16529,437,9112,,4.07,198,-517,16389,9.09
Starbucks Corporation (NasdaqGS:SBUX),1971,83858.8,0.7172,0.986,1457.4,23489.8,17.1,21675.3,2034.6,2347.7,,1.97,2695.5,-284,21315.9,14.29
Canadian National Railway Company (TSX:CNR),1919,55903.2,0.5846,0.91,760.3,9551.8,5.72,8961.3,131,7515.1,,3.49,113.9,-23.8,8961.3,5
Canadian National Railway Company (TSX:CNR),1919,55903.2,0.5846,0.91,760.3,9551.8,5.72,8961.3,131,7515.1,,3.49,113.9,-23.8,8961.3,5
Enterprise Products Partners L.P. (NYSE:EPD),1968,57642.1,0.37479999999999997,1.04,2117.6,25781.9,17.4,23022.3,63.1,22544.5,,1.2,205.9,1817.9,23022.3,25
Suncor Energy Inc. (TSX:SU),1953,52457.8,0.6939,1.26,1669,26012.9,-17.5,19957.3,2245.4,11029.3,,0.201,1092.9,858.4,19957.3,7.69
General Dynamics Corporation (NYSE:GD),1899,57121.7,0.8314,0.935,303.4,31441.4,4.76,31353,2334,3399,418,9.7,443,1325,31353,7.14
Heineken N.V. (ENXTAM:HEIA),1864,48539.9,0.1864,0.794,569.7,23271.5,2.43,21948.7,3203.8,16296.5,,2.85,714.7,-149.9,21948.7,0
Tata Consultancy Services Limited (NSEI:TCS),1968,74162.5,0.1422,0.39,1970.4,19282.7,20.9,17194,551.6,26.9,164.7,1.95,186,673.1,16393.2,27.27
CSX Corporation (NasdaqGS:CSX),1978,43802.4,0.7843000000000001,1.37,926.4,11428.7,2.73,11069,603,10535,,1.81,153,288,11069,5.88
Enbridge Inc. (TSX:ENB),1949,68247.1,0.44049999999999995,1.06,1634.2,34165.2,12.8,25729.2,1576.1,31376.3,,1.45,442.2,-222.6,25729.2,7.69
Sun Hung Kai Properties Limited (SEHK:16),1972,42859.6,0.17850000000000002,0.997,2895.5,12520.7,8.39,13234.8,3022.6,10472.8,,1.72,112.3,-1384.9,11754,36.36
Air Liquide SA (ENXTPA:AI),1902,44656.3,0.2659,0.897,387.7,22532.3,6.29,19143.7,1607.7,8861.9,304,5.4,453.9,450,19143.7,15.38
Imperial Brands PLC (LSE:IMB),1901,45079.9,0.8751000000000001,0.475,948.4,10975.7,-2.95,18358.9,1658.9,21528.3,,0.861,41.7,-729.2,18358.9,33.33
Abbott Laboratories (NYSE:ABT),1888,77189.8,0.6509,1.09,1728,26316.1,-2.02,20853,18620,9001,1422,0.943,258,692,20853,8.33
Deutsche Post AG (XTRA:DPW),,41068.4,0.371,1.08,1211.3,64436.8,3.25,61019.7,3279.8,5623.7,84.5,2.32,2612.7,206.9,61019.7,0
Merck Kommanditgesellschaft auf Aktien (DB:MRK),1668,48857.2,0.165,0.77,434.8,16776.6,5.18,15859.8,991.2,14893.3,2189.4,3.96,30.6,375.8,15859.8,0
Shire plc (LSE:SHP),1986,53397.2,0.5643,0.628,898.5,15298.6,1.64,11396.6,528.8,1594.8,1430.9,0.425,441.9,2408.8,11396.6,15.38
Thermo Fisher Scientific Inc. (NYSE:TMO),1956,60112.4,0.8591,0.962,390.4,19515.2,28.2,18274.1,786.2,12488.4,754.8,5.12,176.5,429.9,18274.1,5.56
"The TJX Companies, Inc. (NYSE:TJX)",1956,51440.6,0.9177,0.869,645.6,35629.5,12,33183.7,2929.8,1709.3,,3.46,,-402.3,33183.7,18.18
TransCanada Corporation (TSX:TRP),1951,40080.9,0.6225999999999999,0.865,867,9474,-14.2,9309.7,756.4,25289.7,,0.121,462.3,1856.7,9309.7,7.69
Diageo plc (LSE:DGE),1886,72228.4,0.7495999999999999,0.644,2510.1,15277.2,3.69,13952,1548.3,14548,34.6,1.16,541.1,-786.5,13939.2,20
ABB Ltd (SWX:ABBN),1883,49883.3,0.299,0.942,2138.7,33455.7,3.17,33828,3644,7440,1455,0.883,243,-229,33828,0
Colgate-Palmolive Company (NYSE:CL),1806,64942.9,0.7395,0.687,882.9,15452.2,6.08,15195,1315,6548,289,2.74,145,-462,15195,9.09
"Mondelez International, Inc. (NasdaqGS:MDLZ)",2000,66697.1,0.7961,1.01,1524.5,25796.3,-5.94,25923,1741,15483,376,1.07,157,-830,25923,7.69
The Priceline Group Inc. (NasdaqGS:PCLN),1997,87771.7,0.9686,1.33,49.2,12470.4,39.9,10743,2081.1,6158.4,,43.1,150.7,-254.8,10743,16.67
Danaher Corporation (NYSE:DHR),1969,59358.7,0.7870999999999999,0.794,693.3,17853.5,8.57,16882.4,963.7,12870.4,975.1,3.7,137.9,-298.5,16882.4,25
"China Yangtze Power Co.,Ltd. (SHSE:600900)",2002,42311.5,0.1313,0.201,22000,6938.7,19.2,7060.5,,7310.3,,0.15,,,7060.5,4.76
Kimberly-Clark Corporation (NYSE:KMB),1872,47147.7,0.7091,0.636,355.8,18338.9,3.74,18202,923,7839,328,6.03,73,-648,18202,14.29
Danone (ENXTPA:BN),1899,41648.3,0.5207999999999999,0.818,611.4,27926.8,2.43,23164.8,588,12031.5,351.5,2.95,189,211.1,23164.8,10
Monsanto Company (NYSE:MON),2000,49951.4,0.768,0.625,438.6,14544,8.43,13933,2112,9732,1518,3.69,87,-912,13502,7.69
Celgene Corporation (NasdaqGS:CELG),1980,96537.9,0.8029000000000001,1.43,778,13287.3,40,11229.2,6169.9,14161.4,4470.1,2.57,35.2,-410.9,11229.2,25
Schneider Electric S.E. (ENXTPA:SU),1836,40368.1,0.5733,1.35,555,27322.4,2.94,26066.7,2950.5,8286.7,978.6,3.29,128.8,16.9,26066.7,6.67
Henkel AG & Co. KGaA (DB:HEN3),1876,51595.1,0.222,0.826,434.3,22056.7,9.16,19755.1,1466.3,960.1,488.8,4.99,152,-29.6,19755.1,0
Las Vegas Sands Corp. (NYSE:LVS),1988,45455.9,0.40990000000000004,1.14,794,12406,14.2,11410,2128,9344,,2.1,257,-730,11410,20
Raytheon Company (NYSE:RTN),1922,44497.3,0.7787000000000001,0.687,292.9,25051.3,5.59,24069,3303,5330,755,7.46,445,362,24069,9.09
Northrop Grumman Corporation (NYSE:NOC),1939,41296.3,0.7609,0.753,174.6,25175.3,3.62,24508,2541,6496,705,12.3,160,29,24508,11.11
SAIC Motor Corporation Limited (SHSE:600104),,41938.8,0.1346,0.499,11683.5,115052.5,39.7,107465,12899.7,5419.3,1255.8,0.43,306.1,-453.2,101987.4,9.09
"Kweichow Moutai Co., Ltd. (SHSE:600519)",1999,70408.1,0.2146,0.502,1256.2,6437.6,27.8,5419.3,9296.3,0,76.6,1.97,,-3521,5030.5,16.67
Illinois Tool Works Inc. (NYSE:ITW),1912,45610.9,0.7791,1.19,345.7,13985.6,1.71,13599,2472,7422,223,5.73,43,-245,13599,8.33
Singapore Telecommunications Limited (SGX:Z74),,45979.5,0.2182,0.673,16322,11957.6,-1.52,11414.8,586.6,7180.5,,0.166,1318.3,165.9,12609.5,7.14
Reckitt Benckiser Group plc (LSE:RB.),1823,63621.7,0.7479,0.464,700.4,13852.1,10.5,12212.3,1089,3568.8,,3.21,,-127.2,12212.3,18.18
Stryker Corporation (NYSE:SYK),1941,49182.6,0.7798,0.605,372.9,12174.2,7.79,11325,3316,3998,715,4.4,59,427,11325,11.11
CRRC Corporation Limited (SHSE:601766),2007,40660.1,0.1637,0.9,28698.9,37306.3,35.4,32280.7,5909.8,4555.4,,0.059,,2178.5,32280.7,18.18
"Applied Materials, Inc. (NasdaqGS:AMAT)",1967,41973,0.8445999999999999,1.44,1079.8,13205,1.87,11846,3491,3343,1583,1.96,6,-148,10825,9.09
"Automatic Data Processing, Inc. (NasdaqGS:ADP)",1949,45846.4,0.8017,0.993,448.9,12742.5,0.39,12051,2705.2,1994.8,,3.75,100.8,-263.7,11667.8,10
Syngenta AG (SWX:SYNN),1999,40712.5,0.37450000000000006,0.42,92.2,13157,6.39,12790,1284,3730,1299,12.8,19,-506,12790,0
Atlas Copco AB (OM:ATCO A),1873,41184.1,0.5104,1.07,1214.5,12536,-2.49,11166.1,1262.3,2723.3,302.7,1.08,49.5,172.5,11166.1,9.09
ASML Holding N.V. (ENXTAM:ASML),1984,53782.3,0.6884,1.15,404.4,8542.3,9.67,7172.8,3068.6,1229.9,962.9,3.86,5.52,414.7,7172.8,0
Compagnie Financière Richemont SA (SWX:CFR),1988,44519.7,0.3282,1.25,564.6,11825.3,3.25,11623.7,4640,2535.6,121.4,3.32,1232.3,-363.1,12614.3,33.33
"Baidu, Inc. (NasdaqGS:BIDU)",2000,59264.8,0.655,1.32,347.3,12421.2,44.1,10160.6,1569.6,5401.8,1461.9,4.83,,-1632.1,10160.6,40
ITC Limited (NSEI:ITC),1910,52951.2,0.4858,0.655,12145.5,6667.9,15.8,5949,,,18.4,0.124,0.065,-345,5949,21.43
NVIDIA Corporation (NasdaqGS:NVDA),1993,63223.3,0.7641,1.88,589,8045.5,14,6910,1766,1427,1463,3.08,13,668,6910,8.33
"PayPal Holdings, Inc. (NasdaqGS:PYPL)",1998,52215.9,0.8447,1.22,1207.6,12609,,10842,5909,0,1042,1.16,141,1494,10842,11.11
CSL Limited (ASX:CSL),1916,43719.3,0.2851,0.332,454.6,7139.4,24.9,6452,884.5,3074.4,616.9,2.9,363.9,283.1,5909.5,11.11
Adobe Systems Incorporated (NasdaqGS:ADBE),1982,64103,0.8916,1.07,494.7,7492.2,9.2,6152.7,1068.9,1916.8,1023.9,2.64,177.5,-451.8,5854.4,30
Hermès International Société en commandite par actions (ENXTPA:RMS),1837,49271.6,0.0946,0.828,104.4,6055.2,15.1,5491.4,,45.2,,,,,5491.4,0
Keyence Corporation (TSE:6861),1972,48678.7,0.27399999999999997,1.09,121.3,3963.3,,3690.6,3674.3,0,106.8,10.3,,,3690.6,53.85
Airbus Group SE (ENXTPA:AIR),2000,59525.9,0.2683,1.14,772.5,73151.8,26,70285,10707.3,9910.4,3355.9,1.36,223.8,-4231,70285,15.38
"Regeneron Pharmaceuticals, Inc. (NasdaqGS:REGN)",1988,41595.4,0.6970000000000001,1.57,105.5,5459.6,,4860.4,535.2,373.7,2052.3,8.55,22.3,-42.2,4860.4,15.38
"Salesforce.com, inc. (NYSE:CRM)",1999,58283.9,0.8623000000000001,1.13,707.5,10181.3,80.8,8392,1606.5,2048.6,1398.8,0.261,1202.8,-855.2,8392,16.67
"Netflix, Inc. (NasdaqGS:NFLX)",1997,63042.2,0.8364,1.69,430.4,11237,14.3,8830.7,1467.6,2371.4,852.1,0.435,307.5,-191.6,8830.7,11.11
Naspers Limited (JSE:NPN),1915,77985.4,0.5747,0.966,431.1,6527.1,15.9,5905,1545,4026.8,,2.2,50,-293,5930,18.75
