Industry,Number of firms,Beta,D/E Ratio,Tax rate,Unlevered Beta,Cash/Firm Value,Unlevered Beta corrected for cash
Advanced Materials/Prd,2,0.8316400580551524,0.24856154178807482,0.17785,0.6905274165274752,0.014790520132475098,0.7008940033954263
Advertising Agencies,2,0.362844702467344,0.050788759789496485,0.5,0.3538586807005791,0.05887417198950324,0.37599507968942103
Advertising Sales,6,1.1088534107402033,0.13089325467187857,0.29583333333333334,1.0152748507311176,0.06476193244030315,1.0855790476752722
Advertising Services,22,1.1342143457337102,0.31310364238873056,0.25072272727272726,0.9186886601622374,0.06255343237737238,0.9799904249391403
Aerospace/Defense,8,1.4038461538461537,0.29856893223379627,0.41647499999999993,1.1955538495850122,0.08707440573949124,1.3095852028920703
Aerospace/Defense-Equip,12,1.3331720690211257,0.10931572121831136,0.28039166666666665,1.235946917818634,0.06683335926071342,1.324465388989339
Agricultural Biotech,2,0.8548621190130625,0.0006856225298305794,0,0.8542764078611301,0.07404106373167241,0.9225856292331034
Agricultural Chemicals,2,7,0.33636929388476516,0.39765000000000006,7,0.040134479725356796,7
Agricultural Operations,26,0.6256970437705295,0.28583907341234926,0.2577423076923077,0.516180881337935,0.047085878986647234,0.5416866745442028
Airlines,14,1.7991515016188457,0.9654163446036934,0.11907142857142856,0.9722710780665916,0.10081896533214388,1.0812851256651936
Airport Develop/Maint,8,0.9544629898403484,0.536197519597699,0.44272500000000004,0.7348752914708426,0.05202304032491542,0.775203747275375
Apparel Manufacturers,23,0.869903681224436,0.1991516876911631,0.2815521739130435,0.761017258059275,0.04638217326433397,0.798031702767467
Appliances,13,0.9148524431543302,0.2703785306360424,0.31119230769230766,0.7712211353249792,0.11299561051208337,0.8694671012510082
Applications Software,40,1.2030720851475571,0.12605314815967672,0.27217749999999996,1.1019723812105955,0.13134338921156524,1.268593788989175
Athletic Equipment,3,0.9499274310595067,0.29126499803454375,0.2954,0.7881741423580382,0.05145036712477899,0.8309255678787661
Athletic Footwear,2,0.793178519593614,0.14736040951161716,0.34964999999999996,0.7238114405074716,0.044428533101327466,0.757464476054959
Auction House/Art Dealer,4,0.4597242380261249,0.13267779068243613,0.21295,0.4162569946567619,0.043221170891583706,0.4350608332802003
Audio/Video Products,7,1.29255650010367,0.24049430650240772,0.26087142857142853,1.09747372640875,0.10621828103102214,1.2278990531096798
Auto/Trk Prts&Equip-Orig,22,1.0299260487939734,0.5732590851353542,0.3233772727272728,0.742085739094543,0.05691044346169134,0.7868666702433145
Auto/Trk Prts&Equip-Repl,3,0.7493952588292211,0.1141748945102578,0.16796666666666668,0.6843809080330084,0.055144665788269966,0.7243234845088438
Auto-Cars/Light Trucks,10,1.267698758264796,1.973089998964207,0.39485000000000003,0.577798474352863,0.10945502651516437,0.6488144805217991
Auto-Med&Heavy Duty Trks,6,1.283599419448476,0.5676495854751107,0.4790666666666667,0.9906551668254363,0.041009202205072405,1.0330184284388513
B2B/E-Commerce,2,0.7735849056603774,8.031845302804182e-05,0.2213,0.7735365256078757,0.15813272903960301,0.9188343011902934
Batteries/Battery Sys,3,0.9003386550556364,0.06879434325731348,0.17603333333333335,0.852041334693928,0.26756551935494893,1.1633004141797636
Beverages-Non-alcoholic,8,0.8094546962471492,0.27483719209166846,0.278775,0.6755479504487003,0.04761249754387831,0.7093204695636208
Beverages-Wine/Spirits,26,0.797636325938213,0.3319698368057272,0.2291153846153846,0.6351060557791574,0.03499398547287814,0.6581368884942919
Bicycle Manufacturing,2,0.5471698113207548,0.40864776613916465,0.3623,0.43405689378133344,0.0007164461333964975,0.4343680951235555
Bldg Prod-Air&Heating,7,0.7876149008224481,0.16881763949717235,0.3235142857142857,0.706886534799561,0.06310984957513058,0.7545031127491261
Bldg Prod-Cement/Aggreg,32,0.9890896351533959,0.509748715000172,0.27084062500000006,0.7210747603686501,0.06403097305326719,0.7704045108425233
Bldg Prod-Doors&Windows,4,0.8033381712626997,0.4115050972209672,0.223075,0.6087239051773153,0.054890745688558375,0.6440778168242575
Bldg Prod-Wood,5,0.8452830188679247,0.535789437101357,0.24008000000000002,0.6007026603044773,0.049697816175330076,0.6321175206467867
Bldg&Construct Prod-Misc,32,0.9145621673923562,0.31478706495343445,0.333471875,0.7559524362311866,0.07803168649946297,0.8199332072064169
Bldg-Mobil Home/Mfd Hous,5,0.6920174165457185,0.1274364061725531,0.2522,0.631808040730892,0.17292788558287145,0.7639092525518805
Bldg-Residential/Commer,18,1.0805942115598053,0.247149260042001,0.30973333333333336,0.9231122764134767,0.053336282399045074,0.9751216395541571
Brewery,39,0.6671504596032899,0.5235661059104795,0.2628820512820512,0.4813738587920398,0.046320198700286905,0.5047541723500951
Broadcast Serv/Program,11,1.0031930333817127,0.21530568680865364,0.18491818181818181,0.8534241374393927,0.10567255206964288,0.9542636082727614
Building&Construct-Misc,33,0.8906627963231739,0.4232521083805577,0.2981121212121213,0.686669958279016,0.1722895588428191,0.829601662773538
Building-Heavy Construct,42,1.0857841264991215,0.6517959445242391,0.2623738095238096,0.7332506086823825,0.12364604147384466,0.8367059925370305
Building-Maint&Service,2,0.7198838896952106,0.07403264999074592,0.35395,0.6870243441892874,0.058137794862853025,0.7294319067503595
Cable TV,3,1.1712626995645865,0.6555516896666025,0.11109999999999999,0.7400315759128618,0.02084026802341998,0.7557822812208562
Casino Hotels,6,0.4829462989840349,0.4522648128413262,0.14570000000000002,0.34835315127982297,0.042813391663880825,0.36393441806020094
Casino Services,1,0.8708272859216256,0.650676353833873,0.4194,0.6320498084257798,0.06575981293822136,0.6765388785228783
Cellular Telecom,11,1.1606192549588779,0.08030326753471229,0.16979999999999998,1.0880794232801285,0.024869262510680612,1.1158292744228526
Central Bank,3,0.7484276729559749,16.733868610578497,0.36833333333333335,0.06468565159425356,0.1417490383405752,0.07536915713928721
Ceramic Products,5,0.8219641993226899,0.3733539067933927,0.24996000000000002,0.6421442977280097,0.06795195201583444,0.688960509189242
Chemicals-Diversified,21,1.086066763425254,0.2769175794697131,0.2674714285714286,0.9029111928410564,0.058626785110589295,0.959142642429153
Chemicals-Fibers,3,0.9472665699080794,0.5347059496624429,0.11183333333333333,0.6422546825242398,0.07395993865945881,0.6935495658735412
Chemicals-Other,2,1.0014513788098693,0.06393929686694233,0.2274,0.9543089910802963,0.02126180514306468,0.9750401037733999
Chemicals-Plastics,11,0.9227866473149493,0.391690916783935,0.20495454545454547,0.7036587959606068,0.06543307644737917,0.7529249946978112
Chemicals-Specialty,20,1.1201741654571844,0.43308508460834083,0.3391449999999999,0.8709131967428275,0.06589783918144271,0.9323532620667989
Closed-end Funds,2,0.7053701015965167,0.0033397713558566003,0.0052,0.7030343371197154,0.019773180681276797,0.7172159782450536
Coal,3,1.1886792452830188,0.060590629987036564,0.3333333333333333,1.1425282413359994,0.08953494496234266,1.2548842319804836
Coatings/Paint,3,0.582970488630866,0.29022312657940524,0.40713333333333335,0.497388093832619,0.039206408101678775,0.517684649467621
Coffee,1,0.6923076923076923,0.17501483176540386,0.37170000000000003,0.6237220781677693,0.07285054818234277,0.6727308924628872
Commer Banks Non-US,165,1.0727334300919211,4.095320771711613,0.25644424242424246,0.265193346370772,0.07728770305252192,0.28740632074383976
Commercial Serv-Finance,1,0.6850507982583455,0,0,0.6850507982583455,0,0.6850507982583455
Commercial Services,28,1.0148766328011611,0.3352851231618129,0.2781464285714286,0.8171133364779949,0.06729813743701553,0.8760713034630785
Communications Software,8,1.2285921625544267,0.020105652120207904,0.308475,1.2117445975264176,0.12570329020872595,1.3859649521221513
Computer Aided Design,3,1.2982583454281569,0.0043681788509727735,0.5733333333333333,1.2958432094700625,0.11805895077319933,1.4693081931112408
Computer Data Security,10,1.3539290897781466,0.0389906169011295,0.2118,1.3135602259196664,0.10439564062073174,1.466674667405681
Computer Services,66,1.31253804017042,0.16923485574970135,0.260969696969697,1.1666282148154197,0.11241109048681759,1.3143789904442165
Computer Software,13,1.3354297693920336,0.05314867716537939,0.15574615384615387,1.2780810274160717,0.15435006961018277,1.5113594662355352
Computers,7,1.1671504596032898,0.4748047064957123,0.1906142857142857,0.8431339565650458,0.11472981805150562,0.9524029768056729
Computers-Integrated Sys,13,1.4275761973875185,0.14649204742483365,0.2764,1.290754135108635,0.09287411258916908,1.4229051921258438
Computers-Memory Devices,7,1.3379293662312532,0.029109774216163654,0.06161428571428572,1.3023540085207872,0.09682231672673851,1.4419687649952182
Computers-Other,1,0.7169811320754718,6.47631901570313e-05,0,0.7169347010970943,0.01201926968689673,0.7256565630281968
Computers-Peripher Equip,5,0.8415094339622643,0.012193599651458019,0.18224,0.8332012196168569,0.16270946951674214,0.9951160192101531
Consulting Services,27,1.1297867589594732,0.2494325610085448,0.277862962962963,0.9573454055135711,0.09206386045757917,1.0544193185173258
Consumer Products-Misc,2,0.7075471698113208,0.24608428241429017,0.11710000000000001,0.5812584234034267,0.03512578914384532,0.6024188613017888
Containers-Metal/Glass,9,0.7196765498652292,0.3425841036121301,0.23051111111111114,0.5695379864928841,0.04373284847799878,0.5955845974489489
Containers-Paper/Plastic,16,0.733139816158684,0.540871538984169,0.2608375,0.5237491267750949,0.054461699070847566,0.5539163524739528
Cooperative Banks,3,0.8222060957910016,4.54832732234669,0.48923333333333335,0.2474188821206688,0.0123719491216312,0.2505182815540945
Cosmetics&Toiletries,18,0.7831640058055153,0.17173148558533585,0.3377666666666666,0.7031925131553036,0.04850171897627086,0.7390370820205054
Cruise Lines,5,0.9183599419448476,1.3232336368928495,0.18436,0.44167160427920005,0.09480995793566871,0.4879324603173338
Crystal&Giftware,1,7,0.5873596371686058,1,7,0.07071063418764736,7
Data Processing/Mgmt,7,1.107402031930334,0.06440693746315977,0.1815571428571429,1.0519501643290257,0.0695244230680923,1.1305510756098087
Decision Support Softwar,5,0.9364296081277214,0.04484164253435012,0.15172,0.9021147259384736,0.2466739813355149,1.1975090513105664
Diagnostic Equipment,2,1.0210449927431062,0.05383530760341887,0.19405,0.9785855680764868,0.10843282043324158,1.097601605918259
Diagnostic Kits,2,7,0.15220169279336862,0.1369,7,0.06328007465571453,7
Direct Marketing,2,0.7271407837445574,0.09970115088700959,0.10800000000000001,0.6677550399208447,0.02659805394568941,0.6860013405845272
Disposable Medical Prod,1,7,0,0.069,7,0.08372778422791818,7
Distribution/Wholesale,34,0.9310141509433965,0.350476364682803,0.3429264705882353,0.7567444285414765,0.08373190690693899,0.8258984834743313
Divers Oper/Commer Serv,13,1.0961259350228871,0.49411870203114217,0.2815846153846154,0.8089594908667794,0.11043263133296503,0.9093853027443646
Diversified Finan Serv,19,0.995565231414288,3.7523227369882663,0.20457368421052632,0.24984720763356216,0.07428085715083403,0.2698952587980257
Diversified Manufact Op,34,1.1776658413728338,0.31498208140949147,0.2844705882352941,0.9610625738997359,0.0760294408561156,1.0401441522013641
Diversified Minerals,21,0.966465510656176,0.23868576693502322,0.13570476190476188,0.8011850610996466,0.03316873982988416,0.8286710350663222
Diversified Operations,47,1.0914731494920171,0.550110677277416,0.23328510638297867,0.7676818121842279,0.07881791981678658,0.8333659856165939
Drug Delivery Systems,2,1.6748911465892597,0.005016740511033352,0.187,1.6680876674885967,0.1473710471188703,1.9564051418286228
E-Commerce/Products,5,1.6110304789550072,0.1036224210655838,0.06120000000000001,1.46820265455255,0.04378538161119226,1.5354321365912877
E-Commerce/Services,3,1.463957426221577,0.048642798183062774,0,1.3960496641545734,0.14186110427620216,1.6268341536681825
Educational Software,2,0.7365747460087084,0.007636531991364648,0.42474999999999996,0.7333531877693011,0.1833674231251941,0.8980209809603616
Electric Products-Misc,24,0.9071117561683602,0.22144215943062315,0.27617916666666664,0.7818011845624643,0.08026388767067781,0.8500277134736788
Electric-Distribution,9,0.6563134978229318,0.5160744114045599,0.26045555555555555,0.4750181050210261,0.04334060814042013,0.4965383803922871
Electric-Generation,3,0.6618287373004355,0.24044715792322838,0.2205,0.5573629941347681,0.04139517085006574,0.5814314482736572
Electric-Integrated,48,0.8329901778782868,0.642841953836533,0.24558958333333333,0.5609487383207431,0.042972893468078005,0.5861367295577562
Electric-Transmission,2,0.8055152394775038,0.34898509967638147,0.3678,0.6599184917094387,0.006045315264804603,0.6639321709975652
Electronic Compo-Misc,28,1.0886953717142398,0.1766595091794596,0.24366071428571426,0.9603752825993143,0.07439924535238576,1.0375696840966158
Electronic Compo-Semicon,24,1.5255970444649691,0.11960327853004482,0.25123333333333336,1.400202024691871,0.09847309105950829,1.5531450152025312
Electronic Forms,1,0.8403483309143687,0.007829111840641988,0.26890000000000003,0.8355656669521647,0.26094402415232915,1.1305850899775225
Electronic Measur Instr,12,0.9481132075471699,0.1571538423071851,0.36746666666666666,0.8623875367521332,0.04261255015997004,0.9007717167132593
Electronic Parts Distrib,4,1.2884615384615383,0.2121450840670304,0.36150000000000004,1.1347538663454935,0.04599525073989157,1.1894635401192368
Electronic Secur Devices,7,1.345670053217223,0.26874447487392117,0.37,1.1508250010521182,0.04120073456652248,1.200277307817737
Electronics-Military,1,1.2075471698113207,0.08178403755868545,0.34119999999999995,1.1458116146473272,0.02310563319156323,1.1729125006532197
Energy-Alternate Sources,10,0.823968484345843,0.1349310037545926,0.11221999999999999,0.735824740303969,0.028020400896598286,0.7570372268952222
Engineering/R&D Services,19,1.0385761209991595,0.5485127357536694,0.31404210526315784,0.7546384080675288,0.12188987991363961,0.8593892620134154
Enterprise Software/Serv,26,1.347000483792937,0.04406183881643088,0.2295538461538462,1.3027748293773143,0.12085707429113532,1.481869206109882
Entertainment Software,7,1.6157992950445783,0.4298046692490416,0.08671428571428573,1.1603298420258434,0.14464655763774936,1.356550151737663
Environ Consulting&Eng,3,0.7518142235123368,0.1026903617038868,0.2995666666666667,0.701366507084554,0.06156220060095358,0.7473766588831915
Environ Monitoring&Det,2,0.7670537010159653,0.10890740019391555,0.38844999999999996,0.7191562274050536,0.16634291966083073,0.862652335553209
E-Services/Consulting,10,1.097387518142235,0.18076692088540708,0.38069000000000003,0.9869029779627309,0.08167879945463231,1.0746816880375125
Explosives,1,0.7851959361393325,0.6228318086232069,0,0.4838430772474717,0.42887064486780563,0.8471689870248059
Film Processing,2,0.9528301886792454,0.6002088466224156,0.44385,0.7143693171936575,0.06354966173560439,0.7628480529118713
Filtration/Separat Prod,4,1.0696661828737302,0.2903221950345834,0.423625,0.9163322286450586,0.0811388739912856,0.9972477915409909
Finance-Commercial,2,0.37880986937590716,1.3717450827297,0.09699999999999999,0.16921082348122715,9.490869878085981e-06,0.16921242945437687
Finance-Consumer Loans,4,1.2249637155297532,0.6569215591254634,0.27355,0.8292354305650347,0.009175415734554142,0.8369144687500802
Finance-Invest Bnkr/Brkr,39,1.1073190959983414,1.920497458603087,0.29744871794871797,0.4713504571489112,0.12479480191358872,0.5385599379202654
Finance-Leasing Compan,6,0.7726173197871312,1.9462739135595506,0.43273333333333336,0.36720372650910876,0.03525426093304542,0.38062228381982455
Finance-Mtge Loan/Banker,3,1.1777939042089987,6.3800553710135395,0.27516666666666667,0.20940506038019738,0.07951019032560848,0.22749307833649027
Finance-Other Services,25,0.946460248347041,0.26378257858987736,0.165392,0.775688506205994,0.08772810593967229,0.8502821486186206
Financial Guarantee Ins,1,1.0058055152394776,0.5521120324343568,0.37689999999999996,0.7483555016582905,0.011488625775489373,0.757053000270611
Fisheries,13,0.9673439767779388,1.1711445128049396,0.19656923076923077,0.49839108781187946,0.03724989665564444,0.5176744059342006
Food-Baking,8,0.7171625544267055,0.28506070616236867,0.24358749999999998,0.5899545092702093,0.03210692427589874,0.6095244651159963
Food-Catering,4,1.4372278664731497,0.5371327482966807,0.38752499999999995,1.0814515308789439,0.054152143190328225,1.143367321808669
Food-Confectionery,11,0.6830188679245284,0.11896040310050293,0.2202,0.625037099881001,0.02353959365495084,0.6401049093434857
Food-Dairy Products,16,0.8429400787891355,1.327878563161749,0.3301375,0.44611899400242183,0.10656736738381314,0.499331429943495
Food-Flour&Grain,2,0.8621190130624093,0.07853492960414493,0.21455000000000002,0.812028804742796,0.006573451973960603,0.8174019572522149
Food-Meat Products,10,0.7435413642960812,0.5365668936058321,0.30778,0.5421680435489585,0.0431167038902489,0.5665978764110161
Food-Misc/Diversified,50,0.8769956458635702,0.34654995297012414,0.260316,0.6980573906199785,0.041921486649460285,0.7286014464292393
Food-Retail,24,1.0699887114981455,0.479507925144992,0.2599833333333334,0.789750572687005,0.0850992633540949,0.8632090248197745
Food-Wholesale/Distrib,17,0.8107160135462023,0.35880787798088076,0.3219941176470589,0.6520816088133654,0.09458654305488387,0.7202031335093056
Footwear&Related Apparel,3,1.1625544267053702,0.03212058849303875,0.3219666666666667,1.1377750183611322,0.059851993908852284,1.2102084044103418
Forestry,2,0.6589259796806967,0.994319064036462,0.13705,0.3546335232767231,0.012208331466567437,0.35901651590486183
Funeral Serv&Rel Items,2,0.5370101596516691,0.8762535452090486,0.19574999999999998,0.3150124253481127,0.0706535319248965,0.3389612336942303
Gambling (Non-Hotel),10,0.9941944847605225,0.15729562309236816,0.32789999999999997,0.8991389627757744,0.03490814054594982,0.9316615345656474
Gas-Distribution,9,0.7785840993388164,0.2127978039899484,0.31525555555555557,0.6795634695452154,0.032557436691195055,0.7024328836856236
Gas-Transportation,2,0.8098693759071118,0.30093957647682945,0.32005,0.6723006238051094,0.0003962365377330386,0.6725671194719219
Gold Mining,8,0.9845186260280601,0.08348125482544319,0.140025,0.9185726493408335,0.059311548771707745,0.9764897699566936
Hazardous Waste Disposal,1,0.6342525399129173,0.13264453376804,0.1586,0.5705725825255157,0.027723839483186793,0.5868420986710483
Home Decoration Products,3,0.7324625060474118,0.19494840463880034,0.31653333333333333,0.6463432548719035,0.050813781986860235,0.6809446266769921
Home Furnishings,7,0.7861635220125788,0.15234322372809173,0.2859285714285714,0.7090322029748883,0.028523480814903968,0.7298500673692515
Hotels&Motels,27,1.0367428003972194,0.45325056737690794,0.3034777777777778,0.7879786543714546,0.06550954089340327,0.8432174418610842
Housewares,2,0.6821480406386068,0.5121169562892344,0.5,0.5430862117552359,0.04308264523786528,0.5675372163045713
Human Resources,27,1.216920657958394,0.14093592630946883,0.3023962962962963,1.1079862990143474,0.10376956569543168,1.236273905241894
Identification Sys/Dev,2,0.5130624092888245,0.016897679145516573,0.31610000000000005,0.5072010304726141,0.08896260204975931,0.5567290998303416
Industr Audio&Video Prod,1,0.725689404934688,0.021270162425232768,0.4495,0.7172904896209066,0.014803429356145313,0.7280683987279172
Industrial Automat/Robot,9,1.0008063215610385,0.42183082612650435,0.3732,0.7915244402851543,0.10932315363904355,0.8886774631215466
Industrial Gases,4,1.009433962264151,0.17135420939576756,0.286675,0.8994883808343846,0.027567333029861082,0.9249878283469941
Instruments-Controls,6,0.9322689888727624,0.25378719826782487,0.34045,0.798595760666328,0.10757789437392147,0.8948632666445139
Instruments-Scientific,5,0.986357039187228,0.2297443797298725,0.11621999999999999,0.8198847748176595,0.24915304407353972,1.0919465922399783
Insurance Brokers,4,0.9980648282535075,0.03175516850005277,0.3499,0.9778774910613667,0.37201637321072434,1.5571703613691514
Interior Design/Architec,3,0.8432510885341076,0.11146243153829902,0.21476666666666666,0.7753861759533817,0.017425222426965984,0.7891370648334679
Internet Applic Sftwr,8,0.8050314465408804,0.0972779530942521,0.2332625,0.749154517343281,0.16013663595396635,0.8919957095571311
Internet Brokers,2,1.2525399129172716,0.017760134294408904,0.20129999999999998,1.235021114618732,0.0009227298595419551,1.2361617579840478
Internet Connectiv Svcs,4,1.1436865021770684,0.1518564023251888,0.147925,1.012655875863258,0.14901370188864477,1.1899790608975793
Internet Content-Entmnt,6,1.1592888243831643,0.0033248297623844395,0.08586666666666666,1.155776030704737,0.04251740663854018,1.207098738627846
Internet Content-Info/Ne,4,0.9575471698113209,0.008258258663039142,0.366925,0.952567056741459,0.04872089814312116,1.0013539190360286
Internet Financial Svcs,4,1.4753265602322205,1.3343976001191309,0.22410000000000002,0.7248482892924853,0.08833160189183353,0.7950788804313522
Internet Gambling,3,0.9455732946298986,0.023371193121672525,0.013033333333333334,0.9242539099535657,0.03290099237710404,0.9556972995198886
Internet Incubators,1,0.31204644412191584,0,0.0765,0.31204644412191584,1,7
Internet Infrastr Equip,1,1.5050798258345428,0.04002870731363448,0,1.4471521942140642,0.00868536301751991,1.4598313595158185
Internet Infrastr Sftwr,2,1.09288824383164,0.0021809413993162346,0.3046,1.0912332504037108,0.03230342035412775,1.1276605429390343
Internet Investment,3,1.3033381712626995,0.04019734528784783,0.07276666666666666,1.2565053053712059,0.07891407987167605,1.3641564569743416
Internet Security,2,0.7880986937590713,0.0007021122579204699,0.084,0.78759216580678,0.0662207497307825,0.8434457775536452
Intimate Apparel,1,1.1843251088534108,0.9983684596502208,0.32659999999999995,0.7082007854526574,0.014965527426181176,0.718960407144111
Invest Comp - Resources,2,0.9419448476052251,0.06857615817511584,0.0361,0.8835422135113133,0.035961767301164266,0.9165012170086109
Invest Mgmnt/Advis Serv,23,1.2481051443315594,0.5977111773191736,0.20933478260869567,0.847558125954729,0.04475132599834682,0.887264383633431
Investment Companies,92,0.7938019992232062,0.35224972466660687,0.13149130434782608,0.607843310582381,0.0692391389831656,0.6530606690082846
Lasers-Syst/Components,4,0.8519593613933238,0.20550746385134466,0.24455,0.7374671360382562,0.1390037872078256,0.8565277350601594
Leisure&Rec Products,12,1.0242776091832697,0.1733361013552804,0.3819333333333333,0.9251619839177327,0.07441862944624145,0.9995468938233114
Leisure&Rec/Games,1,0.7111756168359943,0,0,0.7111756168359943,0,0.7111756168359943
Life/Health Insurance,20,1.5785357200451544,0.7194004399896019,0.300045,1.0498738905012583,0.11395635544661413,1.184900875882307
Lighting Products&Sys,4,0.776003870343493,0.032064815025434186,0.449775,0.7625502999866088,0.08239538380476732,0.8310227373838386
Lottery Services,2,0.8875181422351235,0.10686490366144408,0,0.8018305931457991,0.10633378184808986,0.8972372199588948
Mach Tools&Rel Products,13,0.9624874399910686,0.09769580661785168,0.29633846153846155,0.9005774405399108,0.08334640442297112,0.9824621262441041
Machinery-Constr&Mining,9,1.274310595065312,0.1557626712506899,0.2521222222222222,1.141352767172159,0.11978686194641325,1.2966777225071076
Machinery-Electrical,9,1.1224600870827286,0.14721275271282935,0.2594,1.0121136251759997,0.07888867029052586,1.0987961959986188
Machinery-Farm,3,0.598451862602806,0.5752369713678445,0.35236666666666666,0.4360169559565703,0.04653949186033013,0.4572994394988611
Machinery-General Indust,47,0.9825189485566848,0.36872161501777156,0.27009574468085096,0.7741664021959747,0.08077751724736117,0.8421969835612707
Machinery-Material Handl,4,0.7336719883889695,0.13201953136203287,0.253275,0.6678352625040542,0.036191612070271606,0.6929128972809337
Machinery-Print Trade,6,0.9761973875181422,0.3938166375330415,0.16651666666666667,0.7349557901639381,0.07711016563063637,0.7963635125162624
Machinery-Pumps,6,1.0142718916303821,0.20866046562485663,0.4145666666666667,0.9038593349240169,0.1405194639239481,1.051634443114414
Machinery-Therml Process,1,0.9796806966618289,0,0.2504,0.9796806966618289,0.0038715278165551,0.9834882989685421
Marine Services,4,1.6734397677793906,0.393013995867546,0.19655,1.2718358546617305,0.1514958822458699,1.4989153594541171
Medical Imaging Systems,3,0.8490566037735849,0.43435308517908905,0.21606666666666666,0.6333861676198723,0.04744435236821379,0.6649335072387392
Medical Information Sys,2,0.7402031930333819,0.0880880480777665,0.39435,0.702713080346161,0.043562832374889095,0.7347195447151416
Medical Instruments,11,1.1069182389937107,0.1612897079391425,0.13105454545454545,0.9708514998067448,0.04123609802546958,1.0126074811612333
Medical Labs&Testing Srv,4,0.9264634736332851,0.19384776985558802,0.385,0.8277786954003318,0.03123678497800865,0.854469577874652
Medical Laser Systems,3,0.8442186744073537,0.10082509044081615,0.4325333333333334,0.798530830377025,0.10701960438650289,0.8942310876023396
Medical Products,38,1.0354488279016583,0.14908297960816128,0.19466052631578945,0.9244563697506908,0.06229964064807519,0.985876096271961
Medical-Biomedical/Gene,33,1.0577548671237673,0.05388810290138873,0.06114545454545455,1.0068168892739024,0.10116842843996361,1.1201396581190888
Medical-Drugs,52,1.2955133463747084,0.036560259015605695,0.17458653846153846,1.2575634395284918,0.05018021369888072,1.324002150371933
Medical-Generic Drugs,4,1.4465408805031448,0.20478519575144444,0.15135,1.2323666941268108,0.0678985481287216,1.32213794072815
Medical-Hospitals,9,1.1394936300596676,0.6094543214866401,0.5118666666666667,0.8782258558832297,0.04366001191194848,0.9183197051490125
Medical-Nursing Homes,3,0.7581035316884374,0.3771603701670539,0.45816666666666667,0.6294668973530728,0.011949251103567435,0.6370795205166668
Medical-Whsle Drug Dist,9,0.7805192710853088,0.27470826850973007,0.3827777777777777,0.6673637167297851,0.029391477581760885,0.6875724880996
Metal Processors&Fabrica,15,0.9343009192065798,0.14608109765768615,0.3896666666666667,0.8578193238722656,0.030398375535234824,0.8847131669625604
Metal Products-Distrib,3,0.9946782776971457,0.3607100897858277,0.21133333333333335,0.7743820526595494,0.04140876012811781,0.8078334335321562
Metal Products-Fasteners,7,0.9500311009744973,0.39226493921558436,0.38748571428571427,0.7659886360185534,0.04343928122283071,0.8007736686049204
Metal-Aluminum,4,1.049346879535559,0.35401066511326573,0.30305,0.8416808672153712,0.035596885481443116,0.8727479770070524
Metal-Copper,2,1.6226415094339626,1.0656601057961541,0.32905,0.9461440884964689,0.01314087306146405,0.9587428060088227
Metal-Diversified,8,1.4254613311217084,0.5851899989566167,0.1547875,0.9537347030959725,0.03317721925564028,0.9864627955515171
Metal-Iron,1,0.5166908563134979,0.3045038035961273,0.2395,0.4195366067620363,0.05052847818163746,0.441863286176892
Miscellaneous Manufactur,35,0.8495555152394776,0.3245593069393376,0.35596285714285714,0.7026763155721512,0.062483912279298996,0.7495085415339434
Mortgage Banks,16,0.8781809385582972,21.34520470239982,0.2573875,0.0521138028003921,0.012747512020155474,0.05278670191759095
Motion Pictures&Services,4,0.7300435413642963,0.26050922546746785,0.015375000000000002,0.5810117609783708,0.08213075759945233,0.6330005780113328
Multi-line Insurance,42,1.2266328011611032,1.6437678012928931,0.2567619047619047,0.5521118112000022,0.13282155495425907,0.6366761239906973
Multimedia,19,1.204900537863912,0.3944253620603326,0.3561157894736842,0.9608731074313958,0.04850532195931762,1.0098565232230468
Music,3,1.0895016932752783,0.529827142204278,0.25203333333333333,0.780281546152303,0.08534136988117037,0.8530849876209349
Networking Products,5,1.3994920174165457,0.04602609374960241,0.00512,1.3382145826618408,0.10019243770030659,1.4872230893922294
Night Clubs,2,0.8526850507982584,0.32970361493822375,0.1367,0.6637576366126184,0.04434786032228746,0.6945598812099834
Non-Ferrous Metals,3,1.1436865021770684,0.4428110740164723,0.011833333333333333,0.7955686282148735,0.03979408541160424,0.828539603982656
Non-hazardous Waste Disp,3,0.47847121432027095,0.9935403559616517,0.16933333333333334,0.26213279461844363,0.0388622846798199,0.2727317744794983
Office Automation&Equip,6,0.9738751814223513,0.42080984376715586,0.24596666666666667,0.7392938163676218,0.07418637529646807,0.7985341721497798
Office Furnishings-Orig,1,7,1.0554734003261173,0.8645,7,0.043116071905682216,7
Office Supplies&Forms,5,0.6422351233671989,0.08494371425018624,0.41975999999999997,0.6120676897493843,0.04717427893023714,0.6423710823656184
Oil Comp-Explor&Prodtn,37,0.8910349447359607,0.0592459126108306,0.196727027027027,0.8505564200442567,0.04893918013720182,0.894323898409525
Oil Comp-Integrated,17,1.140396710208031,0.13805081733286845,0.3685235294117646,1.0489533203527748,0.018763881524313623,1.0690121374479005
Oil Field Mach&Equip,4,0.9513788098693761,0.43095145729217804,0.1637,0.6993351370062484,0.016582896800201818,0.7111276941704423
Oil Refining&Marketing,7,0.7897574123989218,0.44306263939698387,0.23577142857142858,0.5899871110990735,0.03908064483952157,0.6139819204708835
Oil&Gas Drilling,4,1.8033381712626997,0.07793973819499465,0,1.672948966778404,0.015105356543500172,1.698607031618295
Oil-Field Services,19,1.3993852983864083,0.6346917252812799,0.18413157894736842,0.9219675243280521,0.07837076095711962,1.0003670513812288
Optical Recognition Equi,2,1.457910014513788,0.015823785746839555,0.1383,1.438298304837047,0.047965965670283064,1.510763536778059
Optical Supplies,4,1.0406386066763427,0.19391413733216373,0.23645,0.9064297692504923,0.05290885871503498,0.9570670970701877
Paper&Related Products,37,0.9426705370101597,0.4163188114639678,0.23751081081081082,0.7155328089072028,0.04004233304526361,0.7453795448887658
Petrochemicals,1,7,0,0,7,0,7
Photo Equipment&Supplies,4,1.049830672472182,0.20819610201412733,0.46845,0.9452257198779526,0.07119678813407089,1.017681364364612
Phys Practice Mgmnt,1,1.0261248185776488,0.7626886780365995,0.32,0.67569188448425,0.013739748529776568,0.6851050556655736
Phys Therapy/Rehab Cntrs,1,0.9143686502177069,1.7988387608640772,0,0.326695722169939,0.005125407849318736,0.3283787974358666
Pipelines,1,7,2.1691106993676867,0.3211,7,0.008384893574681185,7
Platinum,1,1.616835994194485,0.21571390554103048,0.3897,1.4287418489575916,0.012195055027137046,1.4463805392236035
Pollution Control,1,0.8345428156748912,0.000759741439267996,0.2815,0.83408750880318,0.07481222752027142,0.9015332169464608
Poultry,1,0.3149492017416546,0.12664788451610037,0.4291,0.29371280347423684,0.02145838153145062,0.30015361424678827
Power Conv/Supply Equip,7,1.5483309143686506,0.1604559069887895,0.2421,1.380454490018817,0.027453733244165945,1.419422949021912
Precious Metals,3,0.5892597968069667,0.0066469504248111684,0.1102,0.5857951369585452,0.013329132341714116,0.5937087595875222
Printing-Commercial,11,0.8314949201741655,0.32603452506648056,0.40237272727272727,0.6959006750331362,0.061979241435310375,0.7418819558939902
Professional Sports,12,0.6527979358168037,0.35331653809028785,0.14989166666666667,0.5020142687568556,0.14284844449225872,0.5856773700416178
Property/Casualty Ins,23,0.8351365615516559,0.05320941362044183,0.2550869565217392,0.8032967801085615,0.22674729443551755,1.0388541473283908
Protection-Safety,4,0.8715529753265603,0.07193838014094651,0.29575,0.8295269783379714,0.022072222741720996,0.8482497354391911
Public Thoroughfares,13,0.6703918722786648,0.7120799476783215,0.4185384615384616,0.4740944423882085,0.02599677021969874,0.4867483267947135
Publishing-Books,8,1.0714804063860668,0.10408177336491956,0.26698750000000004,0.9955283241316577,0.0787355228354399,1.0806107787805568
Publishing-Newspapers,30,1.1820363961147708,0.24339514735454953,0.3664733333333333,1.0241198617716087,0.06154209389688548,1.0912794863908173
Publishing-Periodicals,23,1.0385341074020318,0.33846026833179726,0.3438652173913044,0.84981170231813,0.04088044776944249,0.8860331335564812
Quarrying,5,0.961901306240929,0.26457175168368796,0.23098000000000002,0.7992791884692375,0.05493247834849603,0.8457376538265736
Racetracks,3,0.7813255926463474,0.07879988815144975,0.20946666666666666,0.7355079084193432,0.03960467546553543,0.7658387016574328
Radio,7,0.9949201741654572,0.10354472031400415,0.24661428571428573,0.9229237138154897,0.0251041716897862,0.9466895713516311
Real Estate Mgmnt/Servic,114,0.5870269063302446,1.0030002550142942,0.08210000000000002,0.3056390825618253,0.03705159949773908,0.31739923177857515
Real Estate Oper/Develop,80,0.7272038871710733,0.7582438786369877,0.18282625000000002,0.4489974419820415,0.04512841425580179,0.4702176174109385
Recreational Centers,3,0.5916787614900824,0.4805315075102244,0.2200333333333334,0.43037487782219114,9.031373863881392e-05,0.43041375009712396
Recycling,3,1.2953555878084182,0.02913163115600567,0.35696666666666665,1.2715363926077057,0.0949829186198629,1.4049860701729875
Regional Banks-Non US,34,0.5329735123367199,4.191859583681732,0.2929882352941176,0.1344638377067487,0.030443186407363824,0.13868587773469487
Reinsurance,7,1.4179970972423803,0.3048870608558958,0.35915714285714284,1.1862265787359683,0.2991040090281026,1.6924430928633036
Remediation Services,2,0.4608127721335269,0.31156470546877696,0.41074999999999995,0.38933496037545523,0.06793283250721041,0.4177112701252478
Rental Auto/Equipment,15,0.9399129172714079,0.7460400001756192,0.18470666666666669,0.5844352065214935,0.02089232500589803,0.5969059598322667
Research&Development,2,1.132801161103048,0.10607274373775018,0.09924999999999999,1.03400694299893,0.1398587844584247,1.2021362589256728
Resorts/Theme Parks,7,0.9136429608127723,0.7416329611198084,0.21137142857142857,0.5764771018702658,0.034183471091295985,0.5968805509278653
Retail-Apparel/Shoe,26,0.9051765844218674,0.01390143447144966,0.3089692307692307,0.8965639055802321,0.05895388056630164,0.9527311011279291
Retail-Appliances,1,1.0827285921625545,0.1896675718901281,0.3206,0.9591343921146056,9.022583526566998e-05,0.9592209386249974
Retail-Auto Parts,2,0.6516690856313498,0.6483048630912496,0.5282,0.4990305073670268,0.027703286057920842,0.513249196681698
Retail-Automobile,11,0.9367843896145784,0.6076608064292173,0.28808181818181816,0.6539028802622151,0.04970125191013841,0.6881024326051002
Retail-Bookstore,2,0.9651669085631349,0.04837077769615576,0.18325,0.9284853915502387,0.050020711237615194,0.9773743517712392
Retail-Building Products,5,0.8348330914368651,0.20626384430001166,0.33256,0.7338103455853453,0.040556543455400405,0.7648291731835207
Retail-Catalog Shopping,3,1.3033381712626997,0.19573363023326523,0.3448333333333333,1.1551977489651843,0.03809346825701313,1.2009459452073283
Retail-Computer Equip,4,1.173802612481858,0.10419857055683923,0.24777499999999997,1.0884862243676703,0.1557116658988696,1.2892351823462354
Retail-Consumer Electron,8,1.2604188264565626,0.1406463783037938,0.2604875,1.1416736319005623,0.07458441389070053,1.2336874902879806
Retail-Convenience Store,1,0.7808417997097243,0.3766107672899481,0.1449,0.5906340793011581,0.1259038109997457,0.6757083336293853
Retail-Discount,4,0.8646589259796809,0.10360454968081484,0.251575,0.8024377167721801,0.10374901666396022,0.8953270140751574
Retail-Drug Store,1,1.1799709724238026,0.10074957197564749,0.28859999999999997,1.1010548013349426,0.020243916290948127,1.1238050160063222
Retail-Floor Coverings,3,0.7539912917271409,0.03359149920828218,0.17056666666666667,0.7335531018396559,0.022516165353914232,0.7504503663789499
Retail-Gardening Prod,2,0.7039187227866475,0.5046729374479545,0.31515,0.5231164597438014,0.0029235579402799522,0.5246503053097601
Retail-Home Furnishings,5,0.5584179970972425,0.515130882315094,0.213,0.39733514776928,0.06752684735200512,0.42610894119680087
Retail-Hypermarkets,2,1.3621190130624095,1.0516848515605175,0.1721,0.7281372617439757,0.05999383542241867,0.7746090283048144
Retail-Jewelry,5,1.3480406386066766,0.05645078994662931,0.20095999999999997,1.2898596621793974,0.053372611818831996,1.3625843476362007
Retail-Leisure Products,1,0.5631349782293179,0.1402563804130197,0.4559,0.5232072068382133,0.01539398921940846,0.5313873784128301
Retail-Mail Order,2,0.8040638606676342,0.34959734530358105,0.33675,0.6527178792782958,0.008965667008435265,0.6586228726385118
Retail-Major Dept Store,7,1.0686294837238235,1.0883180573746758,0.22557142857142856,0.579886704699267,0.027719603743624446,0.5964192088332095
Retail-Misc/Diversified,13,0.8472423802612482,0.6284618890359706,0.23716153846153845,0.5726874725515485,0.02949778361244895,0.5900939357802115
Retail-Music Store,1,1.4441219158200291,0.22722680195920525,0.3011,1.2462124044997331,0.1406892940073718,1.45024657066291
Retail-Office Supplies,1,0.9666182873730045,0.026918897560011857,0.3182,0.9491973789822311,0.09002292658682443,1.0431003227608213
Retail-Pawn Shops,1,0.748911465892598,0.1746452010120211,0.3103,0.6684007297249545,0.01477743672392069,0.6784261289168781
Retail-Perfume&Cosmetics,3,1.1746492501209482,0.497737870020732,0.23763333333333336,0.8515290804376132,0.07895014401540633,0.9245200733757638
Retail-Petroleum Prod,1,0.690856313497823,0.44217791652574817,0.2006,0.5104307646058056,0.02732477694298403,0.5247699874595092
Retail-Pubs,8,0.8455318266639021,1.265360055077024,0.2609625,0.4369338129923148,0.02072528323948484,0.44618104145250637
Retail-Regnl Dept Store,7,0.7507775243624302,0.9885069602114672,0.2118142857142857,0.42199207652935194,0.0655430752725467,0.4515907211586361
Retail-Restaurants,20,0.9013062409288826,0.3219193236122022,0.17707,0.7125417650151089,0.1185142322784096,0.808341769211819
Retail-Sporting Goods,5,0.9320754716981131,0.34737824819343777,0.42257999999999996,0.7763522861328123,0.03650495326204968,0.805766764200048
Retail-Toy Store,1,1.4571843251088534,0.2950402440902323,0.3173,1.2128810110893646,0.007276844106534052,1.2217716529416032
Retail-Variety Store,1,0.4804063860667635,0,0.3247,0.4804063860667635,0.025021265219127443,0.492735245322797
Retail-Video Rental,1,0.555878084179971,0,0.45630000000000004,0.555878084179971,0.039602799512542544,0.5788001921474057
Retail-Vision Serv Cntr,2,0.7822931785195937,0.027926811234746326,0.34565,0.7682541717488439,0.029483928828535247,0.7915934568930116
Retirement/Aged Care,1,0.865021770682148,0.3973736697414781,0.36329999999999996,0.6903562451604708,0.0042530909045504954,0.6933049340696423
Rubber/Plastic Products,7,0.9533485382541986,0.3277333761600352,0.46145714285714284,0.8103270540115323,0.05619982518749293,0.8585790463246202
Rubber-Tires,5,1.3312046444121919,0.5341293213468539,0.6378999999999999,1.1154646113584321,0.05561172890939912,1.1811504288064363
Satellite Telecom,2,0.9528301886792453,0.0062180564819257055,0.6847,0.9509657696880708,0.03272149429366061,0.9831354300524269
Schools,2,0.909288824383164,0.12466619990696086,0.3992,0.8459291907968688,0.02217136693448319,0.8651098589175692
Security Services,6,0.967343976777939,0.2233348408107913,0.22885,0.8252206319581392,0.027670586986182428,0.8487047917231032
Seismic Data Collection,2,1.5689404934687954,0.33695939880951215,0,1.1735139413102968,0.022911982551342174,1.20103196472979
Semicon Compo-Intg Circu,5,1.2331881954523463,0.06605262703037296,0.31710000000000005,1.1799631955828003,0.0860822591932947,1.2911043772290267
Semiconductor Equipment,5,2.226705370101597,0.14958636715007528,0.34716,2.028600438819354,0.2901136439983901,2.8576411163123603
Shipbuilding,3,0.9303338171262701,0.5852531372627665,0.293,0.6580498991737025,0.06846763417631431,0.7064165704986936
Soap&Cleaning Prepar,3,0.9003386550556364,0.11364528780014298,0.29893333333333333,0.8338994484275827,0.023602540764057,0.8540573723738806
Software Tools,1,0.4891146589259798,0,0,0.4891146589259798,0,0.4891146589259798
Special Purpose Banks,4,0.9192065795839381,26.68726787450842,0.19177499999999997,0.04072815213735759,0.0016403822036265654,0.040795071646882806
Specified Purpose Acquis,20,0.8680152394775036,0.06501915448562613,0.01597,0.8158185191208706,0.04192854993593442,0.8515215843936456
Steel Pipe&Tube,4,1.083091436865022,0.531370797761645,0.080375,0.7275604076189067,0.14052473521457606,0.8465169824294467
Steel-Producers,22,1.179901859147142,0.2576542056933736,0.2711954545454545,0.9933677111412476,0.03562504006685489,1.0300637743747643
Steel-Specialty,3,1.1644895984518628,1.194136124384598,0.1865,0.590682780363012,0.1199500258035005,0.6711923159844592
Storage/Warehousing,5,1.1445573294629898,0.24640404467406365,0.31048,0.9783373141092553,0.09184740882093491,1.077282962810323
Sugar,5,0.741944847605225,0.20895663225080646,0.28826,0.6458867638419051,0.01569194110955477,0.6561835575845805
Telecom Services,36,1.3188819701296879,0.18558821026947708,0.13351666666666667,1.1361747425008983,0.0684117099106884,1.21961037358249
Telecommunication Equip,29,1.4526487663280114,0.16380757199954124,0.2621275862068965,1.2960021657914167,0.11265610926562412,1.4605410363718518
Telephone-Integrated,20,1.3152213352685052,0.49930054729561174,0.210555,0.9433720657174945,0.09264519238241427,1.0396947895107078
Television,21,1.1818759071117562,0.08253465792912344,0.34342857142857147,1.1211223984017922,0.024094525705020235,1.1488022435899552
Textile-Apparel,8,0.7501555048724862,0.6291991066672963,0.18323749999999997,0.4955098851907601,0.08794368385407374,0.5432886943699209
Textile-Home Furnishings,1,0.9521044992743107,0.16792174755713482,0.384,0.8628513329847595,0.027182603133994246,0.8869612486007045
Textile-Products,13,0.9612086027180368,0.5020320300367004,0.32002307692307697,0.7165871183439982,0.06274011819762004,0.7645554154798335
Theaters,1,0.3686502177068215,1.0267522739432853,0.6409,0.2693420047622016,0.03602018068755133,0.27940626905893917
Therapeutics,2,1.2939042089985486,0.0036675342282116844,0.08085,1.2895570938705894,0.011475637718401467,1.304527377447918
Tobacco,7,0.6960398092473564,0.2699419659325591,0.2797428571428571,0.5827392068620086,0.06803235704490539,0.6252783680496159
Tools-Hand Held,2,0.625544267053701,0.02686718138604462,0.47955,0.616917889064123,0.03509633949137191,0.6393569786427467
Toys,5,0.9088534107402033,0.24167572907503562,0.17753999999999998,0.7581558237967653,0.09126220906029195,0.8342954715383533
Traffic Management Sys,1,7,0.11231356047828175,0,7,0.08686990431866679,7
Transport-Air Freight,2,0.809143686502177,0.16459547959727008,0.37334999999999996,0.7334888867886121,0.09299342436597974,0.8086919174493141
Transport-Equip&Leasng,1,0.590711175616836,2.2894159667003917,0.4142,0.25231776296472663,0.007493358159812892,0.25422274504572506
Transport-Marine,48,1.1822286727947104,0.2748826631386698,0.17178541666666672,0.9629921234005375,0.06655666702987907,1.0316556874817406
Transport-Rail,4,0.6440493468795356,0.07671120667897062,0.31115,0.61172429672478,0.01893620354890168,0.6235316183693991
Transport-Services,28,0.9386792452830189,2.5667909903255692,0.27339285714285716,0.32763116935338327,0.07038594505110517,0.3524378397779223
Transport-Truck,3,0.9583938074504114,0.3012330836220338,0.2923,0.7899831116607291,0.04882822801359351,0.8305367494358517
Travel Services,8,1.4945054945054945,0.8877430597262777,0.2750375,0.9092986683843328,0.11639031043024001,1.0290727672158972
Venture Capital,13,0.9610766591898667,0.2770486225156317,0.0733846153846154,0.7647515428272972,0.12226473382127095,0.8712781316816482
Veterinary Products,2,1.055878084179971,0.2366974309799383,0.34295,0.9137671469774996,0.01694997336432757,0.9295225290870678
Virtual Reality Products,1,1.5645863570391874,0,0.0329,1.5645863570391874,0.20284463477599599,1.962711944615128
Vitamins&Nutrition Prod,4,0.9293662312530238,0.33370128676583466,0.009325000000000002,0.6984620092827649,0.06807364814684891,0.7494819820191387
Water,20,0.8166993938359086,1.1895820992074044,0.23142000000000004,0.4266332772382523,0.05217574272517733,0.4501185467281721
Water Treatment Systems,2,1.237300435413643,0.20338916060885098,0.2856,1.0803275311003004,0.017313493931863298,1.0993613165839011
Web Portals/ISP,15,1.113989058836664,0.011698087552998058,0.16665333333333338,1.1032341123950646,0.1513616386619226,1.300004999368114
Whsing&Harbor Trans Serv,6,0.6156748911465894,0.45907216904635084,0.17063333333333333,0.44590239155224237,0.015531821800961942,0.4529373335032172
Wire&Cable Products,8,1.192489114658926,0.42578695498197233,0.18961250000000002,0.8865744499064275,0.08137220568412183,0.9651073649112463
Wireless Equipment,10,1.6687953555878086,0.09360250606193868,0.16102,1.5472860096321073,0.1102440755716422,1.7390005136815394
X-Ray Equipment,2,1.2285921625544267,0.22165736720275547,0.1013,1.0245068391142953,0.06337772201643885,1.0938313802656279
(blank),5,7,0.02614007069414683,0,7,0.0012335177509776385,7
Circuit Boards,1,0.47024673439767783,0.09262344287724998,0.0022,0.4304634443618343,0.041987189920948485,0.4493295286169651
Rubber&Vinyl,1,0.6386066763425254,0.14972361475484244,0.2021,0.5704572964965712,0.007606644007995495,0.5748298223201398
E-Marketing/Info,1,0.9651669085631351,0,0.004699999999999999,0.9651669085631351,0.36795276236064695,1.5270486936513763
Food-Canned,1,1.1669085631349785,0.947009479642638,0.4355,0.7604056832483501,0.08532698168061928,0.8313415483114597
REITS-Diversified,8,0.5451741654571844,0.5078325670389922,0.0001875,0.36158430778670136,0.006551827487076721,0.3639689696867379
REITS-Office Property,3,0.4968553459119498,0.7035473954262829,0.008566666666666667,0.29269478213496236,0.006792751943523637,0.29469658292135115
REITS-Apartments,2,0.558055152394775,0.21642579191412556,0.00105,0.458852014554564,0.004012463547906825,0.460700558753061
REITS-Shopping Centers,3,0.521044992743106,0.7471192319473415,0,0.2982309296443086,0.010413311635506003,0.3013691808417509
Commodity-Alter Inv,1,7,7,0,7,7,7
REITS-Warehouse/Industr,2,0.4811320754716981,0.35378821580255604,0,0.3553968559155113,0.020518272711577128,0.3628417417233343
Motorcycle/Motor Scooter,2,1.1741654571843252,0.6115388578153387,0.43875,0.8741383031504616,0.05116216434555719,0.9212726034976687
Garden Products,1,0.6748911465892599,0.22883910515379416,0.41200000000000003,0.5948497187178244,0.02142932059244526,0.6078760903381631
Medical-Outptnt/Home Med,2,1.4267053701015966,0.8814106619788336,0.17129999999999998,0.8244826312926734,0.0214667552464725,0.8425698725242019
Extended Serv Contracts,1,0.9825834542815677,0.20732585923610786,0.6793,0.9213250984632934,0.017337438398430185,0.9375803398490047
Diamonds/Precious Stones,4,0.6226415094339623,0.0014098704297744586,0.11042500000000001,0.6218615796654707,0.0020202034151476527,0.623120409645084
Dental Supplies&Equip,1,7,0.005264819083705622,0,7,0,7
Telecom Eq Fiber Optics,2,1.4462989840348333,0.014447111052717475,0,1.4257017130582312,0.12225904119359988,1.6242852731823954
Patient Monitoring Equip,1,0.8969521044992744,0.11430208737278089,0.2386,0.8251404532170196,0.09126799417948286,0.9080129762481287
Finance-Investment Fund,1,0.5050798258345428,0,0.20420000000000002,0.5050798258345428,0.18767118292900023,0.6217677068944821
Superconductor Prod&Sys,1,7,0.2675876000906891,0.11900000000000001,7,0.006391269976360761,7
Dialysis Centers,2,0.6923076923076924,0.5829838433639548,0.40449999999999997,0.513898985524214,0.012597605216662415,0.5204554781710623
Grand Total,3679,1.0064275993615364,1.1394782316246719,0.24594995922805163,0.5413160609428714,0.07238996255553065,0.5835599433940762
