Industry,Number of firms,Interest Coverage Ratio,Fixed Charge Coverage ratio
"ABRASIVE,ASBESTOS,MISC MINRL",11,3.9784481832441605,2.9568818968404362
ACCIDENT & HEALTH INSURANCE,13,3.4395525435830954,4.243907828665032
"ACCOUNT,AUDIT,BOOKKEEP SVCS",12,3.2524125273814457,2.3325653838665716
ADHESIVES AND SEALANTS,3,4.031424766977363,3.65133190064471
ADVERTISING,18,0.7588046289281891,1.7608371546680521
ADVERTISING AGENCIES,10,6.0363621456535554,2.1651687374261575
"AGRIC PROD-LVSTK,ANIMAL SPEC",3,Negative EBIT,EBITDA Negative
AGRICULTURAL SERVICES,3,1.9274558846176313,1.4209107968025394
AGRICULTURE CHEMICALS,19,2.1897083564024564,3.1866419197199036
AGRICULTURE PRODUCTION-CROPS,18,1.394271580279744,1.356906934512578
"AIR COND,HEATING,REFRIG EQ",13,3.3742662639195706,2.7209269378668286
AIR COURIER SERVICES,4,5.623744125485286,1.3065990779536214
"AIR TRANSPORT, NONSCHEDULED",6,1.4304860547825544,0.9462558003289611
"AIR TRANSPORT, SCHEDULED",22,Negative EBIT,EBITDA Negative
AIRCRAFT,5,6.376887098675998,6.0933880618412015
"AIRCRAFT ENGINE,ENGINE PARTS",7,7.4510154473773325,6.119907265021508
"AIRCRAFT PARTS, AUX EQ, NEC",10,7.027763246870893,5.180002801500926
AIRPORTS & TERMINAL SERVICES,3,Negative EBIT,EBITDA Negative
AMUSEMENT & RECREATION SVCS,10,4.742922809574527,6.82610972895116
AMUSEMENT PARKS,3,0.9630499953158669,1.829365257289752
APPAREL & OTHER FINISHED PDS,18,5.687248621639237,2.841260319049688
APPAREL AND ACCESSORY STORES,9,9.646587035604822,0.9590177709882148
"APPAREL,PIECE GDS,NOTNS-WHSL",3,15.674617737003057,9.31659267480577
"ARRANGE TRANS-FREIGHT, CARGO",9,7.421513614618179,2.096514595699563
"ASPHALT PAVING,ROOFING MATLS",2,1.3327777777777776,2.23025641025641
AUTO AND HOME SUPPLY STORES,6,3.3724077727534616,1.784688500174935
"AUTO DEALERS, GAS STATIONS",18,3.1024849839587674,2.1275878968770834
"AUTO RENT & LEASE,NO DRIVERS",7,0.707334825951118,1.8253541608534203
"AUTO REPAIR,SERVICES,PARKING",5,2.0555071784223102,0.40271139693833946
AUTOMATIC REGULATNG CONTROLS,1,Negative EBIT,EBITDA Negative
BAKERY PRODUCTS,4,1.4059088500264971,1.9488973737315083
BALL AND ROLLER BEARINGS,4,2.348328051942296,4.323469862171363
"BEER,WINE,ALCOHOLIC BEV-WHSL",2,2.23117960877297,1.2837656529516994
BEVERAGES,3,19.493400251287504,21.208211517775876
"BIOLOGICAL PDS,EX DIAGNSTICS",125,1.2493546570008063,2.848303248076624
"BITMNS COAL,LIGNITE SURF MNG",1,1.1196866771402652,1.689005793515672
"BITUMINOUS COAL, LIGNITE MNG",6,1.6018375585509603,3.4938380036247043
"BLANKBOOKS,BINDERS,BOOKBIND",3,15.834471822395706,7.3796493318580305
BLAST FURNACES & STEEL WORKS,6,2.4376344086021504,3.8301938731369694
"BLDG MATL,HARDWR,GARDEN-RETL",4,10.68641381027471,3.0263083994738325
"BOLT,NUT,SCREW,RIVETS,WASHRS",5,1.4363259361654857,1.9589954947133705
BOOK PRINTING,2,2.6123038651836277,4.549636777969166
"BOOKS: PUBG, PUBG & PRINTING",9,3.458208764741182,2.7844318399082275
"BRDWOVEN FABRIC MILL, COTTON",5,0.42536153191090414,1.0516403287574754
"BRDWOVN FABRIC MAN MADE,SILK",3,3.1901282876814108,2.9523633568831475
"BTLD & CAN SOFT DRINKS,WATER",15,1.6657498393466657,3.0741794636241146
"BUSINESS SERVICES, NEC",87,Negative EBIT,0.7013934810806504
CABLE AND OTHER PAY TV SVCS,24,Negative EBIT,0.6790070083321827
"CALCULATE,ACCT MACH,EX COMP",16,6.541993205744846,4.88471458090848
"CAN FRUIT,VEG,PRESRV,JAM,JEL",5,1.5788252384141566,1.4934040604969847
"CAN,FROZNPRESRV FRUIT & VEG",8,5.884835994338639,6.557084261103949
CARPETS AND RUGS,4,2.613835578520022,2.4006465128038426
"CATALOG, MAIL-ORDER HOUSES",49,Negative EBIT,0.8132280721790772
"CEMENT, HYDRAULIC",2,3.9522791325870164,4.3288089318172105
CHEMICALS & ALLIED PDS-WHSL,8,0.49860667618726706,1.1460642370824872
CHEMICALS & ALLIED PRODS,10,3.8060115967434727,6.1725554473257995
CHILD DAY CARE SERVICES,4,5.278833967046895,0.7627672748286963
CIGARETTES,7,8.016192296087699,7.515038365411114
CMP AND CMP SOFTWARE STORES,1,2.217391304347827,0.7225130890052357
CMP INTEGRATED SYS DESIGN,124,Negative EBIT,0.8252959738345307
"CMP PROCESSING,DATA PREP SVC",22,16.459098409445378,5.825633884125931
"CMP PROGRAMMING,DATA PROCESS",236,Negative EBIT,1.1654413796207101
"COATING,ENGRAVING,ALLIED SVC",5,0.9858469372472666,2.9876028858855808
COGENERATN-SM POWER PRODUCER,5,1.33515618789601,1.6878777768872768
"COML PHYSICAL, BIOLOGCL RESH",56,Negative EBIT,EBITDA Negative
"COMMERCIAL BANKS, NEC",28,NMF,NMF
COMMERCIAL PRINTING,19,3.4581632555210704,3.9240772655324445
"COMMUNICATIONS EQUIP, NEC",27,2.6720325729385754,2.842791928204596
"COMMUNICATIONS SERVICES, NEC",41,Negative EBIT,0.6073677331486544
COMPUTER & OFFICE EQUIPMENT,3,41.17276024017597,7.591131500577472
COMPUTER COMMUNICATION EQUIP,63,Negative EBIT,2.6365929812175146
"COMPUTER PERIPHERAL EQ, NEC",50,1.3407386249861506,2.0997922309026884
COMPUTER PROGRAMMING SERVICE,24,Negative EBIT,0.1170005899189413
COMPUTER RENTAL & LEASING,3,Negative EBIT,EBITDA Negative
COMPUTER STORAGE DEVICES,29,Negative EBIT,1.7400799985321374
COMPUTER TERMINALS,7,Negative EBIT,EBITDA Negative
COMPUTERS & SOFTWARE-WHSL,27,2.046340273559029,1.6957077732110486
"CONCRETE PDS, EX BLOCK,BRICK",2,3.344490934449094,3.8379593432369044
"CONCRETE, GYPSUM AND PLASTER",11,2.9350243747285747,3.87579544413493
CONGLOMERATES,12,6.885345822157165,6.452280730730671
"CONSTR,MINING,MATL HANDLE EQ",3,2.3179570697067065,2.4466801720802125
"CONSTR,MNG (EX PETE) EQ-WHSL",2,Negative EBIT,0.6581668625146887
CONSTRUCTION MACHINERY & EQ,6,2.276917651027637,2.784796849653644
CONSTRUCTION-SPECIAL TRADE,10,2.947842752515458,2.0464523848581053
CONVENIENCE STORES,3,1.9934926804741737,1.3693729961740864
"CONVRT PAPR,PAPRBRD,EX BOXES",19,7.133043507889406,7.197202291623305
COOKIES AND CRACKERS,3,8.449796376913355,5.537583037583037
"COSTUME JEWLRY,BUTTON,NOTION",3,7.416347075743048,7.531494876431586
CREDIT REPORTING AGENCIES,9,9.44836568142416,6.518600055637092
CRUDE PETROLEUM & NATURAL GS,173,5.5620817616149925,7.162146700615047
CUT STONE AND STONE PRODUCTS,1,Negative EBIT,EBITDA Negative
"CUTLERY,HAND TOOLS,GEN HRDWR",14,7.159043723881061,5.735376665929199
DAIRY PRODUCTS,8,2.5717993244661566,2.2799774003206923
DEEP SEA FRN TRANS-FREIGHT,9,3.852166033962913,1.825790510162375
DENTAL EQUIPMENT & SUPPLIES,10,3.363183157894737,3.1033439758023866
DEPARTMENT STORES,12,2.8507244310522717,2.3637539931979368
"DETECT,GUARD,ARMOR CAR SVCS",3,1.4432653061224492,1.3528765481422294
DIRECT MAIL ADVERTISING SVCS,5,10.764175004904848,4.095100473534959
DISTILLED AND BLENDED LIQUOR,1,4.637968724517319,4.265756607609643
DOLLS AND STUFFED TOYS,7,3.9308390410122978,3.98136614981188
"DRAWNG,INSULATNG NONFER WIRE",12,0.35985178503705373,2.833914078268343
DRILLING OIL AND GAS WELLS,20,4.31637601433286,4.766538207897123
DRUG & PROPRIETARY STORES,13,4.348984782441146,1.3233930918327639
DRUGS AND PROPRIETARY-WHSL,21,13.446376585330015,6.866101016753166
DURABLE GOODS-WHOLESALE,1,31.478119529882473,14.96299539469417
"DURABLE GOODS-WHOLESALE, NEC",2,10.010630073444144,13.794742945496713
EATING AND DRINKING PLACES,5,2.0608704578115375,1.7715280384996077
EATING PLACES,86,4.82893872656829,2.320194943710406
EDUCATIONAL SERVICES,28,14.769949292767551,2.0904776804338754
ELEC APPARATUS & EQUIP-WHSL,5,3.0562463948918133,1.7373537799690641
"ELEC APPLIANCE,TV,RADIO-WHSL",1,5.259576385759351,5.053069306930693
ELEC MEAS & TEST INSTRUMENTS,34,Negative EBIT,1.6904161288787225
"ELECTR COIL,TRANSFRM,INDUCTR",1,NMF,NMF
"ELECTR, OTH ELEC EQ, EX CMP",3,2.8551277691716725,5.1994784136062275
ELECTRIC & OTHER SERV COMB,27,1.8945649634272037,2.6880978799822928
ELECTRIC HOUSEWARES AND FANS,5,2.8272517749694503,3.2778294021054237
"ELECTRIC LIGHTING,WIRING EQ",20,3.1556069421040336,3.2797997716882747
ELECTRIC SERVICES,48,2.4298938778738,3.3807717980589014
ELECTRICAL INDL APPARATUS,16,1.8398175169192192,2.4913729102507705
ELECTRICAL WORK,6,3.010007420200017,2.3373899221560714
ELECTROMEDICAL APPARATUS,89,2.2023002853067046,3.037582442858786
"ELECTRONIC COMP, ACCESSORIES",11,6.333829594608189,7.706828263624842
"ELECTRONIC COMPONENTS, NEC",30,Negative EBIT,1.2349218132387252
ELECTRONIC COMPUTERS,24,17.501330555857592,6.566967139249526
ELECTRONIC CONNECTORS,6,4.371719872973425,5.390137583435499
"ELECTRONIC PARTS,EQ-WHSL,NEC",22,2.2243151945428226,2.162523245645278
EMPLOYMENT AGENCIES,7,Negative EBIT,0.3465718464141313
ENGINEERING SERVICES,22,2.094075082108789,1.3783829547057993
ENGINES AND TURBINES,7,1.07652823526527,2.2382544002542812
"ENGR,ACC,RESH,MGMT,REL SVCS",13,9.068974338476298,4.1001418301502754
"EQUIP RENTAL & LEASING, NEC",23,1.267563704437093,2.3570926074613747
FABRICATED PLATE WORK,8,2.854206212569343,3.009359629435079
"FABRICATED RUBBER PDS, NEC",9,2.3537371228172717,3.135186401882034
FABRICATED STRUCTURAL METAL,5,3.2397885573647267,3.421046515850249
FACILITIES SUPPORT MGMT SVCS,5,4.043365134431918,1.5070495008747553
FAMILY CLOTHING STORES,19,8.248930378584191,1.5464665924319076
FARM MACHINERY AND EQUIPMENT,8,1.3557341065837964,1.9414688073366733
FARM-PRODUCT RAW MATL-WHSL,5,3.0617858285116157,3.6728331168702733
FATS AND OILS,4,1.6603440475024376,2.577403074010568
FEDERAL CREDIT AGENCIES,6,1.2208288693432914,1.2208575289535317
FINANCE LESSORS,4,1.3307930667424508,1.6601081580556811
FINANCE-SERVICES,3,1.7298819389306275,1.7140827456414705
"FIRE, MARINE, CASUALTY INS",73,0.06437258678984167,0.21705700418585877
"FISHING,HUNTING & TRAPPING",2,Negative EBIT,1.54419789014187
FOOD AND KINDRED PRODUCTS,8,3.168310998204356,3.7998259308542295
FOOD STORES,1,124.29376854599406,4.567579950517731
"FOOTWEAR, EXCEPT RUBBER",16,7.989373883570743,2.0018374514946546
FORESTRY,3,1.004521656354117,2.342651912250049
"FUNCTIONS REL TO DEP BKE,NEC",9,14.867057232987834,9.18437265214125
FURNITURE & HOME FURNSH-WHSL,1,0.3974507531865585,0.47856315179606024
FURNITURE STORES,4,2.4263338533541345,0.6312497387960938
"GAMES,TOYS,CHLD VEH,EX DOLLS",10,1.780195426614284,2.578389130195255
GAS & OTHER SERV COMBINED,4,2.668466450410851,3.6068696980967165
GEN BLDG CONTRACTOR-RESIDNTL,4,0.6953848781112582,0.9075391180654337
GEN BLDG CONTRACTORS-NONRES,3,5.9983543609435,5.746139592340953
GEN MED & SURGICAL HOSPITALS,9,3.6954895706281974,4.437329168996949
"GENERAL INDL MACH & EQ, NEC",12,5.203180292514011,4.3016500440651635
GENERAL INDUSTRIAL MACH & EQ,13,3.389998103352689,3.3470344046020624
GLASS CONTAINERS,2,1.9339000575945435,2.6068759398075425
"GLASS PD,MADE OF PURCH GLASS",3,3.5584107397111673,2.6677917398344317
"GLASS,GLASSWR-PRESSED,BLOWN",3,5.937462951985773,5.118327686505146
GOLD AND SILVER ORES,44,Negative EBIT,4.326511679343351
GRAIN MILL PRODUCTS,10,2.9010854893710385,3.2346598935223216
GREETING CARDS,2,2.681096203980416,1.9756104085440478
GROCERIES & RELATED PDS-WHSL,15,9.490885715988522,6.04826283633697
"GROCERIES, GENERAL LINE-WHSL",6,2.2664995502735557,2.064354170390059
GROCERY STORES,24,3.716472905773058,2.3866144355585184
GUIDED MISSILES & SPACE VEHC,2,2.2534065471521227,2.5506588887752524
HARDWARE-WHOLESALE,4,0.5689225497449477,0.8504556983193512
"HARDWR, PLUMB, HEAT EQ-WHSL",8,4.686027308476096,3.8470750326420426
HAZARDOUS WASTE MANAGEMENT,22,1.1025474640487303,1.2938661202185795
HEALTH SERVICES,9,3.2166389524007486,1.6568194089815045
"HEATING EQ, PLUMBING FIXTURE",1,7.273760330578513,6.247799593771158
"HEATING EQ,EX ELEC,AIR FURNC",3,Negative EBIT,EBITDA Negative
HEAVY CONSTR-NOT BLDG CONSTR,10,1.9032067629164073,2.4920677133814717
HELP SUPPLY SERVICES,35,3.927478086679984,1.8465351509361236
"HOBBY, TOY, AND GAME SHOPS",6,4.54631058301008,1.543724617137941
HOME FURNITURE & EQUIP STORE,8,27.997065930272697,1.545976079934237
HOME HEALTH CARE SERVICES,10,2.376079864123462,2.03093957820326
HOSPITAL & MEDICAL SVC PLANS,19,9.38648881871259,5.1971132502180595
HOSPITALS,8,6.641410184667039,3.08716271463614
"HOTELS, OTHER LODGING PLACES",1,2.2803553800592304,4.948667324777888
"HOTELS,MOTELS,TOURIST COURTS",28,1.7443213006829148,1.6204401468756904
HOUSEHOLD APPLIANCES,6,4.126397734653539,4.168905844902209
HOUSEHOLD AUDIO & VIDEO EQ,17,3.333180763261128,4.786579076180542
HOUSEHOLD FURNITURE,8,6.231751421510518,4.183013103947263
ICE CREAM & FROZEN DESSERTS,3,2.107563599112173,2.1877424917373185
"IN VITRO,IN VIVO DIAGNOSTICS",67,Negative EBIT,EBITDA Negative
"INDL COML FANS,BLOWRS,OTH EQ",13,6.068249508288845,5.689473186418235
INDL INORGANIC CHEMICALS,23,2.6162062119449705,3.3143047631325193
"INDL PROCESS FURNACES, OVENS",1,Negative EBIT,EBITDA Negative
"INDL TRUCKS,TRACTORS,TRAILRS",5,1.2832345291937706,1.5243904456965096
INDUSTRIAL MACH & EQ-WHSL,6,3.437011794728161,2.653746578279081
INDUSTRIAL MEASUREMENT INSTR,22,10.882170045676736,6.6973422307988155
INDUSTRIAL ORGANIC CHEMICALS,16,0.8121449088835545,2.0089525168288493
"INS AGENTS,BROKERS & SERVICE",35,7.191228318933722,3.72412098493485
"INSURANCE CARRIERS,NEC",3,NMF,NMF
INVESTMENT ADVICE,23,1.258961379546764,1.310284582262915
"INVESTORS, NEC",26,2.9528766113648186,4.21919918600152
IRON AND STEEL FOUNDRIES,4,3.2924792364520714,4.046785757686232
JEWELRY & WATCHES-WHSL,3,6.700830215154351,5.364002034852769
JEWELRY STORES,10,7.145871405057222,1.333906971990861
"JEWELRY, PRECIOUS METAL",5,1.5181484502446982,2.340355376442572
"JEWELRY,SILVERWR,PLATED WARE",2,0.832607996569836,1.095421686746988
KNIT OUTERWEAR MILLS,4,2.8726161331067073,2.707666495985358
KNITTING MILLS,2,Negative EBIT,EBITDA Negative
LAB ANALYTICAL INSTRUMENTS,37,5.787015112981963,3.735465165567405
LAB APPARATUS AND FURNITURE,10,4.63732083157207,4.057360186237886
"LAWN, GARDEN TRACTORS, EQUIP",1,Negative EBIT,0.2694422118630445
LEATHER AND LEATHER PRODUCTS,6,2.7968226014950264,1.8005946213793418
LEGAL SERVICES,3,29.644155844155843,2.4523536165327213
"LESSORS OF REAL PROPERTY,NEC",2,NMF,NMF
LIFE INSURANCE,40,6.305302408704154,5.542998259113275
LOAN BROKERS,4,Negative EBIT,EBITDA Negative
LUMBER & OTH BLDG MATL-RETL,5,17.842623174990536,7.242395717944085
LUMBER AND CONSTR MATL-WHSL,2,1.2445361826129189,0.7520795487140263
"LUMBER AND WOOD PDS, EX FURN",8,1.306703995348661,3.0746594634529254
"LUMBER, PLYWD, MILLWORK-WHSL",2,2.6044053733702093,1.232281483611271
"MACHINE TOOLS, METAL CUTTING",2,2.3894708568358856,2.9258552108194116
MACHINERY AND EQUIPMENT-WHSL,12,3.6746714418188207,1.8002957364659493
"MAGNETC,OPTIC RECORDNG MEDIA",3,Negative EBIT,1.339698661726412
"MAILING,REPRO,COMML ART SVCS",4,Negative EBIT,1.483203047146622
MALT BEVERAGES,8,9.622037226539812,11.524313980946179
MANAGEMENT CONSULTING SVCS,35,25.067119331928513,5.624359744190168
MANAGEMENT SERVICES,14,1.7273558492660044,1.5414847442162316
MANIFOLD BUSINESS FORMS,7,3.3674343379120253,2.6740065818556906
"MEAS & CONTROLLING DEV, NEC",21,Negative EBIT,1.1379924911983403
MEAT PACKING PLANTS,2,7.446493669749484,4.665521057843538
"MED, DENTAL, HOSP EQ-WHSL",8,4.838133352390481,2.3268700313789807
MEDICAL LABORATORIES,25,3.978655093076762,3.037278133369649
"MEDICINAL CHEMS,BOTANICL PDS",14,1.1230097143185604,2.467181552137655
MEMBERSHIP ORGANIZATIONS,1,Negative EBIT,EBITDA Negative
MEMBERSHIP SPORT & REC CLUBS,1,2.2388866231647633,1.185127789984966
"MEN,YTH,BOYS FRNSH,WRK CLTHG",16,8.599080050448846,4.78063199924714
METAL CANS,4,1.14461251898807,1.9598458104140521
"METAL DOORS,FRAMES,MOLD,TRIM",3,6.088924661944624,2.5072575200660117
METAL FORGINGS AND STAMPINGS,9,Negative EBIT,1.3645871838918007
METAL MINING,18,3.6448242671722326,5.010988496684234
METALS SERVICE CENTERS-WHSL,8,0.3402040919937046,0.8390848823605876
METALWORKING MACHINERY & EQ,10,5.446102243169339,4.69420611967393
"MGMT INVT OFFICES, OPEN-END",79,Negative EBIT,EBITDA Negative
"MILLWORK,VENEER,PLYWOOD",6,3.601570876053273,4.293926562723361
MINERAL ROYALTY TRADERS,8,3.5212152959664738,3.6408573928258967
MISC AMUSEMENT & REC SERVICE,55,1.3681171676878814,1.9668345836403875
MISC BUSINESS CREDIT INSTN,11,0.1473927210772845,0.27298451984726274
MISC BUSINESS SERVICES,9,5.469392766780771,4.322580254024069
MISC CHEMICAL PRODUCTS,21,2.778758600649654,3.066672861050296
MISC DURABLE GOODS-WHSL,4,6.13939488297265,2.9329876840317106
"MISC ELEC MACHY,EQ,SUPPLIES",24,2.3264228677018224,2.700130832436662
MISC EQUIP RENTAL & LEASING,5,1.0713749603387346,1.5392687721670355
MISC FABRICATED METAL PRODS,15,5.6436713825844675,4.771324950718647
MISC FABRICATED TEXTILE PDS,3,0.5765934919178374,1.0521325647029411
"MISC FOOD PREPS, KINDRED PDS",14,15.644328922788091,9.228602437970434
MISC FURNITURE AND FIXTURES,2,7.765161674862168,6.583837607658567
MISC GENERAL MDSE STORES,3,24.1773078408652,8.116688183494166
"MISC HEALTH & ALLIED SVC,NEC",14,4.060548239562723,2.7035670321855916
"MISC INDL, COML, MACHY & EQ",11,4.388614409928172,3.8084439513720265
MISC MANUFACTURNG INDUSTRIES,14,3.7385827664399085,3.4363469623524647
MISC NONDURABLE GOODS-WHSL,9,2.5672253531435256,1.8959922449499151
MISC PDS OF PETROLEUM & COAL,3,8.689555921052634,10.634889240506329
MISC PLASTICS PRODUCTS,7,1.3529576554250617,1.713804611834255
MISC PRIMARY METAL PRODUCTS,3,Negative EBIT,EBITDA Negative
MISC REPAIR SERVICES,2,Negative EBIT,0.2899313076304227
MISC SHOPPING GOODS STORES,18,6.831559499336438,0.9129413030857928
MISC TRANSPORTATION EQUIP,6,6.838230136247134,6.318800745013653
MISCELLANEOUS METAL ORES,4,2.994326439351593,3.646752903907075
MISCELLANEOUS PUBLISHING,7,Negative EBIT,EBITDA Negative
MISCELLANEOUS RETAIL,11,1.7842507584297154,1.7976524588029306
"MNG MACHY, EQ, EX OIL FIELD",1,Negative EBIT,0.31261694500306025
"MNG, QUARRY NONMTL MINERALS",16,2.432030985429044,3.369150682827067
MOBILE HOMES,4,1.0749676809864754,1.7415962627969381
MORTGAGE BANKERS & LOAN CORR,24,1.5014061501540894,1.8557990156598
"MOTION PIC, VIDEOTAPE PRODTN",26,1.1092481629020774,4.763374512682127
"MOTION PICT, VIDEOTAPE DISTR",5,Negative EBIT,2.0701993403126346
MOTION PICTURE THEATERS,5,1.1947806137080585,0.6261814692982456
MOTOR HOMES,6,9.597458940192126,9.817680540732836
"MOTOR VEH PARTS, SUPPLY-WHSL",3,3.7309819696860855,1.139036244554426
"MOTOR VEH SUPLY,NEW PTS-WHSL",7,10.381999145142577,3.969058442888151
"MOTOR VEHICLE PART,ACCESSORY",42,1.898080196231655,2.952540841779216
MOTOR VEHICLES & CAR BODIES,11,0.5979910619447564,2.273967500531653
"MOTORCYCLES,BICYCLES & PARTS",3,20.2555863398181,21.810356929316036
MOTORS AND GENERATORS,12,2.5180908985596786,2.8098174501673983
MULTI-SECTOR HOLDINGS,1,1.4951288864028343,1.8758349892191266
MUSICAL INSTRUMENTS,1,2.020906655460419,2.267895878524946
NATIONAL COMMERCIAL BANKS,170,NMF,NMF
NATURAL GAS DISTRIBUTION,19,2.3212223608139992,3.3163842199103315
NATURAL GAS TRANSMIS & DISTR,12,2.74039553206974,3.8900018753809364
NATURAL GAS TRANSMISSION,11,2.1887688641220877,2.9842541075090048
"NEWSPAPER:PUBG, PUBG & PRINT",16,4.21903773595139,4.628715438135317
NON-OPERATING ESTABLISHMENTS,49,Negative EBIT,EBITDA Negative
NONSTORE RETAILERS,4,Negative EBIT,0.7174258474576272
NURSING & PERSONAL CARE FAC,2,1.389077035195267,0.7931103231227125
OFFICE FURNITURE,1,34.045801526717554,13.628745916773186
"OFFICE FURNITURE, EX WOOD",5,7.474057799560588,4.516569706525102
"OFFICE MACHINES, NEC",7,4.502183182888959,3.759197574959801
OFFICES OF MEDICAL DOCTORS,10,3.0281518679144797,1.9450664463265166
"OIL & GAS FIELD MACHY, EQUIP",18,5.7863411768770945,5.034518907032172
OIL AND GAS FIELD EXPL SVCS,7,0.725885784139146,2.8039594745792296
OIL ROYALTY TRADERS,21,NMF,NMF
"OIL, GAS FIELD SERVICES, NEC",16,4.528069970215867,3.6611835194818916
OPERATIVE BUILDERS,24,3.6142849087964977,3.312533647512045
OPERATORS-APARTMENT BLDGS,7,1.0893853496762052,1.6726359399274986
OPERATORS-NONRES BLDGS,23,1.4801542749813201,1.8283818104653526
OPHTHALMIC GOODS,6,5.5794924378364525,4.912056524353578
OPTICAL INSTRUMENTS & LENSES,13,61.14540182270091,13.484967252849259
ORDNANCE & ACCESSORIES,4,13.681768756795943,16.13085036255768
"ORTHO,PROSTH,SURG APPL,SUPLY",50,6.513014627040806,5.603177355603724
"PAINTS, VARNISHES, LACQUERS",5,4.11650372638334,4.236214855026245
PAPER & PAPER PRODUCTS-WHSL,7,2.739155509894231,2.9145026870531208
PAPER AND ALLIED PRODUCTS,3,1.5744287839552542,2.6005259695979426
PAPER MILLS,14,4.31988781583958,5.920124244743158
"PAPERBOARD CONTAINERS, BOXES",10,2.5662513633155832,3.3868819382245556
PAPERBOARD MILLS,8,1.4829758000287945,2.1934681000310374
"PARTITIONS,SHELVING,LOCKERS",2,7.618792599805258,7.2161987737979985
PATENT OWNERS AND LESSORS,38,5.841898649065268,3.0330065195323126
"PENS,PENCILS,OTH OFFICE MATL",3,3.016470588235294,4.440516174650875
"PERFUME,COSMETIC,TOILET PREP",20,6.997073199224805,4.856772540516139
"PERIODICAL:PUBG,PUBG & PRINT",11,Negative EBIT,1.9991983211902573
PERSONAL CREDIT INSTITUTIONS,17,1.8928409367684407,1.9365059404441392
PERSONAL SERVICES,19,2.193290870088815,1.8728538668702754
PETROLEUM BULK STATIONS-WHSL,7,7.806222276857516,9.428504343742663
PETROLEUM REFINING,30,8.451569951264357,7.218327944180228
"PETROLEUM,EX BULK STATN-WHSL",10,3.344980047586039,3.1807707803204583
PHARMACEUTICAL PREPARATIONS,192,12.602924441298482,11.568626415337567
PHONE COMM EX RADIOTELEPHONE,109,1.7495299335687953,3.8182534314121686
"PHONO RECRDS,AUDIO TAPE,DISK",4,1.937442289935365,4.485314685314686
PHOTOFINISHING LABORATORIES,3,Negative EBIT,EBITDA Negative
PHOTOGRAPHIC EQUIP & SUPPL,23,3.4142548487589184,4.769526474526809
"PIPE LINES, EX NATURAL GAS",7,2.4778738130266147,3.26135050986452
"PLASTIC MATL,SYNTHETIC RESIN",10,2.872557209180745,3.9145668619532445
"PLASTIC,FOIL,COATD PAPR BAGS",1,3.710280373831776,3.9047619047619047
PLASTICS FOAM PRODUCTS,4,1.4435523808094601,1.4140506230788863
"PLASTICS PRODUCTS, NEC",34,3.622984769248767,3.6491227799442294
"PLASTICS,RESINS,ELASTOMERS",14,1.6515344268150127,2.6269042549810924
POTTERY AND RELATED PRODUCTS,1,5.233655486071632,2.9404395296752517
POULTRY SLAUGHTER & PROCESS,5,2.1781447561356697,2.6588520487466365
PREFAB METAL BLDGS & COMP,3,2.207955936352509,2.1374030354131537
PREFAB WOOD BLDGS & COMPONTS,5,3.864796654167868,2.9880883543425463
PREPACKAGED SOFTWARE,428,Negative EBIT,3.915411099637535
PRIM PRODUCTION OF ALUMINUM,2,0.900536462950997,1.8270294613654947
"PRIM SMELT,REFIN NONFER METL",6,Negative EBIT,1.754285496504493
PRINTED CIRCUIT BOARDS,21,1.7456435130977581,2.3949670429743097
"PRINTING TRADES MACHY, EQUIP",7,0.45542041248016923,2.074057114311881
PROF & COML EQ & SUPPLY-WHSL,7,2.417183487274674,2.2266953831054646
PUBLIC BLDG & REL FURNITURE,6,3.3350304018244925,3.2130839708990653
PUBLIC WAREHOUSING,3,1.3767698001480386,1.333306787376442
PULP MILLS,2,1.6415854460655344,3.182679083951208
PUMPS AND PUMPING EQUIPMENT,6,4.336704476412364,4.438312625391574
"PWR,DISTR,SPECL TRANSFORMERS",6,3.389953418286402,3.5295423339719205
"RACING,INCL TRACK OPERATIONS",9,4.28078398908143,5.072799540273919
RADIO BROADCASTING STATIONS,17,Negative EBIT,1.2013887927850055
"RADIO,TV BROADCAST, COMM EQ",87,1.8062445138506131,2.6937325942682424
"RADIO,TV,CONS ELECTR STORES",10,19.896338908580294,1.8248525807948666
RADIOTELEPHONE COMMUNICATION,44,Negative EBIT,3.0776306378133493
RAILROAD EQUIPMENT,4,1.8793620940627858,2.696923278477058
"RAILROADS,LINE-HAUL OPERATNG",12,2.790487407675725,1.8757152279680873
REAL ESTATE,5,2.2114038938814273,2.363647301478171
REAL ESTATE AGENTS & MGRS,10,2.873283075681042,1.6982806257329701
REAL ESTATE DEALERS,5,0.502484672474992,0.4745339860666541
REAL ESTATE INVESTMENT TRUST,182,0.19624507988856654,0.19445346313256567
"REAL ESTATE OPERATORS,LESSOR",4,0.7193016332047547,1.0419136381624878
RECORD AND TAPE STORES,3,7.220283975659229,0.7649844178174198
REFRIG & SERVICE IND MACHINE,17,1.1291650170789866,1.703426124197002
REFUSE SYSTEMS,13,2.1645898353384894,3.1828854283611667
RETAIL STORES,19,2.603638173066801,0.726811851619934
ROLLING & DRAW NONFER METAL,17,3.8597414279479234,4.89935998503514
"RR SWITCHING, TERMINAL ESTAB",1,1.26146856762946,1.3672093288475795
RUBBER AND PLASTICS FOOTWEAR,4,5.619137236451319,2.502518440463646
SANITARY SERVICES,2,Negative EBIT,0.4478178368121442
"SAUSAGE,OTH PREPARED MEAT PD",2,14.327536231884057,12.855263157894738
"SAVINGS INSTN, NOT FED CHART",71,NMF,NMF
"SAVINGS INSTN,FED CHARTERED",195,NMF,NMF
"SAWMILLS, PLANING MILLS, GEN",5,Negative EBIT,1.0060648081735444
SCRAP & WASTE MATERIALS-WHSL,5,2.0952083954768552,2.252057758336861
SCREW MACHINE PRODUCTS,1,3.3782383419689124,2.0265654648956355
"SEC SMELT,REFIN NONFER METAL",2,2.170355507410507,3.0477363115057337
SECURITY & COMMODITY BROKERS,7,21.378581089388913,5.059446481017001
SECURITY BROKERS & DEALERS,51,1.2372191833839545,1.2508850568368295
"SEMICONDUCTOR,RELATED DEVICE",134,Negative EBIT,6.105693631585678
SERVICE INDS FOR PRINT TRADE,1,4.3663833805476875,4.192446043165468
"SERVICES, NEC",1,Negative EBIT,8.432692307692307
SHEET METAL WORK,3,0.09105647122399353,0.6160798738833421
SHIP & BOAT BLDG & REPAIRING,6,13.974071472395366,7.156751856811916
SHOE STORES,7,7.15136744025537,0.7721056628451897
"SHORT-TERM BUS CREDIT, EX AG",12,1.713889498803925,1.733648790746583
SILVER ORES,3,Negative EBIT,EBITDA Negative
SKILLED NURSING CARE FAC,13,1.5597220401206242,0.9728199965811318
"SOAP,DETERGENT,TOILET PREPS",6,7.920370557386136,10.441323670082522
SOCIAL SERVICES,12,0.4945033639684624,0.5678451925498614
"SPEC OUTPATIENT FACILITY,NEC",13,3.334173634397978,2.3403227321155047
"SPECIAL CLEAN,POLISH PREPS",9,7.618920679610924,5.272055874367519
SPECIAL INDUSTRY MACHINERY,5,2.9286773794808405,2.6628558331423333
"SPECIAL INDUSTRY MACHY, NEC",45,4.059132856053395,3.550751170306092
"SPORTING & ATHLETIC GDS,NEC",20,4.419241373624864,4.219717932696599
"SRCH,DET,NAV,GUID,AERO SYS",23,1.9575085236440506,2.197067166242586
STATE COMMERCIAL BANKS,260,NMF,NMF
STEEL PIPE AND TUBES,5,4.490969185056589,3.6592430659926216
STEEL WORKS & BLAST FURNACES,29,Negative EBIT,1.4552466074597872
"SUBDIVID,DEVELOP,EX CEMETERY",14,2.030711787212654,1.5062249442029216
SUGAR & CONFECTIONERY PRODS,11,6.068988900389021,5.864139097685611
SURETY INSURANCE,17,8.04044784487023,6.700645927113523
"SURGICAL,MED INSTR,APPARATUS",59,8.399660114401659,6.626622789914688
SVC TO MOTION PICTURE PRODTN,7,2.196796873695285,2.2998722129385465
"SVCS TO DWELLINGS, OTH BLDGS",5,17.125472162916733,1.133589272798086
SWITCHGEAR & SWITCHBOARD APP,4,8.57301472363022,8.155364190886257
TELE & TELEGRAPH APPARATUS,64,Negative EBIT,EBITDA Negative
TELEGRAPH & OTH MESSAGE COMM,5,Negative EBIT,EBITDA Negative
TELEPHONE INTERCONNECT SYS,1,Negative EBIT,0.4931972789115646
TELEVISION BROADCAST STATION,27,1.417442442525233,2.3235835861304546
TESTING LABORATORIES,7,0.683967008650171,3.9199808857707596
TEXTILE MILL PRODUCTS,7,0.11548093050051338,1.0249277969793096
TIRES AND INNER TUBES,4,1.2158047269936216,1.8245507683449735
TITLE INSURANCE,6,13.18046321644288,3.202488796363644
TOBACCO PRODUCTS,2,9.805293130433142,8.825571197784445
TOTALIZING FLUID METERS,5,3.2855082912761358,3.1232909570640435
TRANSIT & PASSENGER TRANS,1,Negative EBIT,EBITDA Negative
TRANSPORTATION SERVICES,9,Negative EBIT,1.3171885443981695
TRUCK AND BUS BODIES,4,0.813293270476092,1.2177313600599478
TRUCK TRAILERS,2,Negative EBIT,EBITDA Negative
"TRUCKING, EXCEPT LOCAL",29,2.445884434964722,2.596606969295108
"TRUCKING,COURIER SVC,EX AIR",9,13.301787577104497,7.583284563461068
UNIT TRUST & C E INVESTMENTS,502,Negative EBIT,EBITDA Negative
UNSUPP PLASTICS FILM & SHEET,5,1.1220092828267705,1.5629655419805448
VARIETY STORES,17,5.287084589281696,3.3376854644391774
VIDEO TAPE RENTAL,3,2.29930463624329,1.150472126530985
"WATCHES, CLOCKS AND PARTS",3,18.07294199374783,3.8177407743591356
WATER SUPPLY,14,2.628673449553607,2.8667518387836455
WATER TRANSPORTATION,14,3.170231653292401,3.240252854067887
"WATER,SEWER,PIPE LINE CONSTR",10,1.7827246729735577,2.2148260356386817
"WINE,BRANDY & BRANDY SPIRITS",6,2.9585127277930257,2.911923456973767
"WMNS,MISS,CHLD,INFNT UNDGRMT",2,0.2872350104631061,0.8604432505036936
WOMEN'S CLOTHING STORES,17,16.601017441860467,1.2618326295338071
"WOMENS,MISSES,JRS OUTERWEAR",15,5.092214700193423,2.638885798221727
"WOOD HSHLD FURN, EX UPHOLSRD",7,6.537629280048198,5.204350323255233
X-RAY & RELATED APPARATUS,8,Negative EBIT,EBITDA Negative
MARKET,8052,2.483199618283979,2.930631325852985
