Company,Risk Characteristics,Investment Performance,Capital Structure,Dividend Policy,Valuation
,Approach,ROE - COE,Current Debt ratio,Dividends,Value/share
Abercrobie & Fitch,R,0.3978,0,223.43,54.65
Abercrombie & Fitch,B,0.264,0.1496,52.218,63.43
AirAsia,B,0.15713,0.2473,0,0.48
Allume Systems,B,0.111,0.1801,450,69.08
Altria,B,0.2807,0.1225,5697.04,117.21
Amazon,B,,0.1145,0,31.49
Amazon,B,0.13999,0.0578,0,15.78
Amazon,B,3.3666,0.0967,0,3.49
Amazon.com,B,2.7826,0.0985,0,45.06
Anheuser Busch,B,0.2354,0.1903,719.63,37.09
Apple,B,0.0503,0.0116,23.1,80.14
Apple,B,0.0717,0.0088,0,81.77
Apple,B,0.059,0.0104,26,69.89
Applebee's,R ,0.104,0.2004,68.3,31.26
Applied Material,B,-0.0401,0.0247,634,11.21
Aramark,B,0.0902,0.2769,222.11,33.65
Aramark,B,0.0857,0.3741,15.51,30.02
Aramark,B,0.16077190347938827,0.3632,25.61,25.09
Ark Restaurant Corporation,B,0.0446,0.2912,1472340,11.98
ASML Holding NV,B,0.127,0.1,0,13.15
Baidu,B,,0,0,87.99
Baidu,B,-0.1701,0.0038,0,61.89
Barnes & Noble,R,0.0251,0.3809,75.81,26.51
Barns & Noble ,B,-0.015,0.3906,75.8,42.96
Barrick Gold Corp,R,-0.0152,0.12,118,34.5
Benihana,B,0.0308,0.1716,23600000,25.89
Berry Petroleum Co.,R,0.2979,0.06,13.2,39.25
Best Buy,B,0.1742,0.1683,372.5,47.63
Best Buy,B,0.13979999999999998,0.1733,188.89,40.22
Best Buy,B,0.1183,0.1579,188.99,39.99
BHP Billiton Ltd,R,0.3415,0.12,2160,23.81
Billabong,B,0.1607,0.082,38.79,7.38
Bluefly.com,B,-0.796,0.104,0,0.47
Boston Beer,B,0.13450159292993083,0.0027,8.75,28.85
BSkyB,B,2.8268,0.1922,598,11.82
Car Parking ,B,-0.09031050503993097,0.6977680546494438,6.134,35.72192515474218
Carnival Corp.,B,0.0398,0.1775,736,27.28
Carnival Corporation & plc,B,0.012,0.14,0,45.55
Carnival Cruises,R,0.0238,0.1803,201,40.9
CCE,B,0.0071,0.4918,145,13.42
Cedar Fair,B,0.3077571254881642,0.2084,81.8,21.40903509750848
Cemex,B,0.1361604671252999,0.11512114274558263,29.907999999999994,30.069430833047413
Charter Comm.,B,-0.5705,0.92,0,-33.84
Cheesecake,R,0.05900000000000001,0.1757,4.7,25.45
Cheesecake Factory,B,0.0687,0.1747,3.06,28.64
Cheesecake Factory,B,0.0802,0.1583,9203000,24.23
Cheesecake Factory,B,0.06174319519916403,0.17276503239110566,4.1,22.88
Chipotle,B,0.0334,0.4262,0,96.5
Chipotle Mexican Grill,B,0.038,0.1865,0,25.18
Choice Hotels,B,,0.08682608503546313,8.27142857142857,46.9
"Choice Hotels International, Inc.",B,,0.0921,62.78,37.46
Coach,R,0.3430900957838997,0.03159345031880526,196,43.55254409570643
Coach,B,0.3744,0.033,0,23.29
Coach ,B,0.2594000000000001,0.027,195.4,35.55
Coca Cola,B,0.2351,0.0267,3451,31.74
Coca Cola,B,0.2312,0.0237,2679,58.78
Coca-Cola,B,0.2268,0.0267,3451,32.24
Comcast,B,-0.0952,0.266,0,6.1
Comcast,B,-0.08389207996503262,0.2228,0,48.56
Constellation,B,0.0706,0.3439,0,35.23
Cosi,B,-0.378,0.321,0,4.8
"Cox Radio, Inc",B,-0.065,0.1252,0,12.53
Ctrip,B,0.122,0.0007,8.4,64.9
CVS,B,0.0822244957393067,0.3851352038448326,109.79,36.1672912411429
Deckers,B,0.07083283487214234,0.014043505755918298,1.34,55.29686045667575
Deutsche Lufthansa,B,0.1703,0.4868,229,29.88
DirecTV,B,-0.0701,0.11,0,27.42
DirecTV,B,0.08928473643536824,0.13531249511932542,0,28.04
Discovery Holdings (DISCA),B,-0.078,0.3968,0,10.81
Dollar Tree,B,0.0354,0.2686,27.48,24.52
DSW,B,0.0723,0.2498,0,16.16
Earthlink,B,0.03537066877381548,0.09154138537470927,0,20.79
"Earthlink, Inc.",B,-0.064,0,514,6.53
EchoStar,B,-0.1164,0.2837,0,19.14
EMI,B,,0.347,134.18159999999997,4.6844
EMI,B,,0.5955,138.44,2.67
Estee Lauder,B,0.0217,0.174,1339.1,38.2
Expedia,B,-0.1054,0.0486,0,18.94
Expedia,B,-0.1054,0.0486,0,18.94
ExxonMobil,B,0.1507,0.0341,1616,67.15
FDS,B,0.04643768453518329,0.3380924525575221,157,40.956974142758796
Federated,B,0.1734,0.0127,157,26.21
Federated,B,0.0488,0.3321,513,24.72
Four Seasons Hotels Inc.,B,-0.0525,0.1381,4.74,44.13
Gap,R,0.05153328321027445,0.23490355331334822,928.85,13.276926028383942
Gap,R,0.1,0.2432,687.8,19.14
Gap,B,0.16,0.25,733,19.58
Gaylord Entertainment,B,0.125,0.2743,0,26.01
GlaxoSmithKline,B,0.1276,0.0873,3640,14.63
Gmarket,B,0,0,0,10.18
Google,B,0.025,0.00031,0,356.37
Google,B,-0.0669,0.0028,0,284.21
Google,R ,0.1277,0.0035,0,96.95
Google,B,0.025,0.00031,0,294.6828103703617
Google,B,0.0678,0,0,279.59
Google,B,0.111,0,0,75.13
Google,B,-0.08655009477006495,0,0,720.9079561675486
Harrah's,B,0.0233,0.4514,179.24,57.53
Harrah's,B,0.0328,0.43,83.14,76.94
Harrah's (HET),B,-0.0616,0.4457,179231.8,52.29
Harrah's Casino,B,0.0106,0.426,103.93,52.81
Hess Corp,R,0.1369,0.32,109,54.22
Hewlett Packard,B,-0.0769,0.0636,2167.6,28.26
Hewlett Packard,B,-0.07551088038533584,0.0636,2167.6,28.83
Hewlett Packard ,B,0.021,0.0676,13785,30.98
Hilton,B,0.085,0.2534,33.4,33.04
Hilton Hotels Corporation,B,0.093,0.2494,97.2,26.75
Home Depot,B,0.1841,0.1411,2551.8,63.77
Home Depot,B,0.111,0.15,857,44
Hovnanian,B,0.22104326602006857,0.31289037670900444,-16.927999999999997,54.77791704333803
IHOP,B,0.0511,0.4902,27.87,46.89
IHOP Corp.,B,0.092,0.4542,18.339,40.94
Infosys,B,0.2564,0,67.06,52.31
Intel,B,0.046,0.0094,6952,21.62
Intnl House of Pancakes,B,0.0511,0.4902,27.87,46.89
Johnson & Johnson,B,0.2298,0.0124,5748,76.29
L3 Communications,B,0.0066,0.3426,25.71,32.11
Landry's Restaurants,B,0.0601,0.6455,43.6,35.57
Las Vegas Sands,B,0.13765234535919446,0.05005379311950457,0,48.07401064685917
Leap Wireless,B,-0.1521,0.1682,0,34.32
Lenovo,B,0.0312,0.15,100.2,0.22
Lexmark ,B,0.046,0.0435,1687,65.86
Limited,B,0.1902,0.2471,308.72,29.43
Lionsgate,B,0.0865,0.2467,0.623,5.32
LodgeNet,B,,0.4717,0,13.51
Marriott,B,0.0999,0.1148,70.2,47.42
Marriott Hotels,B,0.0135,0.1326,61,20.18
"Marriott International, Inc.",B,0.0812,0.1327,703.8,40.12
Martha Stewart ,B,-0.47,0.0332,2.2,24.18
Marvel,B,0.1783,0.0175,0,10.15
McDonalds,B,0.0722,0.2484,1031840,38.96
McDonald's,B,0.0978,0.2374,1341,36.17
McDonald's,B,0.1004,0.2576,1356,37.23
McDonald's Corp,B,0.07187184329910178,0.24983808655238302,1480.3,34.5
McDonald's Corporation,R ,0.0852,0.2432,,46.32
MGM,B,0.0646,0.49,0,60.01
Microsoft,B,0.1884,0,8352.7,20.38
Microsoft,B,-0.002599999999999991,0.013,4232,20.22
MIPS,B,-0.0841,0.03,0,6.14
"Motorola, Inc.",B,0.143,0.0907,2334,16.62
Netflix,B,-0.1739,0.0137,0,27.78
Netflix,B,-0.07299999999999998,0.0127,0,20.21
Netflix,B,0.1342,0.0098,0,30.37
Netflix,B,0.1342,0.0098,0,30.37
Newmont Mining Corp,R,-0.062,0.08,179,54.02
Nike,B,0.11980253547897757,0.06294336918401404,508.21,90.14112665330039
Nike,B,0.1361,0.0718,1086.1,111
Norsk Hydro,B,0.04879999999999999,0.147,5021,169.44
Novo Nordisk,B,0.147,0.0354,3036,498.93
Nucor,B,0.0897346495714457,0.16930423929670174,118.696,50.219393707896835
Occidental Petroleum Corp,R,0.3374,0.09,520,56.85
OSI Restaurant Partners Inc.,B,0.034360541818033705,0.23643869938303508,71.5,33.36
Overstock.com,D,-0.301,0.263,0,18.69
Overstock.com,B,-0.382,0.2748,0,19.5
PALM,B,-0.0749,0.0426,0,33.48
Pantaloon,B,0.3966,0.0489,627,1608
Papa John's,B,0.2091,0.1157,0,17.4
Parlux,B,0.23555266684514098,0.22976387948746674,0,7.1625242857699245
Pep Boys,B,-0.1152,0.5366,37.98,8.56
PepsiCo,B,0.2208,0.05442451324543852,3605.6,51.426944570068095
Petrobras,B,0.14470000000000002,0.1808,3415,19.57
PF Changs,R,0.107,0.1898,0,27.7
Pier 1 Imports,B,0.0562,0.238,59.9,5.22
Planet Out (LGBT),B,-0.1855,0.2464,0,2.32
Playboy,B,0.0622,0.2657,0.33,21.64
Polo Ralph Lauren,B,0.09079999999999998,0.1202,5.74,77.66
Posco,R,0.1229,0.19,638,320000
Pulte,B,0.19206529331122865,0.2944988877118874,21.642000000000003,46.66354069729788
Puma,B,0.3468,0.0158,21.19,289.91
Pyaterochka,B,0.35,0.16,0,24.62
Quicksilver,B,0.08200000000000002,0.3188,6,16.72
Quiksilver,B,0.07602230816512773,0.33686964242782835,0,26.22905065898624
RARE Hospitality,B,0.01878234842555873,0.12709016459184727,10.1,27.55
Red Lion Hotels Corporation,B,-0.0561,0.3922,0,11.12
Royal Dutch Shell,B,0.14930000000000002,0.1096,10556,36.73
Ruby Tuesday,R,0.04,0.2866,71.2,36.6
Ruth Chris,B,,0.2359,39330000,8.63
S&I,B,-0.0411,0.2524,468.7,43.41
Sabre Holding,B,0.0116,0.2662,104,22.42
Sadia,B,0.2221,0.5801,43,3.22
Saks Inc,B,-0.084,0.405,135.1,12.92
Schlumberger,B,-0.026899999999999993,0.0647,482,59.19
Scholastic,R,-0.0125,0.3185,0,18.54
Shinsegae,B,0.1046,0.1704,16,568.42
Six Flags (SIX),B,-0.3246,0.61,0,3.24
Smith & Wesson,B,0.0114,0.0368,0,5.54
Smith & Wollensky,B,-0.1669,0.4203,0,16
Sodexho Alliance,B,0.00537846619948275,0.271319016212322,112,31.3
Sonesta International Hotels Corporation ,B,0.318,0.458,2.22,8.13425435756978
Sonic Corp,B,0.1245,0.1407,21.5,23.35
Sonic Corporation,B,0.13010757801184186,0.471001405516781,0,21.825827095008126
Southwest,R,0.0006000000000000033,0.2509,74,9.95
Staples,B,0.0722,0.1878,311.5,23.52
Starbucks,B,0.1605,0.0902,0,25.27
Starbucks,B,0.1184,0.0955,0,25.58
Starwood,B,0.0036,0.2669,1376,13.39
Starwood,B,0.0042,0.262,142.8,58.83
"Starwood Hotels & Resorts Worldwide, Inc. ",B,0.0016,0.2604,275.2,47.25
Target,B,0.08090000000000001,0.1943,586.6,58.07
Target,R,0.07217627583149643,0.196032852456464,497.2,51.91292871351879
Target,B,0.1111,0.1988,1515,49.46
Target,B,0.095,0.1912,763.4,64.16
Target,B,0.0764,0.2071,454.3,57.74
Target,B,0.0878,0.211,318,47.42
Target,B,0.09648352408563353,0.18722273861748995,213.1,69.6435671067551
The Cheesecake Factory Incorporated,B,0.0684,0.1751,0,26.41
The Gap,B,0.1155,0.2424,179,25.22
The Steak N Shake Corporation,B,-0.005,0.2853,1.65,18.1
Tiffany,B,0.0783,0.1655,175.72,36.72
Tiffany,B,0.0783,0.1655,175.72,21.2
Tiffany & Co,R,0.0243,0.2066,90.09,32.96
Tiffany & Co.,B,0.0137,0.161,56.89,30.87
Tiffany Co.,B,0.0898,0.1518,24.9,32.1
Timberland,B,0.24519999999999997,0.0726,119.7,44.57
Time Warner,B,-0.0355,0.2338,0,5.65
Total,B,0.1578,0.155,3554,57.52
Trans World Entertainment,R,-0.1484,0.6001,4.66,6.88
True Religion,B,0.4652,0,0.7,21.39
Under Armor,B,0.1272,0.01,48.4,37.07
Unilever,B,-0.07367621171581774,0.1646753359530445,1994.9059999999997,28.78839610926395
United Natural Foods,B,0.077,0.101,0,72.04
Univision,B,-2.97,0.1663,0,16.87
Univision (UVN),B,-0.07245071851128088,0.12817272229318394,366473.3,20.945813448538818
Vail Resorts,B,-0.0043,0.2322,0,46.78
Verizon,R,0.0816,0.3008,4427,48.84
Viacom,R,-0.0317,0.1955,0,19.22
Walgreen,B,0.091,0.2985,575.6,23.84
Walgreens,B,0.12200000000000003,0.2869,575.6,41.8
Wal-Mart,B,0.1142,0.1891,3366.1,42.92
WBD,B,-0.0036,0.1688,0,93.09
WebMd,B,-0.025999999999999995,0.0002,0,38.8
Whole Foods,B,0.028,0.2249,141,45.51
Whole Foods,B,0.028,0.2249,141,45.51
Whole Foods Market,B,0.0348,0.267,16.4,51.38
Whole Foods Market,R,0.0286,0.1792,16.48,46.08
WholeFoods,B,0.05979999999999999,0.2279,108.1,40.280246785935596
Wild Oats,B,-0.0569,0.3213,5,1.95
William Demant,B,1.1509,0.0468,568,455.9399470375462
Williams-Sonoma,B,0.09930000000000001,0.2647,93.92,21.3
Williams-Sonoma,B,0.09930000000000001,0.2647,93.92,37.47
Wim Bill Dann,B,-0.0036,0.1688,0,93.09
World Wrestling Entertainment,B,-0.1111,0.009,21.43,13.8
WWE,B,-0.0063,0.0097,27,8.23
Wynn Resorts,R,-0.1149,0.2299,0,62.16
Yahoo,B,0.1111,0.032200805020125504,0,21.48
Yahoo,R,0.1124,0.0521,0,22.43
Yahoo Inc.,B,0.1063,0.0352,227.273,26.84
Yahoo Inc.,B,0.1063,0.0352,227.273,19
Yahoo!,B,0.144,0.0531,129,25.42
