Company Name/ Symbol,Company Details,Market Data,Ownership Details,Beta Estimates,Shares outstanding & Trading data,Estimates for future earnings/growth,Historic (Past) Growth,Income Statement numbers (last twelve months),Balance Sheet- Most recent quarter,Balance Sheet - Four quarters prior,R&D Expenses (Current & last 5 years),Per Share numbers,Operating Lease expenses: Current year & Future commitments,Statement of Cash Flow numbers: Last twelve months,Last fiscal year numbers,Corporate governance measures
Company Name,Year Founded,"Market Capitalization [Latest] ($USDmm, Historical rate)",Institutions - % Owned [Latest] (%),2 Year Beta [Latest],Shares Outstanding [Latest] (mm),Forward Revenues (Expected revenues in next 4 quarters),"Net Income, 10 Yr CAGR % [LTM] (%)","Total Revenue [LTM] ($USDmm, Historical rate)","Cash And Equivalents [Latest Quarter] ($USDmm, Historical rate)","Total Debt [Latest Quarter - 4] ($USDmm, Historical rate)","R&D Exp. [LTM] ($USDmm, Historical rate)","Basic EPS  [LTM] ($USD, Historical rate)","Operating Lease Commitment Due, After 5 Yrs [Latest Annual] ($USDmm, Historical rate)","Change in Net Working Capital [LTM] ($USDmm, Historical rate)","Total Revenue [Latest Annual] ($USDmm, Historical rate)",% of Directors that are Internal
Royal Dutch Shell plc (LSE:RDSA),-,208619.7,72.19,0.752,6309.7,464653.6,10.6,467153,18550,37175,1314,4.25,12200,-5500,467153,29.41
Wal-Mart Stores Inc. (NYSE:WMT),1945,256119.1,31.43,0.38,3292.4,490935.8,7.89,469162,7781,53537,-,5.04,9373,560,469162,4.76
Exxon Mobil Corporation (NYSE:XOM),1870,399745.7,50.78,0.991,4480.5,478650.3,14.6,428376,9582,17033,-,9.7,1467,3887,428376,7.69
China Petroleum & Chemical Corp. (SEHK:386),2000,103606.5,15.11,0.499,89665.5,451153.1,14.6,446879.8,1677.4,37250.4,-,0.118,52337.3,524.4,446879.8,33.33
BP plc (LSE:BP.),1889,132993.3,43.46,0.827,19121.7,338442.4,5.48,375580,19548,44213,-,0.609,4195,15603,375580,21.43
PetroChina Co. Ltd. (SEHK:857),1988,252561.9,6.96,0.746,183021,354462.2,9.41,352188.4,6961.8,50502.5,-,0.101,-,7348.4,352188.4,40
Volkswagen AG (DB:VOW),1937,90228.7,16.03,1.21,465.2,266322,23.7,254039.2,20386.3,91254.3,-,61.2,2851.9,1187.9,254039.2,-
Toyota Motor Corporation (TSE:7203),1933,179380.4,30.97,0.614,3167.2,240189.1,-0.659,253536.4,14353.4,152035,-,2.81,250.6,5700.5,225502.4,40.63
Total SA (ENXTPA:FP),1924,111092.5,38.83,0.872,2257.5,244295.2,6.05,240357.3,20395.5,41925.3,-,6.25,1280.2,874.2,240357.3,17.65
Chevron Corporation (NYSE:CVX),1879,234969.3,65.47,1.13,1942.7,261716.9,36.9,222580,20939,10152,-,13.4,617,-181,222580,25
Glencore International plc (LSE:GLEN),1974,38446,21.91,1.09,7099.5,227512.3,-,214436,2782,28159,-,0.144,160,2015,214436,-
Samsung Electronics Co. Ltd. (KOSE:A005930),1938,178735.6,54.77,0.769,130.8,210716,12.6,189082.6,17668.2,12618.8,10843.4,144.8,-,2287.5,189082.6,-
Phillips 66 (NYSE:PSX),1875,38456.2,72.62,1.21,620.2,202355.1,-,166169,3474,391,-,6.56,381,425,166169,12.5
Eni SpA (BIT:ENI),1953,94746.4,31.06,1.07,3994,153372.2,5.42,169846.4,10325,38793.1,-,1.53,-,5610.1,169846.4,15
Apple Inc. (NasdaqGS:AAPL),1977,407861.1,65.04,0.93,939.1,185230.2,115.9,164687,16154,0,3633,44.6,1801,-4359,156508,12.5
General Motors Company (NYSE:GM),1908,40631.5,66.48,1.31,1367.1,158422.3,-,152256,17133,13833,-,3.1,595,9899,152256,13.33
Daimler AG (XTRA:DAI),1883,57787.8,50.77,1.42,1067.6,152481.8,2.59,150698.1,13035.8,80762.6,5484.9,7.53,1011.3,-1571.6,150698.1,7.69
General Electric Company (NYSE:GE),1892,244650.1,56.93,1.18,10370.9,148551.6,-0.378,146785,77356,453443,-,1.3,929,-21366,146785,5
Open Joint Stock Company Oil company LUKOIL (MICEX:LKOH),1993,47192.5,37.11,0.646,754.9,133826.8,19.6,139171,2914,9092,-,14.5,95,-2025,139171,-
"Hon Hai Precision Industry Co., Ltd. (TSEC:2317)",1974,31827.2,25.12,0.817,11834.6,135689.1,17.5,134326,17387.6,12793.1,1569.3,0.276,-,-3117.8,134326,-
Ford Motor Co. (NYSE:F),1903,53241.5,54.52,1.4,3929.3,133825.7,-,134252,6247,99488,-,1.49,196,3565,134252,26.32
GDF Suez S.A. (ENXTPA:GSZ),1880,50183.1,24.78,1.11,2357.3,111703.3,-,127942.5,15008.2,74043.5,-,0.899,2462.9,2295.5,127942.5,-
"AT&T, Inc. (NYSE:T)",1983,211646.6,56.75,0.627,5491.6,129039.9,2.54,127434,4868,64753,-,1.25,11755,-3050,127434,7.69
McKesson Corporation (NYSE:MCK),1833,25333.7,88.74,0.704,232.9,127036.2,12.3,123534,2726,3987,440,6.73,233,939,122734,11.11
CVS Caremark Corporation (NYSE:CVS),1892,71113.8,87.25,0.676,1231.2,125292.7,18.4,123133,1375,10014,-,3.05,17436,-649,123133,9.09
Nippon Telegraph and Telephone Corporation (TSE:9432),1952,54338.5,13.95,0.258,1197.2,109799.6,-,123075.6,10487.1,56421.6,-,5.25,103.7,1793.8,127501.1,64.71
Verizon Communications Inc. (NYSE:VZ),1983,144371.5,56.55,0.559,2858.3,120687,-14.3,115846,3093,55152,-,0.307,4119,4005,115846,7.69
UnitedHealth Group Incorporated (NYSE:UNH),1974,64549.8,89.39,0.937,1024.9,123644.4,15.1,110618,8406,11638,-,5.38,556,197,110618,25
"Honda Motor Co., Ltd. (TSE:7267)",1946,71399.3,26.08,1.02,1802.3,108122.5,-1.37,110272.8,13393.9,49855.3,6383.7,2.33,498.3,1052.5,96445.8,75
Nissan Motor Co. Ltd. (TSE:7201),1933,43898.8,16.73,0.792,4191.3,99633.7,-3.99,109437.3,8242.8,50144.2,-,0.85,432.9,10796.6,114173.4,-
International Business Machines Corporation (NYSE:IBM),1910,237301.5,60.73,0.855,1114.5,106267.1,16.6,104507,10412,31320,6302,14.5,747,-1482,104507,4.55
BASF SE (DB:BAS),1865,83731.4,31.97,1.19,918.5,103471.8,12.5,103802.5,2342.9,16971.7,2302.1,7,382.4,1495.2,103802.5,-
Siemens Aktiengesellschaft (DB:SIE),1847,91224.6,34.72,0.928,842.7,102811.4,5.21,103590.2,10314.5,22613.8,5614.1,6.51,988.9,3153.8,100553.5,8.7
Costco Wholesale Corporation (NasdaqGS:COST),1976,46259.7,77.69,0.618,436.4,109971.7,10.7,103128,4413,2280,-,4.51,1883,-587,99137,35.71
Tesco PLC (LSE:TSCO),1919,47812.2,39.63,0.413,8057,104545.1,11.9,102916.4,5169.7,18670.1,-,0.535,17823.8,-210.5,102369.7,-
Bayerische Motoren Werke Aktiengesellschaft (DB:BMW),1916,58023.6,27.91,1.17,656,104245.9,9.7,101322.4,9984.8,85090,-,10.2,771.3,-2265.1,101322.4,-
Nestlé S.A. (SWX:NESN),1866,231060.3,26.76,0.26,3189.5,105256.6,3.44,100841,6378.7,24182.1,1686.4,3.64,728.5,-683.7,100841,-
Rosneft Oil Company (MICEX:ROSN),1993,66525,4.27,0.888,9238,112421.9,42.5,97180.8,9691.9,23615,-,1.19,1342.5,-687.6,97180.8,-
Electricite de France SA (ENXTPA:EDF),1946,39555.8,4.48,1.06,1846.7,97389.9,21.3,95891.6,7744.7,65000.3,-,2.37,2461.6,-1232.8,95891.6,5.56
Express Scripts Holding Company (NasdaqGS:ESRX),1986,47229.9,88.31,1.12,820,100931,20.5,93858.1,2793.9,8076.3,-,1.8,29.1,-2139.2,93858.1,8.33
PTT Public Company Limited (SET:PTT),1978,31195.4,34.4,0.682,2856.3,95930.8,15.6,91286.8,4473.7,12907.8,-,1.2,149.7,542.1,91286.8,-
China Mobile Limited (SEHK:941),1997,214817.5,11.46,0.281,20100.6,95862.8,14.8,89906.3,11375.4,4550.2,-,1.03,896.6,-4909.3,89906.3,70
Procter & Gamble Co. (NYSE:PG),1837,217630.6,60.02,0.46,2731.7,85903.5,10.2,83320,6643,33388,-,4.61,637,-1339,83680,8.33
Marathon Petroleum Corporation (NYSE:MPC),-,27153,88.91,1.34,330.9,90522.3,-,76580,4860,3307,-,9.95,78,639,76580,10
The Boeing Company (NYSE:BA),1916,66943.3,75.82,1.19,756.2,83979.3,23,81698,10341,12371,3298,5.15,644,819,81698,18.18
"Repsol, S.A. (CATS:REP)",1986,25824.5,51.43,1.17,1159.8,78748.2,0.54,77690,7783,30278.7,-,2.24,1686.3,-667.2,77690,-
"The Home Depot, Inc. (NYSE:HD)",1978,106568.1,70.85,0.939,1482.2,77005.5,2.16,74754,2494,10788,-,3.03,4560,-478,74754,10
European Aeronautic Defence and Space Company EADS N.V. (ENXTPA:EAD),2000,41590.3,21.16,0.614,825.9,77480.1,-,74467.7,11544.6,6630.7,4142.7,1.98,-,-9.23,74467.7,-
Target Corp. (NYSE:TGT),1902,44332.7,82.54,0.559,641.4,75804,6.33,73301,654,17483,-,4.57,3195,-571,73301,7.69
Deutsche Post AG (XTRA:DPW),-,28189,49.37,0.914,1209,76349.7,9.67,73528.9,3164.3,9106.9,-,1.81,2287.6,-1721.9,73528.9,-
Microsoft Corporation (NasdaqGS:MSFT),1975,242366.6,68.01,0.869,8376.2,84561,6.59,72930,6017,12803,10099,1.84,315,-5483,73723,11.11
Walgreen Co. (NYSE:WAG),1901,46114.1,64.43,0.556,947.5,74440.7,6.38,70788,2431,2501,-,2.26,23996,-627,71633,6.67
Unilever plc (LSE:ULVR),1885,121739.3,22.74,0.316,2831.8,69753.7,7.69,67669.6,3250,17821.4,-,2.09,723.8,-2730.6,67669.6,17.65
Johnson & Johnson (NYSE:JNJ),1886,230252,68.05,0.486,2797,71167.8,5.1,67224,14911,19627,7665,3.94,128,-461,67224,7.14
BHP Billiton Limited (ASX:BHP),1885,187811,12.92,0.757,5323.7,71917.6,21.2,66978,5086,25067,75,1.81,1126,2266,72254,14.29
BHP Billiton plc (LSE:BLT),1996,158475.1,17.5,1.26,5324.5,71332.1,21.2,66978,5086,25067,75,1.81,1126,2266,72254,7.69
Caterpillar Inc. (NYSE:CAT),1925,56137.6,58.25,1.48,655,63451.1,21.7,65875,3306,34599,2466,8.71,239,2819,65875,17.65
"Pepsico, Inc. (NYSE:PEP)",1898,124858.7,69.06,0.345,1561.5,68022.2,7.49,65492,6297,26773,-,3.96,620,-1240,65492,14.29
Comcast Corporation (NasdaqGS:CMCS.A),1963,108960.1,87.24,1.11,2630.1,64209.6,-,62570,10951,39309,-,2.32,1218,-1787,62570,26.67
Wesfarmers Limited (ASX:WES),1914,49606.9,19.66,0.405,1157.2,64649.5,17.2,61278.1,1406.8,5799.4,-,2.01,5662.5,-169.2,59450.3,-
A.P. Møller - Mærsk A/S (CPSE:MAERSK B),1904,32993.4,10.63,1.03,4.37,60083.7,6.04,60447.5,2299.3,19190.1,-,877.2,7810.9,385.4,60447.5,-
ConocoPhillips (NYSE:COP),1917,73454.9,68.26,1.06,1221,57810,-,60347,3618,26205,-,6.78,290,7853,60347,9.09
Pfizer Inc. (NYSE:PFE),1849,220168.1,75.38,0.692,7185.6,57328.9,4.79,58986,4506,41051,7342,1.96,618,-2952,58986,6.67
Woolworths Limited (ASX:WOW),1924,45020.9,14.33,0.142,1240.1,63298.2,12.5,58825.1,2361.9,4801.7,-,1.69,-,-473.3,55510.2,-
United Technologies Corp. (NYSE:UTX),1934,87988,78.39,1.18,918.3,65097.1,8.66,57708,4819,10260,2371,5.73,539,688,57708,7.69
Novartis AG (SWX:NOVN),1895,177331,37.09,0.276,2424.4,57191.5,7.24,57505,5552,20229,9203,3.93,2013,-434,57505,13.33
The Dow Chemical Company (NYSE:DOW),1897,38491,70.08,1.63,1208.1,59055.8,-,56786,4172,21600,1708,0.709,1322,1290,56786,15.38
"United Parcel Service, Inc. (NYSE:UPS)",1907,79767.1,54.73,0.831,946,56597.5,-12.8,54127,7327,11151,-,0.841,358,-471,54127,7.69
"Seven & I Holdings Co., Ltd. (TSE:3382)",2005,33582.2,23.46,0.23,883.5,54949.9,-,44919.6,7471.3,8520.4,-,1.69,-,215.3,44919.6,-
Intel Corporation (NasdaqGS:INTC),1968,108054.5,65.14,1.02,4951,53777.5,13.4,53341,8478,7415,10148,2.2,210,1399,53341,20
Bayer AG (DB:BAYN),1863,88879.4,44.82,0.954,826.9,54342.2,8.72,52422.7,2234.8,14307.2,3972.6,3.9,96.2,-2000.1,52422.7,-
Roche Holding AG (SWX:ROG),1896,206709.1,29.98,0.43,848.5,51585.6,-,51820.8,4947.9,28729,9355.1,12.3,162.7,-244.7,51820.8,-
VINCI S.A. (ENXTPA:DG),1899,25868.3,40.47,1.28,543.5,51295.6,14.9,51923.7,8355.1,27113.7,-,4.71,271.5,158.5,51923.7,-
"NTT DOCOMO, Inc. (TSE:9437)",1991,64628,7.83,0.193,41.5,45848.6,56.2,51293.6,3935.7,3330.5,-,135.4,193.5,2504.7,51450.1,40
Lowe's Companies Inc. (NYSE:LOW),1946,42277.8,80.57,0.8,1088.5,52485.6,2.77,50521,541,7627,-,1.69,3478,-16,50521,8.33
Google Inc. (NasdaqGS:GOOG),1998,260562.5,70.66,0.958,329.7,61046.4,59.7,50175,14778,6211,6593,32.8,1596,-193,50175,30
The Coca-Cola Company (NYSE:KO),1886,183527.6,63.34,0.554,4456.7,48883,11.5,48017,8442,28568,-,2,267,1732,48017,13.04
Sanofi (ENXTPA:SAN),1970,139476,43.21,0.668,1323.6,47038.6,10.9,47408.5,8413.2,20092.2,6489.6,4.96,605.2,458.8,47408.5,22.22
Merck & Co. Inc. (NYSE:MRK),1891,142686,76.31,0.69,3022.4,46305.7,-1.47,47267,13451,17515,7911,2.03,145,729,47267,8.33
"Cisco Systems, Inc. (NasdaqGS:CSCO)",1984,115623.9,74.73,0.983,5332,49936.1,11.6,47252,6847,16904,5657,1.75,202,873,46061,22.22
Lockheed Martin Corporation (NYSE:LMT),1909,31142.5,68.99,0.62,320.1,45129.9,18.6,47182,1898,6460,-,8.48,200,1570,47182,16.67
Denso Corp. (TSE:6902),1949,35721.1,19.44,0.771,794.9,37680.6,3.85,40576,7262.3,7116.5,-,2.64,22.2,313.2,38279.7,-
AB Volvo (OM:VOLV B),1915,29036.1,54.21,1.49,2027.7,46015.4,23,46633.9,3956,19006.4,2272.1,0.836,77.6,839.9,46633.9,-
Imperial Tobacco Group plc (LSE:IMT),1901,35052.2,51.62,0.238,972.8,12377.8,9.56,46068.5,1017.3,15953.4,-,1.1,25.8,1438.1,46068.5,-
China Telecom Corp. Ltd. (SEHK:728),2002,39206,13.04,0.484,80932,51036.3,6.15,45413,4810,8264.9,-,0.03,-,-10961.1,45413,53.85
LyondellBasell Industries NV (NYSE:LYB),2005,35318.8,76.97,1.95,575.4,45613.8,-,45352,2732,4032,172,4.97,227,-850,45352,0
FedEx Corporation (NYSE:FDX),1971,30628.6,78.64,1.02,316.9,46000.7,8.69,43860,3372,1670,-,5.74,5993,100,42680,46.15
GlaxoSmithKline plc (LSE:GSK),1935,118337.5,55.05,0.282,4909.3,41322.4,1.46,42959.8,6800.5,23194,5807.4,1.51,671.3,2124.3,42959.8,23.53
The Walt Disney Company (NYSE:DIS),1923,109319.1,66.25,1.19,1805.4,46063.3,21,42840,3207,14386,-,3.13,791,511,42278,14.29
Enterprise Products Partners L.P. (NYSE:EPD),1968,54321.6,27.32,0.631,894.9,47464.8,38.2,42583.1,16.1,14840.8,-,2.81,154,539.4,42583.1,21.43
Schlumberger Limited (NYSE:SLB),1926,102674.5,77.48,1.55,1331,45971.8,-,42149,1905,9933,1168,4.13,519,1082,42149,9.09
KDDI Corporation (TSE:9433),1953,31893.4,26.87,0.196,764.4,37898.6,15.2,42051.7,1181.5,14588.8,88.7,3.4,-,3403,43345.4,-
Canon Inc. (TSE:7751),1933,42774.5,39.95,0.545,1152.8,38579.2,1.65,40231.1,7707.7,152.2,3427.5,2.21,-,2030.5,40231.1,80.77
China Shenhua Energy Co. Ltd. (SEHK:1088),2004,69315.2,11.65,0.886,19889.6,41836.3,40.8,40148.9,8282.5,9824.1,-,0.394,8.98,1004.6,40148.9,-
China Unicom (Hong Kong) Limited (SEHK:762),2000,30208.9,9.4,0.515,23565.1,46216.8,4.43,39934.9,2927.8,16990.2,-,0.048,119.5,-2014.8,39934.9,36.36
Abbott Laboratories (NYSE:ABT),1888,58539.1,66.49,0.115,1570.7,22714.8,7.88,39873.9,10802.2,15414.6,4180.2,3.76,245,1693.1,39873.9,8.33
Anheuser-Busch InBev SA/NV (ENXTBR:ABI),1366,161868.8,30.42,0.443,1602.2,45105.2,28,39758,7051,40165,-,4.53,1100,-1089,39758,0
CNOOC Ltd. (SEHK:883),-,82025.5,17.3,1.09,44646.3,41367.9,21.3,39726.5,8827.4,6027,-,0.229,188.2,184.3,39726.5,21.43
ABB Ltd. (SWX:ABBN),1883,52207.6,29.39,1.01,2295.9,41692.2,-,39336,6875,3997,1464,1.18,295,845,39336,0
Centrica plc (LSE:CNA),-,29976.6,38.46,0.333,5172.2,37238.9,10.3,38914.3,1513.2,6615.3,-,0.4,737.9,-151.2,38914.3,-
Suncor Energy Inc. (TSX:SU),1953,44730.6,61.14,1.81,1523.6,41016.4,14,38332.6,4407.3,10603,-,1.81,8202.7,506.6,38332.6,33.33
Honeywell International Inc. (NYSE:HON),1920,58454.2,83.87,1.3,782.5,39379.4,-,37665,4634,7555,-,3.74,312,11,37665,8.33
Oracle Corporation (NasdaqGS:ORCL),1977,158348.8,63.25,1.17,4710.7,38798.1,17.5,37149,16101,14777,4812,2.19,294,449,37121,27.27
LVMH Moet Hennessy Louis Vuitton (ENXTPA:MC),-,87252.5,19.75,0.986,500,39373.6,19.9,37053.2,2895.4,9453.7,-,9.04,2045,1363.3,37053.2,44.83
Deere & Company (NYSE:DE),1837,34117.3,67.76,1.22,389.6,35603.2,22.3,36812,3176.5,28147.2,1477.6,8.09,57,4067,36157.1,9.09
Christian Dior SA (ENXTPA:CDI),1946,30418.4,10.08,0.978,179.4,-,-,35029.7,2690.3,13552.1,-,9.7,-,-,35029.7,-
"Mondelez International, Inc. (NasdaqGS:MDLZ)",-,54115,72.93,0.364,1783.3,36515.5,-1.14,35015,3873,29565,-,1.7,131,-24,35015,9.09
Ericsson (OM:ERIC B),1876,39035.4,52.35,0.869,3217.8,37010,-,34982.1,6862.2,4805.1,4911.6,0.276,379.6,-883.8,34982.1,4.76
E. I. du Pont de Nemours and Company (NYSE:DD),1802,46220.1,66.4,1.22,919.1,36170.7,-,35043,4284,12553,2067,2.98,290,839,35043,20.83
News Corp. (NasdaqGS:NWSA),1922,73430.5,70.9,1.16,2321,36694.6,-,34333,7806,15454,-,1.67,1494,661,33706,57.89
Koninklijke Philips Electronics NV (ENXTAM:PHIA),1891,28170.3,56.25,1.07,914.6,32334.2,-,32682.4,5055,5014.6,2386.4,0.323,494.4,-1313.2,32682.4,0
Schneider Electric S.A. (ENXTPA:SU),1836,41686.2,43.93,1.51,546.8,32009.7,15.9,31572.3,4927.2,10441.1,668.5,4.47,282.2,272.9,31572.3,-
"Philip Morris International, Inc. (NYSE:PM)",1987,156993.6,71.83,0.65,1642.2,32487,-,31377,2983,18545,-,5.17,226,559,31377,8.33
Hutchison Whampoa Ltd. (SEHK:13),1828,45123.7,12.05,0.814,4263.4,33701,6.17,31363.4,13927.5,29063.2,-,0.791,-,213.8,31363.4,-
Imperial Oil Ltd. (TSX:IMO),1880,33787.2,15.85,1.18,847.6,31561,12,29811.9,483.6,1187.3,-,4.46,25.1,-119.4,29811.9,12.5
3M Company (NYSE:MMM),1902,74775.2,70.13,0.977,690.8,31471,8.45,29904,2883,5245,1634,6.4,119,183,29904,9.09
DIRECTV (NasdaqGS:DTV),1990,31784.3,88.03,0.838,570.9,31910.2,-,29740,1902,13464,-,4.62,536,-156,29740,9.09
BT Group plc (LSE:BT.A),1984,33914.6,41.21,0.586,7880.4,27487.2,-,29430.3,877.7,15545.2,-,0.442,9050.9,518.5,30218.3,33.33
L'Oreal SA (ENXTPA:OR),1909,97752.2,11.62,0.549,598.9,30784.3,8.42,29616.6,2403.8,1491.8,1042.3,6.32,336.2,246.2,29616.6,-
Time Warner Inc. (NYSE:TWX),1985,55732.3,84.04,1.1,934.2,29752.2,-,28729,2841,19524,-,3.14,360,310,28729,26.67
Halliburton Company (NYSE:HAL),1919,38328.9,83.74,1.92,931,29634.5,-,28503,2484,4820,-,2.85,164,972,28503,8.33
Accenture plc (NYSE:ACN),1995,50563.1,84.56,1.19,650.1,30004,22.7,28268.6,5636.1,5.85,-,4.77,649,565.4,27862.3,6.25
McDonald's Corp. (NYSE:MCD),1940,102274.8,65.66,0.477,1002.8,28781.4,19.9,27567,2336.1,12514.4,-,5.41,6844.2,263.4,27567,13.33
Danone (ENXTPA:BN),1899,42150.7,44.57,0.511,594,28912.4,2.68,27515.3,1673.1,11732.4,338.8,3.67,283.5,-454.9,27515.3,-
Telstra Corporation Limited (ASX:TLS),1901,60270.3,13.86,0.119,12404.5,27007.5,2.55,26657.3,2683.9,15286,-,0.297,1146.4,842,26065.8,11.11
"The TJX Companies, Inc. (NYSE:TJX)",1956,35543.8,94.75,0.726,729.3,27306.3,12.7,25878.4,1812,787.6,-,2.6,1966.5,-567.2,25878.4,10
Nike Inc. (NYSE:NKE),1964,54689.2,68.09,0.936,893.6,26785.4,18.4,25649,2557,369,-,2.62,662,-57,24128,23.08
Enbridge Inc. (TSX:ENB),1949,37054.9,59.03,0.443,809.3,26939.9,2.13,25388.5,1781.8,20822.3,-,0.793,137.4,-110.4,25388.5,8.33
British American Tobacco plc (LSE:BATS),1902,106182.4,51.69,0.358,1915.3,24757.6,12.8,24689.2,3382.4,15995,-,3.22,-,666.4,24689.2,23.08
Emerson Electric Co. (NYSE:EMR),1890,40905.4,72.83,1.14,722.1,25508.2,7.21,24656,2527,5619,-,2.82,174,225,24412,25
Altria Group Inc. (NYSE:MO),1919,71352.5,60.7,0.343,2003.2,17654.1,-9.31,17500,2900,13689,-,2.06,114,-1173,17500,8.33
Heineken NV (ENXTAM:HEIA),1864,43004.1,13.92,0.495,575.1,26878.6,14,24237.6,1367.3,12194.9,-,6.76,228.1,-220.2,24237.6,-
Occidental Petroleum Corporation (NYSE:OXY),1920,67835.1,82.53,1.54,805.6,26854.2,16.6,24172,1592,5871,-,5.67,460,1396,24172,18.18
Holcim Ltd. (SWX:HOLN),1912,25897,20.56,1.13,325.3,24254.8,2.09,23531.5,3435.1,15507.6,-,2.1,327.7,96.1,23531.5,-
SABMiller plc (LSE:SAB),1895,88579.2,27.99,0.678,1669.6,22238,31.2,17120,780,7930,7,2.79,129,-1052,16713,-
National Grid plc (LSE:NG.),1990,44388.2,45.09,0.092,3665.3,22672.8,-,21934.7,696.5,39316.7,-,1.04,497.3,669.1,22118.8,28.57
EMC Corporation (NYSE:EMC),1979,48081.6,86.18,1.27,2100.6,23485.8,-,21713.9,4754.1,3424.3,2559.6,1.31,695.4,-923,21713.9,7.69
Industria de Diseno Textil SA (CATS:ITX),1963,82317.4,17.4,0.647,623.3,23167.8,18.3,21658.6,5219.6,2.92,-,5.14,-,-220.7,21658.6,-
SAP AG (DB:SAP),1972,93081.6,40.09,0.716,1191.5,23620.9,18.7,21389.7,3265.9,5140.6,2965.3,3.12,208.3,-919,21389.7,12
Time Warner Cable Inc. (NYSE:TWC),-,27476.9,90.75,0.876,293.6,22332.1,-,21386,3304,26742,-,6.97,299,-59,21386,15.38
Kimberly-Clark Corporation (NYSE:KMB),1872,39114.1,70.5,0.352,386.8,21370.4,0.441,21063,1106,6679,-,4.45,124,-321,21063,8.33
Union Pacific Corporation (NYSE:UNP),1862,66228.2,82.63,1.15,468.4,22048.8,11.4,20926,1063,8906,-,8.33,2126,226,20926,28.57
QUALCOMM Incorporated (NasdaqGS:QCOM),1985,115166.3,82.46,1.08,1718.1,24822.3,30.5,20458,4293,1078,4148,3.88,69,394,19121,25
Sasol Ltd. (JSE:SOL),1950,28706,35.92,0.391,638.1,20186.5,8.47,20226.7,2666.7,2171.3,-,4.26,545.9,415.4,20702.3,23.08
L'Air Liquide SA (ENXTPA:AI),1902,38146.2,26.32,0.701,310.5,21409.3,8.63,20384.7,1521.8,9215.2,-,6.82,175.4,27,20384.7,16.67
Linde Aktiengesellschaft (DB:LIN),1879,34887,49.01,0.742,185.2,22314.7,17.9,20146.4,1605.9,10151.3,133.2,9.27,237.3,805.6,20146.4,-
"National Oilwell Varco, Inc. (NYSE:NOV)",1862,29965.2,89.02,1.78,427.2,22874.4,43.5,20041,3319,510,-,5.86,375,3201,20041,12.5
"BCE, Inc. (TSX:BCE)",1880,36036,44.92,0.182,775.8,19887.8,1.39,20040.1,127.4,14584.9,-,3.4,490.6,-149.5,20040.1,7.14
Rolls Royce Holdings plc (LSE:RR.),1971,32743.2,70.61,0.714,1880.2,23298.9,45.7,19765.9,4201.5,1883.4,957.3,2,854.9,-235.7,19765.9,-
Duke Energy Corporation (NYSE:DUK),1916,51619.5,53.18,0.362,705.5,24853.5,5.51,19158,1424,21164,-,3.07,981,1276,19158,6.25
Japan Tobacco Inc. (TSE:2914),1985,66356.6,28.1,0.125,1904.3,21810.3,20.8,19597.7,3971.5,6884.2,595,2.58,16.8,-2077.1,24679.3,-
Astra International tbk PT (JKSE:ASII),1957,32316,24.31,0.616,40483.6,21415,18.2,19513.7,1147.1,4959.7,-,0.05,-,1291,19513.7,-
BG Group plc (LSE:BG.),1997,58891.1,42.94,1.01,3402.7,20297.8,21.1,18933,4434,15137,52,1.33,4106,-394,18933,-
H & M Hennes & Mauritz AB (publ) (OM:HM B),1947,60548.9,27.5,0.807,1655.1,20730.7,10.7,18834.5,1853.2,0,-,1.56,2619.4,169.8,18143.7,-
AbbVie Inc. (NYSE:ABBV),2012,68140.8,11.34,0.214,1577.3,18427.3,-,18380,5901,48,2596,3.35,-,824,18380,11.11
"Fomento Económico Mexicano, S.A.B de C.V (BMV:FEMSA UBD)",1890,41602.6,35.96,0.26,3578.2,21986.2,20.9,18357.6,2813.3,2123.4,-,0.446,-,-54.8,18357.6,12.12
"Kraft Foods Group, Inc. (NasdaqGS:KRFT)",1980,30294.2,72.47,0.672,594,18747.9,-,18339,1255,60,178,2.78,90,-766,18339,18.18
Danaher Corp. (NYSE:DHR),1969,42886.3,80.15,1.13,692.4,19112.4,23.5,18260.4,1678.7,5305.2,1137.9,3.45,99,96.7,18260.4,9.09
Takeda Pharmaceutical Company Limited (TSE:4502),1781,41065.3,27.47,0.281,789.5,16049.2,-8.72,18156.3,3031.9,-,483.7,1.5,204.5,-377.9,18310.1,-
Freeport-McMoRan Copper & Gold Inc. (NYSE:FCX),1987,31142,75.44,1.82,949.7,21707.5,33.9,18010,3705,3537,-,3.2,104,962,18010,7.69
Diageo plc (LSE:DGE),1886,77349.6,51.8,0.375,2509.9,18304.9,21.9,17950.4,1150.8,14949,-,1.64,509.8,960.6,16880.2,27.27
Illinois Tool Works Inc. (NYSE:ITW),1912,28690.7,83.58,1.22,451.5,17534.4,14.9,17924,2779,3990,-,6.11,67,-207,17924,8.33
Bristol-Myers Squibb Company (NYSE:BMY),1887,67851.6,67.88,0.432,1642.9,16558.2,-0.861,17621,1656,5491,3688,1.17,108,319,17621,33.33
"General Mills, Inc. (NYSE:GIS)",1928,31749.4,72.39,0.28,644.7,18272.6,9.25,17429.8,751.2,7634.9,-,2.79,48.6,-182.6,16657.9,7.69
Taiwan Semiconductor Manufacturing Company Limited (TSEC:2330),1987,87907.5,54.51,0.495,25924.4,19475.3,22.6,17412.4,4932.6,1682.1,1389.6,0.22,145.2,199.5,17412.4,33.33
Amgen Inc. (NasdaqGS:AMGN),1980,81091.6,84.14,0.571,749.3,18052,-,17265,3257,21428,3380,5.61,287,170,17265,7.14
Colgate-Palmolive Co. (NYSE:CL),1806,55512.4,75.91,0.444,467.1,17793.1,6.73,17085,884,4812,-,5.19,428,7,17085,18.18
Apache Corp. (NYSE:APA),1954,29983.2,84.06,1.67,391.8,17679.6,13.7,16834,160,7216,-,4.95,190,280,16834,9.09
Southern Company (NYSE:SO),1945,41380.4,46.46,0.274,869,17767.9,5.95,16537,628,21256,-,2.7,2453,690,16537,22.73
"Medtronic, Inc. (NYSE:MDT)",1949,48378.8,79.9,0.8,1013.8,16900.8,9.46,16427,1298,10263,1541,3.4,39,-530,16184,9.09
Eaton Corporation plc (NYSE:ETN),1916,29156.8,80.46,1.53,472.6,22797.8,15.8,16311,577,3775,439,3.5,85,866,16311,8.33
TeliaSonera Aktiebolag (publ) (OM:TLSN),-,30126.1,30.85,0.671,4330.1,16316.6,-,16110.1,4577.4,11630.3,59.1,0.705,211.6,274.4,16110.1,-
MTN Group Limited (JSE:MTN),1994,34185.5,46.32,0.447,1861.1,15838.3,-,15927.4,3029.6,4244.7,-,1.33,-,654.5,15927.4,-
Reckitt Benckiser Group plc (LSE:RB.),1823,51363.5,36.2,0.281,716.3,15574.7,16.2,15549.8,1441.7,3903.8,277.9,4.1,52,-232.4,15549.8,-
Carnival Corporation (NYSE:CCL),1972,26461.2,53.93,1.03,775.5,16038.8,3.82,15393,476,9527,-,1.9,179,-416,15382,31.25
Singapore Telecommunications Limited (SGX:Z74),-,46391.4,22.85,0.37,15934.9,15028.1,12,15122.7,680,6899.7,-,0.202,-,-208.5,14975.5,-
Merck KGaA (DB:MRK),1668,34321,20.5,0.559,217.4,14825.7,10.8,14731.2,962.1,7196.2,1992.6,3.44,11.9,-1729.6,14731.2,-
Monsanto Company (NYSE:MON),2000,57174.4,89.05,1.1,533.8,15657.8,-,14728,4385,2227,1456,4.74,54,175,13504,27.27
Canadian Natural Resources Limited (TSX:CNQ),1973,35116.3,65.32,1.76,1092.7,15664.3,13.4,14636.6,37.1,8431,-,1.73,328.1,-374.2,14636.6,8.33
"NextEra Energy, Inc. (NYSE:NEE)",1984,33903.1,71.28,0.503,424.6,15759.2,15,14256,329,23287,-,4.59,-,314,14256,14.29
Syngenta AG (SWX:SYNN),1999,38403.7,40.89,0.626,91.8,15331.1,-,14202,1599,2921,1253,20.4,11,726,14202,7.14
Baxter International Inc. (NYSE:BAX),1931,39053.3,86.1,0.833,543.4,15487.7,11.7,14190,3270,5195,1015,4.22,151,247,14190,7.69
CBS Corporation (NYSE:CBS),1986,29418.5,83.58,1.5,629.2,14890.6,-,14089,708,5982,-,2.45,891,113,14089,14.29
eBay Inc. (NasdaqGS:EBAY),1995,74835.4,84.71,1.36,1295.2,16462.8,26.4,14072,6817,2090,1573,2.02,43,916,14072,18.18
Atlas Copco AB (OM:ATCO A),1873,34424.2,48.47,1.15,1213.4,14076.9,-,13904,1906.8,2976.7,310.7,1.76,33.5,31.2,13904,-
Novo Nordisk A/S (CPSE:NOVO B),1925,91250,33.88,0.473,540.1,14648.8,17.9,13788.5,2041.6,149.8,1925.7,6.91,347.8,227.8,13788.5,8.33
Coal India Limited (BSE:533278),1973,35376.3,4.15,0.345,6316.4,13337.4,-,12358.5,-,258.3,-,0.463,-,-,12262.4,-
Starbucks Corporation (NasdaqGS:SBUX),1985,43890.2,75.69,0.807,749.3,15417.3,20.5,13663.2,1852.1,549.5,-,1.9,968.5,-239.7,13299.5,25
"Yum! Brands, Inc. (NYSE:YUM)",1997,30244.8,80.63,0.697,449.9,13829.4,10.6,13633,776,3317,-,3.46,2714,-28,13633,16.67
Thomson Reuters Corporation (TSX:TRI),1977,27153.5,89.63,0.593,827.4,12779.6,13.1,13278,1301,7621,-,2.5,477,-431,13278,15
"Viacom, Inc. (NasdaqGS:VIAB)",-,32774.1,84.91,1.25,495,13987,-,13249,671,7790,-,4.32,1039,305,13887,37.5
"Dominion Resources, Inc. (NYSE:D)",1909,34594.6,58.26,0.343,576.7,13879.1,-14,13093,248,21213,-,0.527,161,-90,13093,8.33
PPR SA. (ENXTPA:PP),1963,28235.4,24.66,0.965,126.2,13563.3,-4.08,12837.1,2743.8,6078.2,-,13.9,-,3033.7,12837.1,-
Texas Instruments Inc. (NasdaqGS:TXN),1930,39494.1,86.06,1.12,1106.6,12174.8,-,12825,1416,5592,1877,1.53,80,-440,12825,10
"Open Joint Stock Company ""Mining and Metallurgical Company Norilsk Nickel"" (MICEX:GMKN)",1997,26649.7,14.08,0.576,158.2,12191.4,-,12716,995,2369,-,20.2,79,-338,14122,-
Compagnie Financiere Richemont SA (SWX:CFR),1988,43622.7,30.16,1.07,549.9,13800.4,10.7,12533.2,3124.6,1343.4,-,4.5,327.9,922.1,11820.3,-
Rogers Communications Inc. (TSX:RCI.B),1920,26679.7,79.7,0.478,515.3,12616.2,18.5,12526.7,213.7,10457.4,-,3.29,73.2,41.1,12526.7,29.41
"Thermo Fisher Scientific, Inc. (NYSE:TMO)",1956,28681.9,93.33,1.08,358.9,12977.2,14.3,12509.9,851,7028,376.4,3.24,43,18.3,12509.9,11.11
S.A.C.I. Falabella (SNSE:FALABELLA),1889,28324.5,31.54,0.656,2418.9,14683.9,18.1,12326.6,411.1,4088.9,-,0.321,-,915,12326.6,-
Covidien plc (NYSE:COV),-,32358.5,92.56,0.918,472,12718.7,-,12010,1399,4435,628,3.98,74,267,11852,14.29
"Shin-Etsu Chemical Co., Ltd. (TSE:4063)",1926,27544.8,30.86,0.803,424.6,11054.6,4.19,12008.4,2466.1,188.2,132.9,2.95,-,-32.4,12713.6,-
Fast Retailing Co. Ltd. (TSE:9983),1949,35339.8,44.83,0.362,101.9,11182.7,13.1,11803.3,2070.7,286.3,-,9.4,891.5,63.9,11859.6,-
"EOG Resources, Inc. (NYSE:EOG)",1985,34874.4,87.96,1.41,271.9,13399,20.7,11096.2,876.4,5012.2,-,2.13,195.3,80.1,11096.2,25
Praxair Inc. (NYSE:PX),1907,33228,89.17,0.944,295.8,12013.5,15.3,11224,157,6562,98,5.67,62,127,11224,9.09
Pernod-Ricard SA (ENXTPA:RI),1805,33233.3,53.72,0.608,263.5,11859.8,-,11217.6,1157.6,13413.4,-,5.97,101.4,851.7,10413.9,-
Las Vegas Sands Corp. (NYSE:LVS),1988,45250.3,41.6,1.35,823.2,13167.8,-,11131.1,2512.8,10033,-,1.89,197.8,-11.8,11131.1,20
"Astellas Pharma, Inc. (TSE:4503)",1923,25569.9,39.2,0.265,457.1,10222.1,0.995,11107.1,2809,0,2194.8,1.61,176.9,438.3,11763,-
"Automatic Data Processing, Inc. (NasdaqGS:ADP)",1949,32064.5,78.55,0.93,485,11681.6,2.38,10507,1390.9,36,620.9,2.9,26.6,121.1,10171.9,16.67
Tata Consultancy Services Limited (BSE:532540),1968,55143.1,12.87,0.628,1957.2,12973.2,-,10900.9,1238,13.1,-,1.23,174.6,847.5,9605.9,-
Visa Inc. (NYSE:V),-,110823.7,69.08,0.984,661.2,11878.3,-,10720,1334,0,-,3.6,64,-2845,10421,9.09
Grupo México S.A.B. de C.V. (BMV:GMEXICO B),1942,32532.4,13.62,0.989,7785,11129,-,10182.9,299.5,3811.6,-,0.3,-,508.4,10182.9,38.46
The Mosaic Company (NYSE:MOS),2004,25805,77.3,1.49,425.8,10536.1,-,10102.4,3322.7,1093.3,-,4.49,13.9,348.5,11107.8,8.33
The Estée Lauder Companies Inc. (NYSE:EL),1946,26121.9,58.86,1.07,386.6,10611.5,16.1,9981.9,1323.6,1212.5,-,2.39,482.2,115.3,9713.6,37.5
"Kinder Morgan, Inc. (NYSE:KMI)",-,40153,60.27,0.533,1035.7,12324.9,-,9973,714,17278,-,0.347,119,549,9973,18.18
Canadian National Railway Company (TSX:CNR),1922,41656.9,58.86,0.672,426.4,10530.7,12.9,9952.3,155.5,6468.6,-,6.17,246.8,-79.3,9952.3,11.76
Gilead Sciences Inc. (NasdaqGS:GILD),1987,78714.1,98.84,0.801,1524,10645,43.1,9702.5,1803.7,7605.7,1752,1.71,40.3,-310.2,9702.5,6.25
Stryker Corporation (NYSE:SYK),1941,25210.8,69.4,0.995,377.1,8996.1,14.1,8657,1395,1768,471,3.41,37,37,8657,20
Swatch Group AG (SWX:UHR),-,29662.5,23.84,1.06,54,9583.4,12.5,8515.2,1660.2,93.1,-,32.4,315.7,1025.6,8515.2,-
Reynolds American Inc. (NYSE:RAI),1875,25308.4,48.61,0.286,552.9,8291.9,-,8304,2502,3663,-,2.25,-,69,8304,23.08
Precision Castparts Corp. (NYSE:PCP),1949,27559.5,96.36,0.861,146.5,10148.5,24.3,7898.1,483.3,208.4,-,9.27,54.6,1330.4,7214.6,11.11
"Williams Companies, Inc. (NYSE:WMB)",1908,25808,81.14,1.19,682.6,8042.9,-,7486,308,8722,-,1.39,138,409,7486,7.69
"Potash Corp. of Saskatchewan, Inc. (TSX:POT)",1953,34451,68.49,1.29,865.1,8217.8,44.2,7433,562,4537,-,2.42,135,79,7433,7.69
Mastercard Incorporated (NYSE:MA),1966,66448.4,90.06,0.998,122.8,8277,37.2,7391,2052,0,-,22.1,21,882,7391,8
Infosys Ltd. (BSE:500209),1981,30576,54.42,0.581,571.4,8121.6,25.2,7231,2740,0,-,3.05,15,120,6994,41.18
Tencent Holdings Ltd. (SEHK:700),1998,59174.5,24.99,0.671,1834.2,9315,56.9,7041.8,2147.1,1861.1,-,1.12,46.2,-1004.2,7041.8,-
OAO Novatek (MICEX:NVTK),1994,31018,12.32,0.582,3033.4,9061,59.7,6907.9,603.1,2974.6,-,0.75,-,481.7,6907.9,-
Southern Copper Corp. (NYSE:SCCO),1952,30304.5,12.56,1.54,845.6,6807.8,41.4,6669.3,2459.5,2745.7,-,2.28,-,114.6,6669.3,15.38
Sands China Ltd. (SEHK:1928),2009,41153.7,18.09,1.03,8056.1,8545.8,-,6511.4,1948.4,3409.2,-,0.153,-,-90.2,6511.4,-
Woodside Petroleum Ltd. (ASX:WPL),1954,30702.5,13.53,0.617,823.9,6483,-,6348,2422,5317,-,3.66,619,-254,6348,-
ASML Holding NV (ENXTAM:ASML),1984,27862.8,74.88,0.699,397.7,6486.9,-,6238.5,2330.5,956.6,768.6,3.56,11.1,397.1,6238.5,0
Allergan Inc. (NYSE:AGN),1948,34582.6,93.25,0.749,297.7,6161.3,30.8,5806.1,2701.8,1599.3,989.3,3.64,63,-141.2,5806.1,9.09
Biogen Idec Inc. (NasdaqGS:BIIB),1985,47323.8,91.45,0.923,236.3,6419.2,25,5516.5,570.7,1064.1,1334.9,5.8,398.2,-40.6,5516.5,8.33
Celgene Corporation (NasdaqGS:CELG),1980,51501.3,84.32,0.629,418.7,6118.6,-,5506.7,2090.4,1819.4,1601.6,3.38,68,-440.2,5506.7,11.11
Goldcorp Inc. (NYSE:GG),1954,25342.5,58.31,0.622,812,5846.3,38.3,5435,918,737,-,2.16,22,12,5435,9.09
priceline.com Incorporated (NasdaqGS:PCLN),1997,36604.8,98.7,1.16,49.9,6518.4,-,5261,1536.3,575,-,28.5,78.1,-243.2,5261,23.08
Industries Qatar Q.S.C. (DSM:IQCD),1969,26206.4,2.28,0.194,605,5396.4,-,5135.5,2493.9,2041.1,-,3.83,90.3,119.2,5135.5,-
Yahoo! Inc. (NasdaqGS:YHOO),1994,26965.2,69.23,0.692,1101.3,4580.6,57.2,4986.6,2667.8,41,885.8,3.31,38,-11.1,4986.6,9.09
CSL Ltd. (ASX:CSL),1916,31004.3,28.01,0.227,494.6,5466.2,26.3,4761.1,756.7,1245.4,391.4,2.25,165.3,-,4537.8,-
"VMware, Inc. (NYSE:VMW)",1998,33059.8,20.26,1.36,428.3,5218.2,-,4605,1609.3,450,999.2,1.75,547.2,-235.1,4605,33.33
"Discovery Communications, Inc. (NasdaqGS:DISC.A)",-,28819.2,61.07,0.997,365.9,5484.8,-,4487,1201,4245,-,2.51,96,-69,4487,27.27
"Kweichow Moutai Co., Ltd. (SHSE:600519)",-,28291.3,15.27,0.247,1038.2,5280.2,42.8,4244.2,3539.4,0,-,2.06,-,728.7,4244.2,-
Hermès International Société en commandite par actions (ENXTPA:RMS),-,36126.4,53.47,0.363,104.1,5032.7,11.9,3964.1,678.3,73,-,7.78,89.8,82.9,3691.1,-
Yahoo Japan Corporation (TSE:4689),1996,26971.7,8.32,0.77,57.3,3779.5,29.3,3850.9,2691.6,0,-,22.1,-,-,3665.7,-
The Hong Kong and China Gas Company Limited (SEHK:3),1862,25416.8,34.78,0.203,8690.6,3828.3,9.75,3215.5,1572.3,3379.4,-,0.115,-,-117.8,3215.5,-
Saudi Basic Industries Corporation (SASE:2010),1976,78593.6,0.033,0.394,3000,53178.6,24.2,50400.1,13677.4,27557.1,-,2.2,-,-331.3,50400.1,-
Ecopetrol SA (BVC:ECOPETROL),1948,102520.4,4.12,0.417,41116.7,38090.4,27.2,38954.5,4492.6,4540.4,-,0.203,-,-1908.9,38954.5,22.22
Carnival plc (LSE:CCL),1850,28186.8,10.89,0.664,807.5,16166.4,4.16,15393,476,9527,-,1.9,179,-422,15382,22.22
East Japan Railway Company (TSE:9020),1987,34530.8,27.39,0.195,391.2,27069.4,5.25,30643.2,1099.5,44001.5,-,5.48,-,661.4,30726.5,-
Fanuc Corporation (TSE:6954),1956,31053.2,50.36,0.986,195.7,4365.8,13.5,6016.8,7797.3,0,-,7.56,11.9,8.72,6534.3,-
Hyundai Motor Company (KOSE:A005380),1967,37217.3,32.36,0.722,209.3,77962,19.6,79420.5,6355.3,37372.8,645.6,29.6,-,-18695.1,79420.5,-
Mitsubishi Corporation (TSE:8058),1950,30525.8,24.06,0.851,1646.7,206126.8,16.8,67033.5,15127.7,63720.5,-,2.58,961.3,1848.8,67538.3,-
SOFTBANK CORP. (TSE:9984),1981,56611.5,29.49,0.723,1183.1,43590.7,-,38314.7,12275.9,25134.9,-,3.14,644.6,1800,38859.8,-
Telenor ASA (OB:TEL),1885,34481.5,32.81,0.584,1539.7,18130.5,-,18270.3,1581.5,5689.7,-,1.15,-,659.4,18270.3,-
Wal-Mart de Mexico SAB De CV (BMV:WALMEX V),1958,58069.1,11.6,0.394,17746.5,37748.4,16.3,32203.6,2169.5,795.3,-,0.101,-,171,32203.6,33.33
