Mature Market ERP +,0.0433,"Updated January 1, 2025"
Changing this number will update all your country equity risk premiums.,,
,,
Country,Moody's rating,Adj. Default Spread
Abu Dhabi,Aa2,0.0048889784279692525
Albania,Ba3,0.035619699975204554
Algeria,NR,0.029799487560955448
Andorra (Principality of),Baa1,0.015830977766757577
Angola,B3,0.06437154930159515
Anguilla,NR,0.06012263625836532
Antigua & Barbuda,NR,0.0601
Argentina,Ca,0.11884873749896685
Armenia,Ba3,0.035619699975204554
Aruba,Baa3,0.021767594429291676
Australia,Aaa,0
Austria,Aa1,0.003957744441689394
Azerbaijan,Ba1,0.024794104884701216
Bahamas,B1,0.04458282709314818
Bahrain,B2,0.05447718819737168
Bangladesh,B2,0.05447718819737168
Barbados,B3,0.06437154930159515
Belarus,C,0.175
Belgium,Aa3,0.005936616662534093
Belize,Caa1,0.07426591040581865
Benin,B1,0.04458282709314818
Bermuda,A2,0.00838110587651872
Bolivia,Caa3,0.09906001529051987
Bosnia and Herzegovina,B3,0.06437154930159515
Botswana,A3,0.011873233325068186
Brazil,Ba1,0.024794104884701216
British Virgin Islands,NR,0.06012263625836532
Brunei,NR,0.005936616662534092
Bulgaria,Baa1,0.015830977766757577
Burkina Faso,Caa1,0.07426591040581865
Cambodia,B2,0.05447718819737168
Cameroon,Caa1,0.07426591040581865
Canada,Aaa,0
Cape Verde,B2,0.05447718819737168
Cayman Islands,Aa3,0.005936616662534093
Channel Islands,NR,0.008274105096747005
Chile,A2,0.00838110587651872
China,A1,0.006984254897098934
Colombia,Baa2,0.01885748822216712
Congo (Democratic Republic of),B3,0.06437154930159515
Congo (Republic of),Caa2,0.08916565418629636
Cook Islands,B1,0.04458282709314818
Costa Rica,Ba3,0.035619699975204554
Croatia,A3,0.011873233325068186
Cuba,Ca,0.11884873749896685
Curaçao,Baa3,0.021767594429291676
Cyprus,A3,0.011873233325068186
Czech Republic,Aa3,0.005936616662534093
Denmark,Aaa,0
Dominican Republic,Ba3,0.035619699975204554
Ecuador,Caa3,0.09906001529051987
Egypt,Caa1,0.07426591040581865
El Salvador,B3,0.06437154930159515
Estonia,A1,0.006984254897098934
Ethiopia,Caa2,0.08916565418629636
Falkland Islands,NR,0.03576937686394985
Fiji,B1,0.04458282709314818
Finland,Aa1,0.003957744441689394
France,Aa3,0.005936616662534093
French Guiana,NR,0.03576937686394985
Gabon,Caa2,0.08916565418629636
Gambia,NR,0.04458282709314818
Georgia,Ba2,0.029799487560955448
Germany,Aaa,0
Ghana,Caa2,0.08916565418629636
Gibraltar,NR,0.008274105096747005
Greece,Ba1,0.024794104884701216
Greenland,NR,0.008274105096747005
Guatemala,Ba1,0.024794104884701216
Guernsey (States of),A1,0.006984254897098934
Guinea,NR,0.08916565418629635
Guinea-Bissau,NR,0.06437154930159514
Guyana,NR,0.015830977766757577
Haiti,NR,0.11884873749896685
Honduras,B1,0.04458282709314818
Hong Kong,Aa3,0.005936616662534093
Hungary,Baa2,0.01885748822216712
Iceland,A1,0.006984254897098934
India,Baa3,0.021767594429291676
Indonesia,Baa2,0.01885748822216712
Iran,NR,0.06437154930159514
Iraq,Caa1,0.07426591040581865
Ireland,Aa3,0.005936616662534093
Isle of Man,Aa3,0.005936616662534093
Israel,Baa1,0.015830977766757577
Italy,Baa3,0.021767594429291676
Ivory Coast,Ba2,0.029799487560955448
Jamaica,B1,0.04458282709314818
Japan,A1,0.006984254897098934
Jersey (States of),Aa2,0.0048889784279692525
Jordan,Ba3,0.035619699975204554
Kazakhstan,Baa1,0.015830977766757577
Kenya,Caa1,0.07426591040581865
"Korea, D.P.R.",NR,0.11884873749896685
Kuwait,A1,0.006984254897098934
Kyrgyzstan,B3,0.06437154930159515
Laos,Caa3,0.09906001529051987
Latvia,A3,0.011873233325068186
Lebanon,C,0.175
Liberia,NR,0.08916565418629635
Libya,NR,0.015830977766757577
Liechtenstein,Aaa,0
Lithuania,A2,0.00838110587651872
Luxembourg,Aaa,0
Macau,Aa3,0.005936616662534093
Macedonia,Ba3,0.035619699975204554
Madagascar,NR,0.054477188197371657
Malawi,NR,0.08916565418629635
Malaysia,A3,0.011873233325068186
Maldives,Caa2,0.08916565418629636
Mali,Caa2,0.08916565418629636
Malta,A2,0.00838110587651872
Martinique,NR,0.06012263625836532
Mauritius,Baa3,0.021767594429291676
Mexico,Baa2,0.01885748822216712
Moldova,B3,0.06437154930159515
Monaco,Aaa,0
Mongolia,B2,0.05447718819737168
Montenegro,B1,0.04458282709314818
Montserrat,Baa3,0.021767594429291676
Morocco,Ba1,0.024794104884701216
Mozambique,Caa2,0.08916565418629636
Myanmar,NR,0.09906001529051986
Namibia,B1,0.04458282709314818
Nepal,Ba3,0.035619699975204554
Netherlands,Aaa,0
Netherlands Antilles,NR,0.06012263625836532
New Zealand,Aaa,0
Nicaragua,B2,0.05447718819737168
Niger,Caa3,0.09906001529051987
Nigeria,Caa1,0.07426591040581865
Norway,Aaa,0
Oman,Ba1,0.024794104884701216
Pakistan,Caa2,0.08916565418629636
Palestinian Authority,NR,0.175
Panama,Baa3,0.021767594429291676
Papua New Guinea,B2,0.05447718819737168
Paraguay,Baa3,0.021767594429291676
Peru,Baa1,0.015830977766757577
Philippines,Baa2,0.01885748822216712
Poland,A2,0.00838110587651872
Portugal,A3,0.011873233325068186
Qatar,Aa2,0.0048889784279692525
Ras Al Khaimah (Emirate of),A3,0.011873233325068186
Reunion,NR,0.010708616059682126
Romania,Baa3,0.021767594429291676
Russia,NR,0.029799487560955448
Rwanda,B2,0.05447718819737168
Saint Lucia,NR,0.06012263625836532
Saudi Arabia,Aa3,0.005936616662534093
Senegal,B1,0.04458282709314818
Serbia,Ba2,0.029799487560955448
Sharjah,Ba1,0.024794104884701216
Sierra Leone,NR,0.08916565418629635
Singapore,Aaa,0
Slovakia,A3,0.011873233325068186
Slovenia,A3,0.011873233325068186
Solomon Islands,Caa1,0.07426591040581865
Somalia,NR,0.09906001529051986
South Africa,Ba2,0.029799487560955448
South Korea,Aa2,0.0048889784279692525
Spain,Baa1,0.015830977766757577
Sri Lanka,Ca,0.11884873749896685
St. Maarten,Ba2,0.029799487560955448
St. Vincent & the Grenadines,B3,0.06437154930159515
Sudan,NR,0.175
Suriname,Caa1,0.07426591040581865
Swaziland,B2,0.05447718819737168
Sweden,Aaa,0
Switzerland,Aaa,0
Syria,NR,0.175
Taiwan,Aa3,0.005936616662534093
Tajikistan,B3,0.06437154930159515
Tanzania,B1,0.04458282709314818
Thailand,Baa1,0.015830977766757577
Togo,B3,0.06437154930159515
Trinidad &' Tobago,Ba2,0.029799487560955448
Tunisia,Caa2,0.08916565418629636
Turkey,B1,0.04458282709314818
Turks & Caicos Islands,Baa1,0.015830977766757577
Uganda,B3,0.06437154930159515
Ukraine,Ca,0.11884873749896685
United Arab Emirates,Aa2,0.0048889784279692525
United Kingdom,Aa3,0.005936616662534093
United States,Aaa,0
Uruguay,Baa1,0.015830977766757577
Uzbekistan,Ba3,0.035619699975204554
Venezuela,C,0.175
Vietnam,Ba2,0.029799487560955448
Yemen,NR,0.11884873749896685
Zambia,Caa2,0.08916565418629636
Zimbabwe,NR,0.08916565418629635
,,
,,
,,
Region,ERP,Default Spread
Africa,0.12636516288511693,0.06163973704915901
Asia,0.0587,0.010708616059682126
Australia & New Zealand,0.04334293324209606,3.185924955241504e-05
Caribbean,0.12432073131656701,0.06012263625836532
Central and South America,0.09150249497712071,0.03576937686394985
Eastern Europe,0.07727703456653685,0.02521316281878702
Middle East,0.0642857466003489,0.015572784754721281
North America,0.0433,0
Western Europe,0.054450110634666364,0.008274105096747005
Global,0.0576,0.010377275529176463
