Company Name,Exchange:Ticker,Industry Classifications,"Market Capitalization [My Setting] [Latest] ($USDmm, Historical rate)",Price to Book,Return on Equity,Tier 1 Capital/ Risk Adjusted Assets,Tier 1 Capital / Total Assets,Change in Market Cap (from start of 2008),Change in Market Cap (from start of 2009),Change in Common Equity (from start of 2009),Change in Tier 1 Capital (from start of 2009),Dividends Paid (since 2009),Buybacks since 2009,Net Income (since 2009),Cash Return/ Net Income
JPMorgan Chase & Co. (NYSE:JPM),NYSE:JPM,Diversified Banks (Primary),240201.5,1.08,0.1082,0.135,0.9051,93579.2,122520.3,86560,64378,34916,28680,133431,0.4766
Industrial and Commercial Bank of China Limited (SEHK:1398),SEHK:1398,Diversified Banks (Primary),234037.8,0.89,0.159,0.1348,1.0415,-104907.3,60124.9,175079,199509,81257.1,0,245734.2,0.3307
Wells Fargo & Company (NYSE:WFC),NYSE:WFC,Diversified Banks (Primary),221146.3,1.28,0.1301,0.1303,0.9562,119877.7,111223.7,103839, NA ,38862,30112,127232,0.5421
China Construction Bank Corporation (SEHK:939),SEHK:939,Diversified Banks (Primary),187851.4,0.86,0.1586,0.1332,1.0095,-2604,59586.6,149562,156711,62709.3,0,201258.8,0.3116
Bank of America Corporation (NYSE:BAC),NYSE:BAC,Diversified Banks (Primary),159501,0.68,0.0623,0.1128,0.7728,-23624,88853.5,94581,59964,17829,7269,41824,0.6001
Agricultural Bank of China Limited (SEHK:1288),SEHK:1288,Diversified Banks (Primary),151326.2,0.87,0.1568,0.1096,1.0658, NA , NA ,131514,145476,39775.3,0,150747.7,0.2639
HSBC Holdings plc (LSE:HSBA),LSE:HSBA,Diversified Banks (Primary),149772.6,0.86,0.0624,0.139,0.8844,-45011.8,34841.5,81890,57967,42141,741,93231,0.46
Bank of China Limited (SEHK:3988),SEHK:3988,Diversified Banks (Primary),144771.5,0.78,0.1403,0.1207,1.0666,-52968.4,46585.9,117601,135162,49914.1,0,149369.7,0.3342
Citigroup Inc. (NYSE:C),NYSE:C,Diversified Banks (Primary),136639.6,0.67,0.0737,0.1481,0.86,-10005,100794.8,134173,57662,5696,10274,65815,0.2426
Commonwealth Bank of Australia (ASX:CBA),ASX:CBA,Diversified Banks (Primary),96540.9,2.15,0.1533,0.123,0.8064,29469.3,67059.4,19486,17364,27773.8,2034.7,46316.2,0.6436
The Toronto-Dominion Bank (TSX:TD),TSX:TD,Diversified Banks (Primary),82331.1,1.72,0.1338,0.1135,0.6922,31722.6,52370.2,23331,16107,14883.4,22139.3,38889.3,0.952
Westpac Banking Corporation (ASX:WBC),ASX:WBC,Diversified Banks (Primary),76699.5,2.05,0.1669,0.1138,0.7684,31151.6,42620.2,23474, NA ,25344,630.2,41720.7,0.6226
U.S. Bancorp (NYSE:USB),NYSE:USB,Diversified Banks (Primary),73014,1.8,0.1445,0.1469,0.9459,18209.7,29132,22261,14005,10076,9046,33607,0.569
"Mitsubishi UFJ Financial Group, Inc. (TSE:8306)",TSE:8306,Diversified Banks (Primary),69062.9,0.54,0.0547,0.1324,1.0398,-28990.3,4677.1,68462,55509,3952,3191.1,47679.4,0.1498
Itaú Unibanco Holding S.A. (BOVESPA:ITUB4),BOVESPA:ITUB4,Diversified Banks (Primary),68922,2.43,0.2858,0.1398,0.8998,9325.6,32092.2,9480,5613,16191.9,1895.2,49372,0.3663
"China Merchants Bank Co., Ltd. (SHSE:600036)",SHSE:600036,Diversified Banks (Primary),67243.2,1.21,0.1623,0.1083,0.963,-8938,40847,43920, NA ,10716.7,0,46020.8,0.2329
The Bank of Nova Scotia (TSX:BNS),TSX:BNS,Diversified Banks (Primary),63716.9,1.7,0.1424,0.1228,0.9129,13613.3,36401.1,22006,15040,17449.3,1011.2,36113.3,0.5112
BNP Paribas SA (ENXTPA:BNP),ENXTPA:BNP,Diversified Banks (Primary),63706.6,0.61,0.0729,0.1221,0.7983,-34357.2,25550.1,30178,25062,15890.2,4128.4,49484.6,0.4045
"Banco Santander, S.A. (BME:SAN)",BME:SAN,Diversified Banks (Primary),63671.2,0.67,0.0536,0.1255,0.8346,-66773.9,-9371.1,15150, NA ,21877.8,56715.4,52989,1.4832
Australia & New Zealand Banking Group Limited (ASX:ANZ),ASX:ANZ,Diversified Banks (Primary),62528.9,1.55,0.1284,0.1132,0.7945,17617.1,39570.4,20017,15214,15682.9,1052.4,36384.8,0.46
"Bank of Communications Co., Ltd. (SEHK:3328)",SEHK:3328,Diversified Banks (Primary),59495.7,0.74,0.1256,0.1146,1.0259,-28128,24848.8,58813,62795,16606.3,0,58892.5,0.282
"Shanghai Pudong Development Bank Co., Ltd. (SHSE:600000)",SHSE:600000,Diversified Banks (Primary),53451.8,1.22,0.1831,0.0945,1.1156,21975.4,42459.3,37828,43467,7926,0,36793,0.2154
Sberbank of Russia OJSC (MISX:SBER),MISX:SBER,Diversified Banks (Primary),51432.1,1.56,0.1904,0.0891,0.9392, NA , NA ,7724,6855,5728.2,2169.5,46986.3,0.1681
"Postal Savings Bank of China Co., Ltd. (SEHK:1658)",SEHK:1658,Diversified Banks (Primary),50052.2,1.2,0.1341,0.0853,0.9947, NA , NA , NA , NA ,544.1,0,25467.8,0.0214
Lloyds Banking Group plc (LSE:LLOY),LSE:LLOY,Diversified Banks (Primary),49956.1,0.73,0.0344,0.164,0.7844,-2772.9,39024,55020,33930,2606.3,0,-866.7,-3.0072
Banco Bradesco S.A. (BOVESPA:BBDC4),BOVESPA:BBDC4,Diversified Banks (Primary),49851,2.18,0.2408,0.1266,0.8537,-11766,21846.5,8125,3146,11755.8,289.14,37717.1,0.3193
HDFC Bank Limited (NSEI:HDFCBANK),NSEI:HDFCBANK,Diversified Banks (Primary),49236.3,4.39,0.1723,0.1322,0.9425,35387,40490,8234,7850,1383.4,0,8307.5,0.1665
China Minsheng Banking Corp. Ltd. (SHSE:600016),SHSE:600016,Diversified Banks (Primary),49024,1.06,0.151,0.0919,1.0204,19656.8,37797.5,38499,39913,8273.2,0,36162.5,0.2288
ING Groep N.V. (ENXTAM:INGA),ENXTAM:INGA,Diversified Banks (Primary),47256.3,0.91,0.0948,0.1445,0.9703, NA , NA ,16904,5666,2493.2,17681.7,26338.9,0.766
"Sumitomo Mitsui Financial Group, Inc. (TSE:8316)",TSE:8316,Diversified Banks (Primary),46191.1,0.58,0.0691,0.1368,1.0129,-10364.3, NA ,54396,36569,2425.1,5.36,38357.7,0.0634
"Industrial Bank Co., Ltd. (SHSE:601166)",SHSE:601166,Diversified Banks (Primary),45621.9,1.03,0.1762,0.0919,1.0945,10134.4,34924.3,37136,41736,9079.7,0,36510.7,0.2487
"Japan Post Bank Co., Ltd. (TSE:7182)",TSE:7182,Diversified Banks (Primary),44398.6,0.43,0.0298,0.2638,0.7385, NA , NA ,19754,-6747,0,0,24599,0
"The PNC Financial Services Group, Inc. (NYSE:PNC)",NYSE:PNC,Regional Banks (Primary),43932,1.06,0.0958,0.12,0.861,21577.1,26882,23754,11235,6462,4033,24407,0.43
"Mizuho Financial Group, Inc. (TSE:8411)",TSE:8411,Diversified Banks (Primary),42883.3,0.59,0.0864,0.1264,0.9675,-11458.4, NA , NA , NA ,3049.7,0.09,30009,0.1016
Bank of Montreal (TSX:BMO),TSX:BMO,Diversified Banks (Primary),42139.2,1.52,0.1244,0.123,0.813,13666.8,28379.9,14311,7017,10331.7,1063.9,22605.3,0.5041
Nordea Bank AB (publ) (OM:NDA SEK),OM:NDA SEK,Diversified Banks (Primary),40802,1.21,0.1122,0.1195,0.8545,-2454.1,22679.5,8934,6776,11693.9,203.4,26705.9,0.4455
China CITIC Bank Corporation Ltd. (SEHK:998),SEHK:998,Diversified Banks (Primary),40473.4,0.83,0.1296,0.0917,1.0008,-4462.4,21168.7,31447,35497,5565.3,0,34597.9,0.1609
"Banco Bilbao Vizcaya Argentaria, S.A. (BME:BBVA)",BME:BBVA,Diversified Banks (Primary),38255.5,0.74,0.0371,0.1209,1.0264,-54100.5,-7069.1,15512, NA ,10601.9,45446.4,27230.6,2.0583
Barclays PLC (LSE:BARC),LSE:BARC,Diversified Banks (Primary),36564.2,0.41,-0.0076,0.1469,0.88,-28996.4,17853.1,34851,23347,11903.7,7683.1,25139.1,0.7791
Intesa Sanpaolo S.p.A. (BIT:ISP),BIT:ISP,Diversified Banks (Primary),36154.1,0.7,0.0523,0.1379,0.8207,-61775.7,-8656.9,-16517, NA ,5231.7,152.58,-2653.2,-2.0294
BOC Hong Kong (Holdings) Limited (SEHK:2388),SEHK:2388,Diversified Banks (Primary),35782.1,1.44,0.2912,0.1289,0.6317,6157.6,23804.5,14175,7486,9442.1,0,18707.7,0.5047
Qatar National Bank S.A.Q. (DSM:QNBK),DSM:QNBK,Diversified Banks (Primary),35530.2,2.12,0.1952,0.163,0.8495,24643.8,24207.9,12209,10636,5998,0,15639.3,0.3835
Hang Seng Bank Limited (SEHK:11),SEHK:11,Diversified Banks (Primary),34385.4,1.88,0.1087,0.1909,0.685,-5062,9297.7,11659,9180,9479.4,0,17220.5,0.5505
BB&T Corporation (NYSE:BBT),NYSE:BBT,Regional Banks (Primary),30633.4,1.24,0.0897,0.1181,0.7967,13781.6,15462.1,11748,6236,4901.1,0,10832,0.4525
Canadian Imperial Bank of Commerce (TSX:CM),TSX:CM,Diversified Banks (Primary),30382.4,1.95,0.2034,0.1261,1.0153,6452.5,14532.1,6313,5588,10148.6,2653.19,18618.4,0.6876
PT Bank Central Asia Tbk (JKSE:BBCA),JKSE:BBCA,Diversified Banks (Primary),30327.5,4.68,0.2227,0.1814,0.9804,20823.7,23197,4370,4519,2016,0,7881.9,0.2558
State Bank of India (NSEI:SBIN),NSEI:SBIN,Diversified Banks (Primary),29779.1,1.09,0.0465,0.0987,0.9689,-1937.1,12946.4,12968, NA ,0,0,18254.9,0
DBS Group Holdings Ltd (SGX:D05),SGX:D05,Diversified Banks (Primary),28506.8,1,0.1126,0.1353,0.9181,6698.1,19612.8,14771,13396,6682.6,367.6,17292.6,0.4077
Danske Bank A/S (CPSE:DANSKE),CPSE:DANSKE,Diversified Banks (Primary),27700.1,1.18,0.0833,0.1854,0.9608,783.7,20928.9,4976,5912,1231.3,10474.7,7166.7,1.6334
Credit Agricole S.A. (ENXTPA:ACA),ENXTPA:ACA,Diversified Banks (Primary),27592.8,0.47,0.0607,0.137,0.7783,-27474.2,2830.6,133,2592,0,0,3084.9,0
Svenska Handelsbanken AB (publ) (OM:SHB A),OM:SHB A,Diversified Banks (Primary),27320,1.8,0.1281,0.2377,0.8768,6907.3,17203.6,5639,3654,6044.9,0,13123.9,0.4606
Societe Generale Group (ENXTPA:GLE),ENXTPA:GLE,Diversified Banks (Primary),27284.4,0.43,0.0722,0.14,0.8457,-34763,-419.3,13696,11852,10016.9,466,20767.1,0.5048
The Royal Bank of Scotland Group plc (LSE:RBS),LSE:RBS,Diversified Banks (Primary),26789.2,0.34,-0.0377,0.191,0.8707,-56654.3,-1601.5,-7290,-33419,10936.4,2071.1,-39490.7,-0.3294
Standard Chartered PLC (LSE:STAN),LSE:STAN,Diversified Banks (Primary),26675.9,0.55,-0.0663,0.1412,0.8876,-24686.4,8575.5,26051,24041,8281,1188,21957,0.4313
Oversea-Chinese Banking Corporation Limited (SGX:O39),SGX:O39,Diversified Banks (Primary),26481.3,1.12,0.113,0.1483,0.8535,8722.8,15735.3,13968,10304,3015.7,560.8,16054.5,0.2228
Swedbank AB (publ) (OM:SWED A),OM:SWED A,Diversified Banks (Primary),26255.1,1.8,0.1482,0.2687,0.8489,11676.1,22234.7,3598,2933,5932.2,900.8,9516.7,0.718
"China Everbright Bank Co., Ltd. (SHSE:601818)",SHSE:601818,Diversified Banks (Primary),25820.6,0.82,0.1427,0.1015,1.0899, NA , NA ,26478,29960,4981.3,0,23327.9,0.2135
KBC Group NV (ENXTBR:KBC),ENXTBR:KBC,Diversified Banks (Primary),24170.6,1.41,0.1666,0.1682,0.9292,-23917.8,14071.6,-2684,-3342,4415.1,11569.2,6181.6,2.5858
"Ping An Bank Co., Ltd. (SZSE:000001)",SZSE:000001,Diversified Banks (Primary),23351.2,0.94,0.1365,0.0903,0.9292,12324.8,19046.2,22472,20959,778.15,0,14541.3,0.0535
PT Bank Rakyat Indonesia (Persero) Tbk (JKSE:BBRI),JKSE:BBRI,Diversified Banks (Primary),23107.1,2.83,0.2372,0.1676,0.7976,13451.5,18033.2,6153,4911,2724.8,165.7,11201.6,0.258
United Overseas Bank Limited (SGX:U11),SGX:U11,Diversified Banks (Primary),22500.9,1.12,0.1182,0.1297,0.91,1563.8,8991.3,10852,9708,4829.6,41.72,14647.7,0.3326
Skandinaviska Enskilda Banken AB (publ) (OM:SEB A),OM:SEB A,Diversified Banks (Primary),22259.9,1.32,0.0713,0.2127,0.8501,4842.8,16928.5,6268,3869,4662.6,0,11239.9,0.4148
"SunTrust Banks, Inc. (NYSE:STI)",NYSE:STI,Regional Banks (Primary),21698.5,0.98,0.0887,0.108,0.8055,-52.6,11238.1,4938,190,2011,1287,6281,0.5251
Al Rajhi Banking and Investment Corporation (SASE:1120),SASE:1120,Diversified Banks (Primary),21650.5,1.74,0.1662,0.1974,1,-25235.2,-730.4,5224,6972,7573.1,0,13384,0.5658
DNB ASA (OB:DNB),OB:DNB,Diversified Banks (Primary),21506,1,0.1276,0.1533,0.9111,1166.9,16338.3,10406,8073,4026.4,0,17117.5,0.2352
"Bank of Beijing Co., Ltd. (SHSE:601169)",SHSE:601169,Regional Banks (Primary),20748.9,1.21,0.1524,0.0914,1.0449,3392.1,12617.6,12249, NA ,2065.2,0,12484,0.1654
PT Bank Mandiri (Persero) Tbk (JKSE:BMRI),JKSE:BMRI,Diversified Banks (Primary),20257.4,2.39,0.156,0.1615,0.7966,12559.3,16447.4,5722,4750,2266.9,0,9316.8,0.2433
Banco do Brasil S.A. (BOVESPA:BBAS3),BOVESPA:BBAS3,Diversified Banks (Primary),20128.8,1.02,0.164,0.1139,1.2207,-22145.2,3865.4,6864,10688,7649.2,721.7,39871.5,0.2099
AXIS Bank Limited (BSE:532215),BSE:532215,Diversified Banks (Primary),19782.6,2.45,0.1559,0.1251,0.9432,10998.9,16055.8,6070,5618,0,0,0,7
ABN AMRO Group N.V. (ENXTAM:ABN),ENXTAM:ABN,Diversified Banks (Primary),19288,1.01,0.0956,0.1688,1.0375, NA , NA , NA , NA ,2015,5.22,7271.7,0.2778
Public Bank Berhad (KLSE:PBBANK),KLSE:PBBANK,Diversified Banks (Primary),18511.2,2.55,0.177,0.1256,0.9644,7391.6,9915.7,4509,4232,3502.7,0.2,7846.8,0.4464
Malayan Banking Berhad (KLSE:MAYBANK),KLSE:MAYBANK,Diversified Banks (Primary),18156,1.26,0.1062,0.1447,0.8757,4601.9,10950.8,7281,5501,6715.3,0,10626.6,0.6319
"Allied Irish Banks, p.l.c. (ISE:AIB1)",ISE:AIB1,Diversified Banks (Primary),18109.2,1.37,0.1147,0.167,0.805,-1919.2,15974,661,-3265,547.5,0,-24498.8,-0.0223
"Bank of Jiangsu Co., Ltd. (SHSE:600919)",SHSE:600919,Regional Banks (Primary),17309.9,1.72,0.1527,0.086,1.0033, NA , NA ,8390, NA ,1112.8,0,7288,0.1527
Shinhan Financial Group Company Limited (KOSE:A055550),KOSE:A055550,Diversified Banks (Primary),17306.6,0.67,0.0847,0.1141,0.7588,-5352.6,7987,12419, NA ,2939.9,0,14085.2,0.2087
The National Commercial Bank (SASE:1180),SASE:1180,Diversified Banks (Primary),17306,1.2,0.1699,0.1509,1.0173, NA , NA ,7473,8006,4705.8,0,12482.1,0.377
Standard Bank Group Limited (JSE:SBK),JSE:SBK,Diversified Banks (Primary),16659.6,1.71,0.151,0.1231,0.7694,-1223.8,4055.2,1039,302,4878,126.1,11597.3,0.4315
"Hua Xia Bank Co., Limited (SHSE:600015)",SHSE:600015,Diversified Banks (Primary),16102.2,0.89,0.1614,0.0889,1.0052,5086.3,10785.5,14107,14348,2809.8,0,13343.8,0.2106
Fifth Third Bancorp (NasdaqGS:FITB),NasdaqGS:FITB,Regional Banks (Primary),15595.6,1.07,0.1169,0.1093,0.914,2210.1,10826,6672,1336,2487,3474,9392,0.6347
"Grupo Financiero Banorte, S.A.B. de C.V. (BMV:GFNORTE O)",BMV:GFNORTE O,Diversified Banks (Primary),15053,1.91,0.1264,0.1355,0.5376,6722.3,11450.8,5145, NA ,756.5,161.7,5497.6,0.167
The Siam Commercial Bank Public Company Limited (SET:SCB),SET:SCB,Diversified Banks (Primary),14661.2,1.72,0.1472,0.1412,0.8635,9805.2,11216.3,5243,4445,2939.3,0,8277.2,0.3551
BNP Paribas Fortis SA/NV (ENXTBR:017250539),ENXTBR:017250539,Diversified Banks (Primary),14503.5,0.71,0.0972,0.1443,0.9812, NA , NA ,3093,-10287,3584,0,6247.9,0.5736
JSC VTB Bank (LSE:VTBR),LSE:VTBR,Diversified Banks (Primary),14482.5,1.12,0.0485,0.1238,1.4106,-12094.2,7190.7,-211,5843,1778.1,3031.3,8701.1,0.5527
Natixis (ENXTPA:KN),ENXTPA:KN,Diversified Banks (Primary),14458.9,0.69,0.0634,0.1212,0.7168,-8871.5,9394.2,-922,-3809,2578.1,7.79,7163.7,0.361
First Gulf Bank PJSC (ADX:FGB),ADX:FGB,Diversified Banks (Primary),14090.4,1.44,0.1608,0.1627,0.8611,6534.9,10665.3,5353, NA ,3615.5,275.3,8447.7,0.4606
UniCredit S.p.A. (BIT:UCG),BIT:UCG,Diversified Banks (Primary),13870.1,0.25,0.0404,0.115,0.8968,-59303.3,-13808.4,-22454,99,4980.37,4.81,-21567.1,-0.2311
"CaixaBank, S.A. (BME:CABK)",BME:CABK,Diversified Banks (Primary),13340.5,0.49,0.0302,0.129,0.7345,-6504,276.6,10212, NA ,4172.9,1056,7253.9,0.7208
KeyCorp. (NYSE:KEY),NYSE:KEY,Regional Banks (Primary),13148.5,1.26,0.0799,0.1135,0.9767,4031.9,8931,3048,-1433,1476,1657,3723,0.8415
Kasikornbank Public Company Limited (SET:KBANK),SET:KBANK,Diversified Banks (Primary),12979.7,1.64,0.1243,0.1453,0.8806,6833.5,9882.8,4665,4295,1467.4,0,6789.5,0.2161
National Bank of Abu Dhabi PJSC (ADX:NBAD),ADX:NBAD,Diversified Banks (Primary),12809.7,1.09,0.1159,0.1566,0.9972,2974.5,8042,7859,7654,2107.2,0,8248.6,0.2555
"Citizens Financial Group, Inc. (NYSE:CFG)",NYSE:CFG,Regional Banks (Primary),12779,0.66,0.0468,0.1195,0.7029, NA , NA ,1032, NA ,696,834,-1301,-1.176
"Sumitomo Mitsui Trust Holdings, Inc. (TSE:8309)",TSE:8309,Diversified Banks (Primary),12476.2,0.59,0.0722,0.1337,1.0159,4917.9,6987.6, NA , NA ,328.6,1.01,7307.5,0.0451
"KB Financial Group, Inc. (KOSE:A105560)",KOSE:A105560,Diversified Banks (Primary),12432,0.51,0.0672,0.1359,0.8921, NA , NA ,11841, NA ,1020.1,0,8196.8,0.1245
Emirates NBD Bank PJSC (DFM:EMIRATESNBD),DFM:EMIRATESNBD,Diversified Banks (Primary),12333.1,0.89,0.1483,0.1802,0.8719,-4806.3,8137.8,6829,6498,2871.1,0,7157.3,0.4011
"Grupo Financiero Santander Mexico, S.A.B. de C.V. (BMV:SANMEX B)",BMV:SANMEX B,Diversified Banks (Primary),12063.4,1.9,0.1262,0.121,0.7326, NA , NA ,1251, NA ,3288.4,50.69,7347.2,0.4545
Erste Group Bank AG (WBAG:EBS),WBAG:EBS,Diversified Banks (Primary),12053.1,1.01,0.1229,0.1235,1.1027,-9055,5314.2,664,2773,2138,2429.3,1637.4,2.7894
National Bank of Canada (TSX:NA),TSX:NA,Diversified Banks (Primary),11948,1.64,0.1285,0.1253,0.905,3591,7874.3,3375,2068,3065.7,559.7,8374.4,0.4329
First Republic Bank (NYSE:FRC),NYSE:FRC,Regional Banks (Primary),11438.9,2.43,0.1267,0.1313,1.1644, NA , NA ,2030,4219,420.1,309.6,2844.6,0.2565
"The Bank of East Asia, Limited (SEHK:23)",SEHK:23,Diversified Banks (Primary),11342.3,1.07,0.0517,0.1366,0.8344,571.7,7844.4,6488,5930,813.5,0,4646,0.1751
Turkiye Garanti Bankasi A.S. (IBSE:GARAN),IBSE:GARAN,Diversified Banks (Primary),11209.5,1.06,0.136,0.1282,0.9997,-7600.5,7672.1,4229,4461,1702.4,0,12253.7,0.1389
Banco de Chile (SNSE:CHILE),SNSE:CHILE,Diversified Banks (Primary),11042.3,2.86,0.2184,0.0997,1,5216.4,6818.6,1798,1835,3985.5,0,5857.3,0.6804
Akbank T.A.S. (IBSE:AKBNK),IBSE:AKBNK,Diversified Banks (Primary),10821.2,1.13,0.1518,0.1333,1.0009,-11443.7,1530.6,2266,2121,1788.6,0,10786.7,0.1658
Huntington Bancshares Incorporated (NasdaqGS:HBAN),NasdaqGS:HBAN,Regional Banks (Primary),10632.6,1.71,0.109,0.1053,0.9913,5231.9,7828.7,857,1118,1166.2,860.1,358.7,5.649
National Bank of Kuwait K.S.C.P. (KWSE:NBK),KWSE:NBK,Diversified Banks (Primary),10622.9,1.09,0.0913,0.1473,0.7372,-4663.4,-516.4,4136,2903,3298.4,432.7,6831.5,0.5462
CIMB Group Holdings Berhad (KLSE:CIMB),KLSE:CIMB,Diversified Banks (Primary),9943.9,1.04,0.0862,0.1183,0.6137,-802.9,4022.5,4605, NA ,1627.4,0.07,7583.1,0.2146
Banco de Credito del Peru (BVL:CREDITC1),BVL:CREDITC1,Diversified Banks (Primary),9814.4,2.8,0.2414,0.0961,0.8143,5334, NA ,2199, NA ,1294,0,3921.7,0.33
Banco Santander-Chile (SNSE:BSANTANDER),SNSE:BSANTANDER,Diversified Banks (Primary),9758.3,2.53,0.1786,0.1034,1,478.3,3712.2,1527,1527,3414.2,0,5829.1,0.5857
Abu Dhabi Commercial Bank P.J.S.C. (ADX:ADCB),ADX:ADCB,Diversified Banks (Primary),9539.2,1.22,0.158,0.1629,0.9961,2547.3,7208.3,3519,3930,1958.4,570.5,4879.5,0.5183
Barclays Africa Group Limited (JSE:BGA),JSE:BGA,Diversified Banks (Primary),9367.9,1.62,0.1715,0.1257,0.9892,-1499.3,1576,703,1009,3836.6,311.38,7748.9,0.5353
"Bank of Nanjing Co., Ltd. (SHSE:601009)",SHSE:601009,Regional Banks (Primary),9320.7,1.28,0.1615,0.1035,1.1057,4518.3,7062.4,5607, NA ,1393,0,4455.1,0.3127
"Bankia, S.A. (BME:BKIA)",BME:BKIA,Diversified Banks (Primary),9307.2,0.68,0.0782,0.1389,0.8939, NA , NA , NA , NA ,218.9,707.5,-25810.1,-0.0359
Grupo Aval Acciones Y Valores S.A. (BVC:GRUPOAVAL),BVC:GRUPOAVAL,Diversified Banks (Primary),9292,2.02,0.1649,0.0764,0.9378,4848,6278.5,2991, NA ,2635.9,0,4784.2,0.551
"China Zheshang Bank Co., Ltd (SEHK:2016)",SEHK:2016,Diversified Banks (Primary),9192.6,1.2,0.1664,0.0935,1.0119, NA , NA ,7018, NA ,1020.73,0,4191.3,0.2435
"Bank of Ningbo Co., Ltd. (SZSE:002142)",SZSE:002142,Regional Banks (Primary),9151.2,1.48,0.1734,0.1012,1.1149,1646.2,6660,4898,5668,1795,0,4450.4,0.4033
Samba Financial Group (SASE:1090),SASE:1090,Diversified Banks (Primary),8876.9,0.83,0.1287,0.1947,0.9997,-19920.4,-3412.6,5436,5383,3364.2,195.2,8625.4,0.4127
Bank of the Philippine Islands (PSE:BPI),PSE:BPI,Diversified Banks (Primary),8562.1,2.67,0.143,0.1489,0.9727,4556.8, NA ,1878,1983,1013.6,0,2350.6,0.4312
"BDO Unibank, Inc. (PSE:BDO)",PSE:BDO,Diversified Banks (Primary),8328.8,2.02,0.1364,0.1308,1.0144,4974.8, NA ,3032,3136,528.04,0,2482.9,0.2127
Comerica Incorporated (NYSE:CMA),NYSE:CMA,Diversified Banks (Primary),8237.8,1.09,0.055,0.1054,0.9722,1664,5250.7,2537,-455,834,1220,2863,0.7174
Commerzbank AG (DB:CBK),DB:CBK,Diversified Banks (Primary),8139.3,0.25,0.0274,0.1377,0.9286,-17234.2,1278.2,5126,-1700,0,0,-2231.1,0
Yes Bank Limited (BSE:532648),BSE:532648,Diversified Banks (Primary),8047.5,3.88,0.1838,0.1073,1.0368,6275.2,7588.4, NA , NA ,0,0,630.6,0
Kuwait Finance House (K.S.C.P.) (KWSE:KFIN),KWSE:KFIN,Diversified Banks (Primary),7970.7,1.36,0.0873,0.1538,1.0171,-6753.6,-2161.1,1372, NA ,1284.2,300.8,2712.7,0.5843
Riyad Bank (SASE:1010),SASE:1010,Diversified Banks (Primary),7773.3,0.8,0.1115,0.1617,1,-8058.6,-699.5,2892,3595,3934.1,0,6616.3,0.5946
Nedbank Group Limited (JSE:NED),JSE:NED,Diversified Banks (Primary),7746.9,1.6,0.1522,0.1199,0.8038,-181.8,3578.6,1115, NA ,2475.4,265.74,5393.7,0.5082
Bank of Ayudhya Public Company Limited (SET:BAY),SET:BAY,Diversified Banks (Primary),7692.2,1.46,0.1097,0.1233,0.8597,2689.7,6070.1,2805,2338,878.5,0,2574.1,0.3413
Bank Hapoalim B.M. (TASE:POLI),TASE:POLI,Diversified Banks (Primary),7548.6,0.89,0.0972,0.1013,1.0582,1268.5,4724.6,3502,3446,411.4,110.74,4574.4,0.1141
Hana Financial Group Inc. (KOSE:A086790),KOSE:A086790,Diversified Banks (Primary),7493.5,0.4,0.0438,0.1043,0.8751,-3920.6,4229.8,11748, NA ,819.2,5.79,6245.5,0.1321
CIT Group Inc. (NYSE:CIT),NYSE:CIT,Regional Banks (Primary),7310.1,0.67,0.091,0.1289,0.8167, NA , NA ,5840,1467,321.6,1500.7,2990.4,0.6094
The Saudi British Bank (SASE:1060),SASE:1060,Diversified Banks (Primary),7245.5,0.97,0.1554,0.1539,1,-7053.2,-1387.1,4407,5203,1505.35,1.59,5974.9,0.2522
Turkiye Is Bankasi A.S. (IBSE:ISCTR),IBSE:ISCTR,Diversified Banks (Primary),7202.9,0.65,0.1191,0.1284,1.1029, NA , NA ,3262, NA ,2349.7,0,10843.5,0.2167
Masraf Al Rayan (Q.S.C) (DSM:MARK),DSM:MARK,Diversified Banks (Primary),7187.4,2.17,0.1765,0.1854,0.886,2449.8,4922.5,1744,1591,1044.4,0,2960.9,0.3527
Dubai Islamic Bank P.J.S.C (DFM:DIB),DFM:DIB,Diversified Banks (Primary),7120.3,1.28,0.1779,0.1552,0.9367,-1852.7,5563.3,3191,2797,1656.8,0.48,3198.4,0.5182
Banco de Bogota S.A. (BVC:BOGOTA),BVC:BOGOTA,Diversified Banks (Primary),7082.5,1.66,0.1756,0.0557,0.4991,3234.5,4686.5,3069, NA ,1944.7,0,4274.5,0.455
"Banco de Sabadell, S.A. (BME:SAB)",BME:SAB,Diversified Banks (Primary),7044.3,0.51,0.0628,0.115,0.802,-5262.6,-492.2,7631, NA ,911.1,4391.6,3087.9,1.7173
"Woori Bank Co., Ltd. (KOSE:A000030)",KOSE:A000030,Diversified Banks (Primary),6976.8,0.43,0.0688,0.1043,0.8372, NA , NA ,4979, NA ,2042.8,34.4,6909.6,0.3006
Attijariwafa Bank S.A. (CBSE:ATW),CBSE:ATW,Diversified Banks (Primary),6961.8,1.87,0.1287,0.1007,0.8467,-683.7,1286.4,1412, NA ,874.3,7.31,3485.5,0.2529
Qatar Islamic Bank (Q.S.C.) (DSM:QIBK),DSM:QIBK,Diversified Banks (Primary),6741.4,1.6,0.1375,0.1371,0.9352,1595.6,2265.3,2261,2441,2070.9,0,2768.5,0.748
The Governor and Company of the Bank of Ireland (ISE:BIR),ISE:BIR,Diversified Banks (Primary),6677,0.68,0.0857,0.1482,0.8686,-6753.8,5522.9, NA , NA ,1210.4,19.39,-3688.4,-0.3334
Komercni Banka AS (SEP:KOMB),SEP:KOMB,Diversified Banks (Primary),6638.1,1.61,0.1276,0.1634,0.6504,-2530.5,650.6,896,718,2835.6,29.3,4236,0.6763
Hong Leong Bank Berhad (KLSE:HLBANK),KLSE:HLBANK,Diversified Banks (Primary),6621.5,1.26,0.0901,0.1358,0.7935,3741.8,4408.8,3636,2577,973.7,14.43,3340.8,0.2958
Crédit Industriel et Commercial (ENXTPA:CC),ENXTPA:CC,Diversified Banks (Primary),6573.3,0.46,0.0918,0.1168,0.8897,-6424.6,1484.3,4510, NA ,328,0,8005.5,0.041
Commercial International Bank (Egypt) S.A.E. (CASE:COMI),CASE:COMI,Diversified Banks (Primary),6443.8,3.15,0.26,0.1167,0.6988,3200.3,4469.8,999, NA ,912,0,2662.8,0.3425
"Bank of Jinzhou Co., Ltd. (SEHK:416)",SEHK:416,Regional Banks (Primary),6373.3,1.62,0.2769,0.0897,1.0075, NA , NA ,3621,3670,281.84,0,1876.1,0.1502
"Bankinter, S.A. (BME:BKT)",BME:BKT,Diversified Banks (Primary),6368.7,1.54,0.1251,0.1177,0.8443,-859.2,2837.8,1379, NA ,926.3,190.82,1970.2,0.567
Banque Saudi Fransi (SASE:1050),SASE:1050,Diversified Banks (Primary),6349.2,0.87,0.1492,0.1496,1.0169,-11011.7,-410,3580,3832,1663.3,0,5639.5,0.2949
Industrial Bank of Korea (KOSE:A024110),KOSE:A024110,Diversified Banks (Primary),6082.8,0.43,0.0692,0.0936,0.8577,-1538.4,3387.4,8614, NA ,1621.06,284.5,6899.9,0.2762
"Shengjing Bank Co.,Ltd. (SEHK:2066)",SEHK:2066,Regional Banks (Primary),5978.8,0.94,0.157,0.0942,1.007, NA , NA ,5497, NA ,464.79,0,4059.2,0.1145
Bank Leumi Le-Israel BM (TASE:LUMI),TASE:LUMI,Diversified Banks (Primary),5785.9,0.78,0.09,0.0958,1.0081,-1068.4,2704.7,2440,2337,377.1,0,3616.3,0.1043
Chongqing Rural Commercial Bank Co Ltd (SEHK:3618),SEHK:3618,Regional Banks (Primary),5743.4,0.8,0.1569,0.0989,1.0071, NA , NA ,6046,6209,1129.01,0,5478.2,0.2061
SVB Financial Group (NasdaqGS:SIVB),NasdaqGS:SIVB,Regional Banks (Primary),5691.9,1.78,0.1068,0.1283,1.0397,4019.2,4831.8,2428,2296,12.1,0,1312.3,0.0092
Metropolitan Bank & Trust Company (PSE:MBT),PSE:MBT,Diversified Banks (Primary),5689.4,1.38,0.0947,0.1425,0.8152,3317.4, NA ,2759,2280,408.3,0,2301.2,0.1774
Banque Cantonale Vaudoise (SWX:BCVN),SWX:BCVN,Regional Banks (Primary),5633.8,1.66,0.0948,0.1763,0.8608,1823.5,3043.5,420, NA ,860.5,400,2237,0.5635
Huishang Bank Corporation Limited (SEHK:3698),SEHK:3698,Regional Banks (Primary),5584.6,0.88,0.1543,0.0981,1.0081, NA , NA ,4587, NA ,1396.4,0,4589.2,0.3043
Banco de Credito e Inversiones (SNSE:BCI),SNSE:BCI,Diversified Banks (Primary),5532.5,1.96,0.1732,0.0846,1,2564.8,3852.8,1622, NA ,1068.4,0,3522.7,0.3033
Capitec Bank Holdings Ltd. (JSE:CPI),JSE:CPI,Diversified Banks (Primary),5488.9,6.42,0.2792,0.3048,0.9478,4998.9,5233.1,731,675,343.08,1.79,1045.4,0.3299
Arab Bank Plc (ASE:ARBK),ASE:ARBK,Diversified Banks (Primary),5471.9,0.69,0.0546,0.1912,0.8005,-9270.6,-5926.8,847,1458,1288.4,0,2917.1,0.4417
Yapi Ve Kredi Bankasi AS (IBSE:YKBNK),IBSE:YKBNK,Diversified Banks (Primary),5261.8,0.66,0.1098,0.0955,0.8934,-5807.3,-652.6,3385,3466,443,0,8127.2,0.0545
"East West Bancorp, Inc. (NasdaqGS:EWBC)",NasdaqGS:EWBC,Regional Banks (Primary),5261.1,1.68,0.127,0.1065,0.8603,3749.9,4244.3,2045,1255,459.7,433.71,1792,0.4986
"Bank of Guiyang Co., Ltd. (SHSE:601997)",SHSE:601997,Regional Banks (Primary),5187,2.41,0.228,0.1068,1.0105, NA , NA , NA , NA ,188.7,0,1447.5,0.1304
Banco Popular Espanol S.A. (BME:POP),BME:POP,Diversified Banks (Primary),5185.8,0.38,0.0009,0.1311,0.7981,-15300.6,-5187.9,4121,387,1387,5893.7,128.5,56.6591
Philtrust Bank (PSE:PTC),PSE:PTC,Diversified Banks (Primary),5179.4,10.34,0.0465,0.4667,1.0036, NA , NA ,288,337,0,0,226,0
"Bank of Tianjin Co., Ltd. (SEHK:1578)",SEHK:1578,Regional Banks (Primary),5165.6,1.02,0.1545,0.0933,1, NA , NA ,3921, NA ,423.82,0,3246.3,0.1306
"E.SUN Financial Holding Company, Ltd. (TSEC:2884)",TSEC:2884,Diversified Banks (Primary),5051.7,1.38,0.1132,0.094,0.9485,3335.7,4119.5,2181, NA ,284.4,15.8,1554.5,0.1931
"The Shizuoka Bank, Ltd. (TSE:8355)",TSE:8355,Regional Banks (Primary),4954.6,0.6,0.0375,0.1479,0.8879,-2809.2,-2959.4, NA , NA ,202.4,237.67,3172,0.1387
People's United Financial Inc. (NasdaqGS:PBCT),NasdaqGS:PBCT,Regional Banks (Primary),4780.9,1.01,0.0572,0.0979,0.6125,-388.2,-1187.8,-442,1096,1463.4,1140,1365.6,1.9064
Finansbank AS (IBSE:FINBN),IBSE:FINBN,Diversified Banks (Primary),4772.3,1.51,0.0819,0.1182,0.971,-1497.7,651.8,801, NA ,73.37,0,3171.9,0.0231
"Commerce Bancshares, Inc. (NasdaqGS:CBSH)",NasdaqGS:CBSH,Regional Banks (Primary),4715.2,2.13,0.1189,0.1233,0.9906,1486.2,1383.1,641,685,577,711.23,1702.9,0.7565
"Chang Hwa Commercial Bank, Ltd. (TSEC:2801)",TSEC:2801,Diversified Banks (Primary),4667.1,1.19,0.093,0.0883,0.8917,2035.3,2243.7,1469, NA ,502.9,0,1945.5,0.2585
"The Chiba Bank, Ltd. (TSE:8331)",TSE:8331,Regional Banks (Primary),4624,0.6,0.071,0.1274,0.9092,-2642.6,-798.4, NA , NA ,217.2,63.78,3281,0.0856
Punjab National Bank (BSE:532461),BSE:532461,Diversified Banks (Primary),4591.6,0.73,-0.0883,0.1015,1.1124,-732.1,1178.5,3238, NA ,0,0,0,7
CorpBanca (SNSE:ITAUCORP),SNSE:ITAUCORP,Diversified Banks (Primary),4553.3,2.64,0.1832,0.0598,0.9698,2981.4,3680.2,944,892,1197.7,0,1909.1,0.6274
Raiffeisen Bank International AG (WBAG:RBI),WBAG:RBI,Diversified Banks (Primary),4456.6,0.52,0.0402,0.1212,0.963,-17290,272.7,834,162,2904.6,3026.1,4413.8,1.3437
Alinma Bank (SASE:1150),SASE:1150,Diversified Banks (Primary),4414.5,0.9,0.0852,0.2235,1, NA ,-21.7,789, NA ,215.8,41.23,1412.85,0.1819
Jyske Bank A/S (CPSE:JYSK),CPSE:JYSK,Diversified Banks (Primary),4320.3,0.99,0.0778,0.1651,0.9724,-24.4,3102.6,2368,2071,0,1455.3,1611.6,0.903
Graubündner Kantonalbank (SWX:GRKP),SWX:GRKP,Diversified Banks (Primary),4295.8,1.82,0.0728,0.1869,0.9676,2115.4,2103.3,739, NA ,689.3,155.16,1120.8,0.7534
Hong Leong Financial Group Berhad (KLSE:HLFG),KLSE:HLFG,Diversified Banks (Primary),4271.3,1.12,0.0886,0.1358,1.0923,2388.2,3076.2,2532,2577,620.6,9.51,2846.6,0.2214
Commercial Bank of Dubai PSC (DFM:CBD),DFM:CBD,Diversified Banks (Primary),4197,1.87,0.1145,0.1545,0.9266,1029.6,2594.2,960,859,826.8,0,1792,0.4614
"Popular, Inc. (NasdaqGS:BPOP)",NasdaqGS:BPOP,Regional Banks (Primary),3953.5,0.78,0.0786,0.1621,0.8011,982.5,2498.2,3270,777,105.89,7.17,1141.2,0.0991
Arab National Bank (SASE:1080),SASE:1080,Diversified Banks (Primary),3942.6,0.68,0.1338,0.1364,0.9749,-10737.4,-1460.8,2457,2517,1462.8,0,4581.1,0.3193
Türkiye Vakiflar Bankasi Türk Anonim Ortakligi (IBSE:VAKBN),IBSE:VAKBN,Diversified Banks (Primary),3836.4,0.68,0.142,0.1095,1.0116,-7818.6,1941.4,1770,1893,240.8,0,5425.4,0.0444
mBank S.A. (WSE:MBK),WSE:MBK,Diversified Banks (Primary),3836.4,1.24,0.1079,0.1429,0.8098,-2270,1866,1785, NA ,342.1,0,2072,0.1651
Banque Marocaine du Commerce Exterieur S.A. (CBSE:BCE),CBSE:BCE,Diversified Banks (Primary),3833,2.23,0.1277,0.0946,1.1611,-1622.7,-1252.2,1030, NA ,219.8,4.37,917.6,0.2443
Turkiye Halk Bankasi A.S. (IBSE:HALKB),IBSE:HALKB,Diversified Banks (Primary),3795,0.58,0.143,0.1236,1.0049,-9214.2,69.7,3789,3748,1336.2,0,7949.3,0.1681
Western Alliance Bancorporation (NYSE:WAL),NYSE:WAL,Regional Banks (Primary),3790.1,2.38,0.1491,0.1016,0.8426,3235.2,3407.6,1221,879,28.2,0,402.7,0.07
Security Bank Corporation (PSE:SECB),PSE:SECB,Diversified Banks (Primary),3715.4,3.28,0.148,0.1219,0.9288,3088.8, NA ,866,771,95.97,0,1002.8,0.0957
"First Hawaiian, Inc. (NasdaqGS:FHB)",NasdaqGS:FHB,Regional Banks (Primary),3686.6,1.35,0.0824,0.1531,0.655, NA , NA ,-4990,195,356.7,0,2115,0.1687
Sociedad Matriz del Banco de Chile S.A. (SNSE:SM-CHILE B),SNSE:SM-CHILE B,Diversified Banks (Primary),3629.2,2.33,0.0963,0.0997,2.4834,2246.4,2803.3,562, NA ,477.8,0,984.4,0.4854
Luzerner Kantonalbank AG (SWX:LUKN),SWX:LUKN,Diversified Banks (Primary),3523.4,1.42,0.0734,0.1535,1.0148,1586.5,1607.7,1327, NA ,667.1,106.92,1208,0.6407
The Shanghai Commercial & Savings Bank Ltd. (GTSM:5876),GTSM:5876,Diversified Banks (Primary),3520.3,1.01,0.1021,0.108,1.066, NA , NA ,1571, NA ,1267.1,1,2202.5,0.5758
First Horizon National Corporation (NYSE:FHN),NYSE:FHN,Regional Banks (Primary),3512.8,1.56,0.0962,0.118,1.1439,1218.9,1342.8,-248,-1212,265.44,348.34,219.1,2.8014
FinecoBank Banca Fineco S.p.A. (BIT:FBK),BIT:FBK,Diversified Banks (Primary),3482.3,5.07,0.3476,0.2139,0.6178, NA , NA , NA , NA ,516.1,9.29,822.9,0.6385
Intercorp Financial Services Inc. (BVL:IFS),BVL:IFS,Diversified Banks (Primary),3475.8,2.72,0.2053,0.0988,0.7949,1862.7,2544.9,828, NA ,888.3,0,1936,0.4588
The Commercial Bank (Q.S.C.) (DSM:CBQK),DSM:CBQK,Diversified Banks (Primary),3462,0.75,0.0524,0.1183,0.7463,-3659.3,-1536.8,1861,787,2426,0,3279.2,0.7398
First Citizens Bancshares Inc. (NasdaqGS:FCNC.A),NasdaqGS:FCNC.A,Regional Banks (Primary),3460.2,1.2,0.0766,0.1265,0.9858,1840.8,1868.8,1429,1182,91.06,128.32,1152.6,0.1903
Mashreqbank psc (DFM:MASQ),DFM:MASQ,Diversified Banks (Primary),3443.8,0.71,0.1226,0.1586,1.0131, NA , NA ,2098,1980,833,0,2871,0.2901
"Harbin Bank Co., Ltd. (SEHK:6138)",SEHK:6138,Regional Banks (Primary),3359.8,0.66,0.1409,0.1114,1.0129, NA , NA ,4630, NA ,339.95,0,2901.5,0.1172
"Jiangsu Jiangyin Rural Commercial Bank Co., Ltd. (SZSE:002807)",SZSE:002807,Regional Banks (Primary),3346.9,3,0.1126,0.1287,1.0341, NA , NA ,803, NA ,180.2,0,942.2,0.1913
Bank of Queensland Ltd. (ASX:BOQ),ASX:BOQ,Regional Banks (Primary),3345.3,1.36,0.0972,0.1062,0.806,1576.9,2250.9,1180,1127,663.9,39.75,1129.3,0.6231
Denizbank Anonim Sirketi (IBSE:DENIZ),IBSE:DENIZ,Diversified Banks (Primary),3323,1.17,0.1366,0.0816,0.9606,-290.3,1411.5,1360,1045,0,0,2931.9,0
Bank of Zhengzhou Co. Ltd. (SEHK:6196),SEHK:6196,Regional Banks (Primary),3188.7,1.16,0.2046,0.1009,0.9853, NA , NA ,2470,2432,203.66,0,1741.6,0.1169
Abu Dhabi Islamic Bank PJSC (ADX:ADIB),ADX:ADIB,Diversified Banks (Primary),3148.4,0.77,0.1307,0.1459,0.9442,575.4,1753.6,2568,2354,1266.49,1,2336.7,0.5424
Habib Bank Limited (KASE:HBL),KASE:HBL,Diversified Banks (Primary),3115.3,1.81,0.1954,0.1314,0.77, NA ,2395.2,896,608,772.2,0,1698.9,0.4545
CYBG PLC (LSE:CYBG),LSE:CYBG,Diversified Banks (Primary),3084.6,0.59,-0.0901,0.1566,0.8292, NA , NA ,684,247,43.5,337,-406.3,-0.9365
Bank of Hawaii Corporation (NYSE:BOH),NYSE:BOH,Regional Banks (Primary),3083.8,2.76,0.1537,0.1397,0.9967,578,928.6,326,361,578.1,375.94,1128.2,0.8456
Chemical Financial Corporation (NasdaqGS:CHFC),NasdaqGS:CHFC,Regional Banks (Primary),3045,3,0.0973,0.1075,0.7558,2475.2,2379.3,525,334,184.9,0,332.9,0.5554
PT Bank Danamon Indonesia Tbk (JKSE:BDMN),JKSE:BDMN,Diversified Banks (Primary),3018.5,1.23,0.0885,0.1883,0.8809,-1154.6,1610.6,1502,1222,657.2,0,1978.3,0.3322
Union National Bank PJSC (ADX:UNB),ADX:UNB,Diversified Banks (Primary),2996.6,0.62,0.0897,0.1828,0.9987,-972.6,1863.4,2777,2796,576.9,0,3056,0.1888
AMMB Holdings Berhad (KLSE:AMBANK),KLSE:AMBANK,Diversified Banks (Primary),2973.3,0.76,0.0818,0.1257,0.7865,99.5,1026.6,1785,1390,1176.2,93.31,3074.7,0.4129
"Mizrahi Tefahot Bank, Ltd. (TASE:MZTF)",TASE:MZTF,Diversified Banks (Primary),2946.7,0.97,0.1009,0.095,1.0382,1243.9,1799.3,1465, NA ,131.7,20,1834.2,0.0827
Saudi Hollandi Bank (SASE:1040),SASE:1040,Diversified Banks (Primary),2934.4,0.92,0.1661,0.1158,0.9753,-1475.2,114.4,1682,1668,497.2,0,2267.4,0.2193
UMB Financial Corporation (NasdaqGS:UMBF),NasdaqGS:UMBF,Regional Banks (Primary),2922.3,1.54,0.0663,0.1186,0.8878,1322.5,910.6,919,867,248.3,83.02,780.5,0.4245
Basler Kantonalbank (SWX:BSKP),SWX:BSKP,Regional Banks (Primary),2911.4,0.89,0.0347,0.1763,1.1186,-130.2,-348.5,1078, NA ,522.1,801.24,1180.7,1.1208
Metro Bank PLC (LSE:MTRO),LSE:MTRO,Regional Banks (Primary),2902,4.83,-0.1099,0.1326,0.7364, NA , NA , NA , NA ,0,0,-326.8,0
"Home Bancshares, Inc. (Conway, AR) (NasdaqGS:HOMB)",NasdaqGS:HOMB,Regional Banks (Primary),2889.9,2.41,0.1318,0.1126,0.7239,2528.3,2355.3,917,590,115.58,22.29,479.9,0.2873
Associated Banc-Corp (NYSE:ASB),NYSE:ASB,Regional Banks (Primary),2881,1.02,0.0653,0.1012,0.7163,-561.3,208,447,-101,379.2,548.09,753.44,1.2307
"Bank of Qingdao Co., Ltd. (SEHK:3866)",SEHK:3866,Regional Banks (Primary),2758,1.08,0.1177,0.1248,0.99, NA , NA ,1985, NA ,319.42,0,1113.2,0.2869
Boubyan Bank K.S.C.P. (KWSE:BOUBYAN),KWSE:BOUBYAN,Diversified Banks (Primary),2756,2.63,0.1205,0.1591,0.8157,-32.7,1090.1,559,352,32.3,3.67,166,0.2167
Central Bank of India (BSE:532885),BSE:532885,Diversified Banks (Primary),2703.6,0.97,-0.0755,0.082,0.9005, NA ,2350.7, NA , NA ,0,0,0,7
TMB Bank Public Company Limited (SET:TMB),SET:TMB,Diversified Banks (Primary),2679.2,1.26,0.1297,0.1134,0.8618,1875.8,1975.5,1403,507,233.4,0,1057.4,0.2207
"The Hachijuni Bank, Ltd. (TSE:8359)",TSE:8359,Regional Banks (Primary),2663.5,0.45,0.0472,0.1855,0.8903,-878.9,-297.7, NA , NA ,70.1,39.64,1527.6,0.0718
Banco Internacional del Perú S.A.A.- Interbank (BVL:INTERBC1),BVL:INTERBC1,Regional Banks (Primary),2660.2,2.55,0.2496,0.0988,0.9727,1439, NA ,745, NA ,549,0,1470.8,0.3733
Qatar International Islamic Bank (Q.S.C) (DSM:QIIK),DSM:QIIK,Diversified Banks (Primary),2660.1,1.75,0.1427,0.1671,0.8587,523.7,630.8,755,634,1040.2,0,1307.9,0.7953
Bank Handlowy W Warszawie SA (WSE:BHW),WSE:BHW,Diversified Banks (Primary),2657.1,1.53,0.0852,0.1708,0.6979,-2629.4,539,-165, NA ,1261.62,0,1707.6,0.7388
Bank muscat SAOG (MSM:BKMB),MSM:BKMB,Diversified Banks (Primary),2631.7,0.73,0.126,0.1346,0.9103,-2739.1,402.2,1772,1766,713.7,0,2397.9,0.2976
"Yamaguchi Financial Group, Inc. (TSE:8418)",TSE:8418,Regional Banks (Primary),2630,0.51,0.0631,0.1273,0.9161,-436.6,-274.7, NA , NA ,80.5,247.86,1921.9,0.1709
Doha Bank Q.S.C. (DSM:DHBK),DSM:DHBK,Diversified Banks (Primary),2610.8,0.72,0.097,0.1538,0.9334,-361.3,624.7,2278,2216,1924.8,0,2366.9,0.8132
Canara Bank Limited (BSE:532483),BSE:532483,Diversified Banks (Primary),2605.6,0.53,-0.0804,0.0889,0.919,-854.4,1021.6,2408,2517,0,0,0,7
"The Hiroshima Bank, Ltd. (TSE:8379)",TSE:8379,Regional Banks (Primary),2598.1,0.65,0.074,0.1133,0.8249,-780.5,-59.4, NA , NA ,78.1,2.41,1340.9,0.06
"Bank of Chongqing Co., Ltd. (SEHK:1963)",SEHK:1963,Regional Banks (Primary),2584.3,0.79,0.1542,0.1049,0.9957, NA , NA , NA , NA ,283.9,0,2040.8,0.1391
Hancock Holding Company (NasdaqGS:HBHC),NasdaqGS:HBHC,Regional Banks (Primary),2497.7,1.04,0.0444,0.0996,0.7646,1290.3,1054.8,1804,1295,459.6,258.2,826.1,0.8689
Bank Audi S.A.L. (BDB:AUDI),BDB:AUDI,Diversified Banks (Primary),2442.5,0.85,0.143,0.1022,0.8912, NA ,690.1,1208,942,1054.5,144.81,2385.1,0.5028
Cathay General Bancorp (NasdaqGS:CATY),NasdaqGS:CATY,Regional Banks (Primary),2396.6,1.37,0.0921,0.1403,0.8575,1077,1220.8,696,440,151.5,59.4,583.8,0.3613
MCB Bank Ltd. (KASE:MCB),KASE:MCB,Diversified Banks (Primary),2393.1,1.77,0.1594,0.1741,0.7841,-1682.4,1391.4,589,396,847.6,0,1500.1,0.565
United Bank Ltd. (KASE:UBL),KASE:UBL,Diversified Banks (Primary),2384.6,1.66,0.1839,0.1044,0.6515,114.9,1911.4,834,548,669.5,0,1269.5,0.5274
Zagrebacka banka d.d. (ZGSE:ZABA-R-A),ZGSE:ZABA-R-A,Diversified Banks (Primary),2380.2,0.98,0.0156,0.2047,0.941,-3894.9,197,-186,-174,694.92,0,1230.2,0.5649
The National Bank of Ras Al-Khaimah (P.S.C.) (ADX:RAKBANK),ADX:RAKBANK,Diversified Banks (Primary),2373,1.13,0.147,0.2437,0.8513,945.9,1013.1,1525,1387,834.7,0,2347.2,0.3556
Bank Albilad (SASE:1140),SASE:1140,Diversified Banks (Primary),2367.2,1.38,0.1191,0.1481,1,-852.5,129.1,860,894,53.3,24.43,932.1,0.0834
"The Chugoku Bank, Limited (TSE:8382)",TSE:8382,Regional Banks (Primary),2363.4,0.51,0.0543,0.1411,0.9133,-878.4,-1157.1, NA , NA ,67.9,13.21,1258,0.0645
QNB Alahli Bank (S.A.E) (CASE:QNBA),CASE:QNBA,Diversified Banks (Primary),2343.8,1.22,0.2201,0.1295,0.7131,52.7,1395.8,1131, NA ,526.6,0,1942.1,0.2711
HSBC Trinkaus & Burkhardt AG (DB:TUB),DB:TUB,Diversified Banks (Primary),2222.3,1.05,0.0854,0.103,0.8384,-2120.4,-1023.6,783, NA ,623.5,0,1247.7,0.4997
Guaranty Trust Bank Plc (NGSE:GUARANTY),NGSE:GUARANTY,Diversified Banks (Primary),2218.5,1.09,0.2125,0.1796,0.8096,-705,802.4,734,346,1400.7,17.72,2844.2,0.4987
Gulf Bank K.S.C.P. (KWSE:GBK),KWSE:GBK,Diversified Banks (Primary),2212.9,1.25,0.0767,0.1436,1,-4462.9, NA ,1636,1731,0,116.46,553,0.2106
Banca Transilvania SA (BVB:TLV),BVB:TLV,Diversified Banks (Primary),2189.9,1.46,0.14,0.2105,0.9316, NA , NA ,928,874,16.5,42.32,1108.5,0.0531
Burgan Bank K.P.S.C. (KWSE:BURG),KWSE:BURG,Diversified Banks (Primary),2171.5,0.84,0.0904,0.1467,0.9073,-970,-215,1449, NA ,270.2,140.96,949.9,0.4328
National Bank of Bahrain BSC (BAX:NBB),BAX:NBB,Diversified Banks (Primary),2152.3,2.22,0.1567,0.2893,0.9678,604.9,780.8,392,400,469.7,0,899.4,0.5222
Sydbank A/S (CPSE:SYDB),CPSE:SYDB,Diversified Banks (Primary),2143.6,1.29,0.1132,0.1593,0.9473,-614.9,1384,333,62,95.88,1558.11,712.3,2.322
Ahli Bank Q.S.C. (DSM:ABQK),DSM:ABQK,Diversified Banks (Primary),2098.3,1.68,0.1413,0.1593,0.94,844.5,1400.9,796,862,425.3,0,932.3,0.4562
BLOM Bank S.A.L. (BDB:BLBD),BDB:BLBD,Diversified Banks (Primary),2074.1,0.85,0.1732,0.1754,0.9926,187.5,530.1,1240,1163,791.3,105.09,2349,0.3816
"Vseobecná úverová banka, a.s. (BSSE:1VUB02AE)",BSSE:1VUB02AE,Diversified Banks (Primary),2066.1,1.27,0.1154,0.1613,0.8216, NA , NA ,455,478,506.5,0,1332.6,0.3801
Israel Discount Bank Limited (TASE:DSCT),TASE:DSCT,Diversified Banks (Primary),2065.3,0.61,0.0608,0.1039,1.1135,-425.5,1182.7,1082,1116,0,0,1435.4,0
"Jiangsu Changshu Rural Commercial Bank Co.,Ltd. (SHSE:601128)",SHSE:601128,Regional Banks (Primary),2053,1.65,0.1196,0.1133,1.0256, NA , NA ,1094, NA ,141.6,0,737.1,0.1921
Oberbank AG (WBAG:OBS),WBAG:OBS,Diversified Banks (Primary),2051.9,0.98,0.0907,0.1419,0.9022,12,305.9,839, NA ,131.4,0,1048.3,0.1253
Unione di Banche Italiane S.p.A. (BIT:UBI),BIT:UBI,Diversified Banks (Primary),2043.1,0.19,-0.0814,0.1208,0.7422,-15503.9,-7146.9,-4726,-1658,1195,2.39,-2071.7,-0.578
Basellandschaftliche Kantonalbank (SWX:BLKB),SWX:BLKB,Regional Banks (Primary),2029.2,0.98,0.0651,0.192,0.9615,-31,40.5,1416, NA ,507,13.26,831,0.6261
"The Gunma Bank, Ltd. (TSE:8334)",TSE:8334,Regional Banks (Primary),2022,0.45,0.067,0.1181,0.8696,-1261,-1060.8, NA , NA ,82.7,54.86,1458,0.0943
Privredna banka Zagreb d.d. (ZGSE:PBZ-R-A),ZGSE:PBZ-R-A,Diversified Banks (Primary),1992.4,1.06,0.0468,0.2227,0.8266,-4781.8,437.3,55,-125,512.7,0,1126,0.4553
Ahli United Bank K.S.C.P. (KWSE:ALMUTAHED),KWSE:ALMUTAHED,Diversified Banks (Primary),1985.4,1.69,0.1212,0.1432,1.0032,-294.7,482.5,294, NA ,376.5,0,849.1,0.4434
Banco Popolare Societa Cooperativa Scarl (BIT:BP),BIT:BP,Diversified Banks (Primary),1961.9,0.21,-0.0293,0.1315,0.6929,-12209.7,-2468.2,-4447, NA ,194.78,1883.91,-6106.9,-0.3404
BRD-Groupe Société Générale S.A. (BVB:BRD),BVB:BRD,Diversified Banks (Primary),1948.1,1.31,0.1007,0.191,0.8509, NA , NA ,29, NA ,306.6,0,774,0.3961
"Banregio Grupo Financiero, S.A.B de C.V. (BMV:GFREGIO O)",BMV:GFREGIO O,Regional Banks (Primary),1947.2,3.05,0.1722,0.1244,0.9219, NA , NA ,416, NA ,88.01,1.88,583.7,0.154
Great Western Bancorp. Inc. (NYSE:GWB),NYSE:GWB,Regional Banks (Primary),1936.3,1.31,0.0822,0.1086,0.5593, NA , NA , NA , NA ,151,60,317.8,0.6639
"Banco de Occidente, S.A. (BVC:OCCIDENTE)",BVC:OCCIDENTE,Diversified Banks (Primary),1934.7,1.52,0.1614,0.0961,0.7331, NA , NA ,649, NA ,684,0,1764.8,0.3876
Federal Bank Ltd. (NSEI:FEDERALBNK),NSEI:FEDERALBNK,Diversified Banks (Primary),1919.7,1.58,0.0603,0.1366,0.9896, NA ,1350,370, NA ,0,0,0,7
"The Iyo Bank, Ltd. (TSE:8385)",TSE:8385,Regional Banks (Primary),1898.4,0.38,0.0415,0.1412,0.8613,-1247.1,-2003.9, NA , NA ,58.9,1.6,1459.8,0.0414
Columbia Banking System Inc. (NasdaqGS:COLB),NasdaqGS:COLB,Regional Banks (Primary),1875.5,1.51,0.08,0.1195,0.6881,1343.5,1659,898,520,120.55,1.99,361.33,0.3391
Virgin Money Holdings (UK) plc (LSE:VM.),LSE:VM.,Diversified Banks (Primary),1856.1,0.94,0.0913,0.2007,0.9151, NA , NA , NA , NA ,9.14,7.37,899.4,0.0184
The Saudi Investment Bank (SASE:1030),SASE:1030,Diversified Banks (Primary),1853,0.58,0.0924,0.1407,0.9985,-4272.3,-131.3,1453,1537,442.7,0,1765.4,0.2508
Trustmark Corporation (NasdaqGS:TRMK),NasdaqGS:TRMK,Regional Banks (Primary),1844.1,1.25,0.0711,0.132,0.8285,391.7,606.5,500,271,430.8,0,774.4,0.5563
"Banco BPI, S.A. (ENXTLS:BPI)",ENXTLS:BPI,Diversified Banks (Primary),1837.4,0.7,0.113,0.1086,1.0696,-4051.4,-345.3,521,-415,179.2,7.43,606.9,0.3075
PT Bank Maybank Indonesia Tbk (JKSE:BNII),JKSE:BNII,Diversified Banks (Primary),1815.3,1.62,0.1084,0.1147,0.8796,352.5,184.9,678,603,15.3,0,512.65,0.0298
Banca Popolare di Milano Scarl (BIT:PMI),BIT:PMI,Diversified Banks (Primary),1815,0.36,0.0647,0.1206,0.913,-3872.2,-634.9,481,916,273.5,689.23,-438.4,-2.196
Al Khalij Commercial Bank (al khaliji) Q.S.C. (DSM:KCBK),DSM:KCBK,Diversified Banks (Primary),1769.5,1.08,0.1075,0.1381,0.8721,-1097.8,356.2,396,366,485.8,0,915.2,0.5308
"Banca popolare dell'Emilia Romagna, Società cooperativa (BIT:BPE)",BIT:BPE,Diversified Banks (Primary),1744.7,0.32,0.0432,0.1134,0.9054,-4081.5,-1646,1379, NA ,308.5,161.4,1090.38,0.4309
Norwegian Finans Holding ASA (OB:NOFI),OB:NOFI,Diversified Banks (Primary),1742.9,9.15,0.4522,0.1403,1.0446, NA , NA ,162,182,0,0,199.82,0
Joint Stock Company Halyk Savings Bank Of Kazakhstan (LSE:HSBK),LSE:HSBK,Diversified Banks (Primary),1704.3,1.09,0.2305,0.1797,0.9907,-2117.2,929.7,-16,165,422.5,658.52,2527.1,0.4278
Canadian Western Bank (TSX:CWB),TSX:CWB,Regional Banks (Primary),1703.5,1.25,0.1076,0.0972,1.0453,-293.6,1063.3,804,787,383.6,0,1235.7,0.3104
Al Ahli Bank of Kuwait K.S.C.P. (KWSE:ABK),KWSE:ABK,Diversified Banks (Primary),1702.4,0.93,0.0452,0.1603,0.9143,-3148,-1188.6,700, NA ,488.3,34.48,966.4,0.541
PT Bank CIMB Niaga Tbk (JKSE:BNGA),JKSE:BNGA,Diversified Banks (Primary),1693.2,0.81,0.0359,0.1457,0.9526,517.5,1119.2,1236,1113,54.4,0,1810.9,0.03
Credit Bank of Moscow (public joint-stock company) (MISX:CBOM),MISX:CBOM,Diversified Banks (Primary),1646.7,1.28,0.0656,0.0923,0.9854, NA , NA ,1068,1048,0,0,817.2,0
"GE Money Bank, a. s. (SEP:MONET)",SEP:MONET,Diversified Banks (Primary),1641.3,1.47,0.1617,0.1765,0.8026, NA , NA ,-130, NA ,791.8,0,1311,0.604
UnionBank of the Philippines (PSE:UBP),PSE:UBP,Diversified Banks (Primary),1623.8,1.28,0.1161,0.1305,0.6363,955.3, NA ,699,474,292.3,0,1071.2,0.2729
Indian Bank (BSE:532814),BSE:532814,Diversified Banks (Primary),1616.6,0.65,0.0456,0.1223,0.9275,-506.8,407.1,1134, NA ,0,0,0,7
PT Bank Mega Tbk (JKSE:MEGA),JKSE:MEGA,Diversified Banks (Primary),1592.5,1.91,0.0942,0.2392,0.8925,1049.8, NA ,575, NA ,119.25,0,589.3,0.2024
BIMB Holdings Berhad (KLSE:BIMB),KLSE:BIMB,Diversified Banks (Primary),1590.8,2,0.1753,0.1209,1.1711,1101.4,1365,433,520,188.07,2.99,608.8,0.3138
China Banking Corporation (PSE:CHIB),PSE:CHIB,Diversified Banks (Primary),1577.4,1.25,0.1073,0.1258,0.8009,344.4, NA ,718,537,220.8,0,789.8,0.2796
PT Bank Tabungan Negara (Persero) Tbk (JKSE:BBTN),JKSE:BBTN,Regional Banks (Primary),1573.8,1.57,0.1553,0.1486,0.8781, NA , NA ,726,676,162.94,0,773.6,0.2106
Zenith Bank Plc (NGSE:ZENITHBANK),NGSE:ZENITHBANK,Diversified Banks (Primary),1565.9,0.53,0.1153,0.212,0.9412,-2940.5,-1143.9, NA , NA ,1509.8,0,2954.3,0.5111
First Midwest Bancorp Inc. (NasdaqGS:FMBI),NasdaqGS:FMBI,Regional Banks (Primary),1560.5,1.36,0.0722,0.1028,0.7795,73.7,590.6,428,127,97.69,10.91,210.72,0.5154
PT Bank OCBC NISP Tbk (JKSE:NISP),JKSE:NISP,Diversified Banks (Primary),1537.1,1.29,0.1069,0.161,0.9907,987.9,1170.8,861,857,0,0,590.8,0
PT Bank Pan Indonesia Tbk (JKSE:PNBN),JKSE:PNBN,Diversified Banks (Primary),1530.2,0.74,0.0559,0.1752,0.966,91.9,481.7,1336, NA ,2.63,0,1144.8,0.0023
"Taiwan Business Bank Co., Ltd. (TSEC:2834)",TSEC:2834,Diversified Banks (Primary),1528,0.74,0.078,0.0884,1.0748,336.2,698.9,848, NA ,0,0,786.3,0
Scotiabank Trinidad and Tobago Limited (TTSE:SBTT),TTSE:SBTT,Diversified Banks (Primary),1525.5,2.6,0.1571,0.2439,0.7465,693.1,782.6,292, NA ,307.9,0,591.4,0.5206
Philippine National Bank (PSE:PNB),PSE:PNB,Diversified Banks (Primary),1510,0.7,0.0675,0.1623,0.7302,712.6, NA ,1554,1116,0,0,700.8,0
Simmons First National Corporation (NasdaqGS:SFNC),NasdaqGS:SFNC,Regional Banks (Primary),1506.2,1.44,0.0879,0.1602,0.7727,1137.1,1094.8,757,546,107.4,31.68,248.7,0.5592
National Bank of Pakistan (KASE:NBP),KASE:NBP,Diversified Banks (Primary),1494.1,0.92,0.1364,0.1305,0.5609,-1576.2,922.1,308,-38,680,0,1171.6,0.5804
SpareBank 1 SR-Bank (OB:SRBANK),OB:SRBANK,Regional Banks (Primary),1485.9,0.78,0.1007,0.1417,0.9981,625.3,1137.7,1056,1093,335.1,0,1627,0.206
Valiant Holding AG (SWX:VATN),SWX:VATN,Regional Banks (Primary),1481.8,0.72,0.0588,0.1558,0.9631,-854.6,-1477.4,485, NA ,478,475.83,861.8,1.1068
"United Community Banks, Inc. (NasdaqGS:UCBI)",NasdaqGS:UCBI,Regional Banks (Primary),1470.2,1.46,0.083,0.1145,0.7673,719,818.4,192,102,67.44,0,-511.1,-0.132
Zuger Kantonalbank (SWX:ZG),SWX:ZG,Regional Banks (Primary),1466.6,1.2,0.052,0.1705,0.9516,614.6,482.8,780, NA ,285.6,0,448.5,0.6368
"Tatra banka, a.s. (BSSE:1TAT01DE)",BSSE:1TAT01DE,Diversified Banks (Primary),1454.9,1.34,0.1309,0.1407,0.8024, NA , NA ,156, NA ,906.9,53.42,983,0.9769
comdirect bank AG (XTRA:COM),XTRA:COM,Diversified Banks (Primary),1444.5,2.13,0.1535,0.3626,0.6944,-273.8,225,14, NA ,553.9,0,638.4,0.8676
Bank of Cyprus Public Company Limited (CSE:BOCY),CSE:BOCY,Diversified Banks (Primary),1380.2,0.42,-0.148,0.1397,0.8995,1290.9,1361.1,466, NA ,208.2,60.57,-7448.1,-0.0361
Banco do Estado do Rio Grande do Sul S.A. (BOVESPA:BRSR6),BOVESPA:BRSR6,Diversified Banks (Primary),1374.2,0.88,0.1791,0.148,0.9902,-1155.1,392.8,237, NA ,119.94,0,2451.2,0.0489
Alliance Financial Group Berhad (KLSE:AFG),KLSE:AFG,Diversified Banks (Primary),1372.3,1.1,0.1061,0.1207,0.8531,-69.6,562.9,490,451,405.3,31.52,962.5,0.4538
First Financial Bancorp. (NasdaqGS:FFBC),NasdaqGS:FFBC,Regional Banks (Primary),1340.9,1.66,0.1,0.1029,0.8017,914.9,876.5,539,293,284.6,23.81,603,0.5115
Piraeus Bank S.A. (ATSE:TPEIR),ATSE:TPEIR,Diversified Banks (Primary),1312.1,0.12,-0.0835,0.1749,0.9538,-8828.1,-1523,6742,6091,94.75,19.71,-9893.4,-0.0116
First Citizens Bank Limited (TTSE:FIRST),TTSE:FIRST,Diversified Banks (Primary),1312,1.34,0.098,0.3838,0.7944, NA , NA ,571,389,262.3,0,662.5,0.3959
Eurobank Ergasias S.A. (ATSE:EUROB),ATSE:EUROB,Diversified Banks (Primary),1284.2,0.22,0.063,0.1703,1.2108,-17428,-2788.8,929,1788,457,13.18,-12897,-0.0365
"The Shiga Bank, Ltd. (TSE:8366)",TSE:8366,Regional Banks (Primary),1281.4,0.42,0.0485,0.1334,0.8545,-487.1,-431.6, NA , NA ,36.5,0.8,550.6,0.0677
"Grupo Financiero Interacciones, S.A. de C.V. (BMV:GFINTER O)",BMV:GFINTER O,Regional Banks (Primary),1277.9,1.58,0.1639,0.1305,0.8195,693.4, NA ,563, NA ,129,38.03,750.2,0.2226
Collector AB (OM:COLL),OM:COLL,Diversified Banks (Primary),1277.7,6.54,0.2115,0.1693,0.9345, NA , NA , NA , NA ,8.78,0,98,0.0896
Bank BGZ BNP Paribas S.A. (WSE:BGZ),WSE:BGZ,Diversified Banks (Primary),1275.6,0.8,0.0096,0.1176,0.9395, NA , NA ,818,801,0,0,247.87,0
Banca Popolare di Sondrio S.C.p.A. (BIT:BPSO),BIT:BPSO,Diversified Banks (Primary),1263.7,0.45,0.0313,0.105,0.9532,-2965,-1508.5,561, NA ,343.7,0.32,962.9,0.3573
The Bank of NT Butterfield & Son Limited (BER:NTB.BH),BER:NTB.BH,Diversified Banks (Primary),1248,1.66,0.1106,0.1624,0.9318, NA , NA ,233,236,209,292.41,-90.8,-5.5221
City Union Bank Ltd. (BSE:532210),BSE:532210,Diversified Banks (Primary),1224.2,2.66,0.1468,0.1508,0.9926,967.7,1128.4,330, NA ,0,0,362.4,0
PT Bank Pembangunan Daerah Jawa Barat dan Banten Tbk (JKSE:BJBR),JKSE:BJBR,Diversified Banks (Primary),1209.5,2.16,0.2237,0.1524,0.822, NA , NA ,334, NA ,382.8,0,705.8,0.5424
Equity Group Holdings Limited (NASE:EQTY.O),NASE:EQTY.O,Diversified Banks (Primary),1188.6,1.7,0.2663,0.1785,0.938, NA ,355.2,448,434,290.8,0,918.1,0.3167
"Ashikaga Holdings Co., Ltd.",,Regional Banks (Primary),1177.7,0.44,0.0764,0.0861,0.8644, NA , NA , NA , NA ,0,0,511.2,0
PT Bank Tabungan Pensiunan Nasional Tbk (JKSE:BTPN),JKSE:BTPN,Diversified Banks (Primary),1169.2,1.19,0.1301,0.2287,0.935, NA , NA ,837,799,0,0,947.4,0
Liechtensteinische Landesbank AG (SWX:LLB),SWX:LLB,Diversified Banks (Primary),1169.2,0.71,0.0542,0.2372,1.0865,-1331.6,-182.3,177,573,444.71,21.17,598.9,0.7779
Union Bankshares Corporation (NasdaqGS:UBSH),NasdaqGS:UBSH,Regional Banks (Primary),1161.5,1.17,0.0726,0.1193,0.7853,878.5,825.7,719,514,100.33,92.8,250.76,0.7702
Spar Nord Bank A/S (CPSE:SPNO),CPSE:SPNO,Regional Banks (Primary),1159.9,1.01,0.0842,0.1494,0.8806,-145.5,716.1,393,231,49.6,289.33,458.2,0.7397
permanent tsb Group Holdings p.l.c. (ISE:IL0A),ISE:IL0A,Diversified Banks (Primary),1104.3,0.42,0.0277,0.1808,0.9215,-3503.6,517.6,-677,-3435,0,0,-3433.9,0
"The San-in Godo Bank, Ltd. (TSE:8381)",TSE:8381,Regional Banks (Primary),1095.7,0.35,0.035,0.1569,0.8345,-267.2,-267.4,693,352,33.4,40.43,760.1,0.0971
Grupo Security S.A. (SNSE:SECURITY),SNSE:SECURITY,Diversified Banks (Primary),1093.8,1.4,0.1283,0.0868,0.74,236.4,728.4,401, NA ,500.2,0.79,610.5,0.8206
"Banco Latinoamericano de Comercio Exterior, S.A (NYSE:BLX)",NYSE:BLX,Diversified Banks (Primary),1088.4,1.12,0.1094,0.1627,1.0812,495.2,565.5,398, NA ,286.7,0.67,564.5,0.5091
Grupo Supervielle S.A. (BASE:SUPV),BASE:SUPV,Diversified Banks (Primary),1071.3,5.84,0.3273,0.0615,0.8887, NA , NA ,95, NA ,9.91,0,288.2,0.0344
"Boston Private Financial Holdings, Inc. (NasdaqGS:BPFH)",NasdaqGS:BPFH,Regional Banks (Primary),1069.5,1.54,0.0906,0.1259,0.9866,56,633.5,229,-46,107.6,0,290.83,0.37
Allied Bank Limited (KASE:ABL),KASE:ABL,Diversified Banks (Primary),1067.9,1.24,0.1833,0.1721,0.7135,-69.1,811.3,578,354,365.9,0,853.5,0.4287
PT Bank Permata Tbk (JKSE:BNLI),JKSE:BNLI,Diversified Banks (Primary),1066.5,0.78,-0.0792,0.1093,0.8295,336,725,975,788,26,0,719.9,0.0361
Bank ABC (BAX:ABC),BAX:ABC,Diversified Banks (Primary),1057.4,0.28,0.049,0.173,1.079,-1772.6, NA ,1980,1562,312,0,1349,0.2313
Bank AlJazira (SASE:1020),SASE:1020,Diversified Banks (Primary),1047.1,0.53,0.1193,0.1379,1.0223,-2882.5,-155.9,740,785,85.62,0,898.15,0.0953
Rizal Commercial Banking Corporation (PSE:RCB),PSE:RCB,Diversified Banks (Primary),1039.1,0.84,0.0894,0.1255,0.8396,482.6, NA ,674,492,202.3,144.6,757.9,0.4577
PT Bank Mayapada Internasional Tbk (JKSE:MAYA),JKSE:MAYA,Diversified Banks (Primary),1027.5,3.09,0.1989,0.0993,0.8123,765.3,640.2,246,187,18.43,0,172.81,0.1066
Banco Comercial Português S.A. (ENXTLS:BCP),ENXTLS:BCP,Diversified Banks (Primary),1022.6,0.21,-0.0454,0.1333,1.2655,-14357.9,-4313.9,-1975,-407,232.9,0,-2963.5,-0.0786
Sharjah Islamic Bank PJSC (ADX:SIB),ADX:SIB,Diversified Banks (Primary),997.2,0.78,0.0983,0.2089,1.0023,-218.8,666.6,148,203,308.8,0,583.7,0.529
Bank of Valletta p.l.c. (MTSE:BOV),MTSE:BOV,Diversified Banks (Primary),992.7,1.33,0.1278,0.1126,0.7613,-8693.9,-2338.4,194, NA ,258.1,0,615,0.4197
"Scotiabank Chile, S.A. (SNSE:SUD AMER-A)",SNSE:SUD AMER-A,Diversified Banks (Primary),976.8,0.89,0.1289,0.0877,1,631.4, NA ,-63, NA ,203.1,0,835.6,0.2431
Ringkjøbing Landbobank Aktieselskab (CPSE:RILBA),CPSE:RILBA,Regional Banks (Primary),973.6,2.03,0.1488,0.1706,0.9039,119.6,684.2,145,66,64.12,76.35,404.2,0.3475
Bank Dhofar SAOG (MSM:BKDB),MSM:BKDB,Diversified Banks (Primary),970.7,0.78,0.1055,0.1268,0.9447,165.2,290.6,748,721,214.9,0,665,0.3232
"King's Town Bank Co., Ltd. (TSEC:2809)",TSEC:2809,Diversified Banks (Primary),968.6,1.12,0.1254,0.143,0.9416, NA ,784.4,526, NA ,171.7,36.25,682.09,0.3049
InvestBank P.S.C. (ADX:INVESTB),ADX:INVESTB,Diversified Banks (Primary),955.6,1.24,0.0809,0.1735,0.9356,-73.6,144.3,348,293,236,0,591.3,0.3991
BBK B.S.C. (BAX:BBK),BAX:BBK,Diversified Banks (Primary),954.1,1,0.153,0.1374,0.9901,-251, NA ,399,397,316.1,18.59,786.8,0.4254
"The Hokkoku Bank, Ltd. (TSE:8363)",TSE:8363,Regional Banks (Primary),934.2,0.47,0.0447,0.1163,0.9224,-633.9,-234.8,236,251,46.8,0.28,511.8,0.092
PT Bank Sinarmas Tbk (JKSE:BSIM),JKSE:BSIM,Regional Banks (Primary),927.7,3.49,0.0857,0.1359,0.8375, NA , NA ,228, NA ,0,0,96.57,0
FNB Namibia Holdings Limited (NMSE:FNB),NMSE:FNB,Diversified Banks (Primary),923.7,3.39,0.3003,0.1579,0.9637,565.1,597.4,60,85,138.4,3.37,301.9,0.4696
Byblos Bank S.A.L. (BDB:BYB),BDB:BYB,Diversified Banks (Primary),923.2,0.73,0.1228,0.1478,1.1976,28, NA ,567,632,697.5,16.64,1111.5,0.6425
SpareBank 1 SMN (OB:MING),OB:MING,Regional Banks (Primary),923,0.6,0.1009,0.1564,1.0296,184.4,672,747,867,227,0.11,1322.7,0.1717
"Taichung Commercial Bank Co., Ltd. (TSEC:2812)",TSEC:2812,Diversified Banks (Primary),902.3,0.74,0.0777,0.0979,1.016,377.6,620.4,739, NA ,53.9,0,484.69,0.1112
Bank of Astana JSC (KAS:ABBN),KAS:ABBN,Diversified Banks (Primary),893.4,12.89,0.0424,0.1067,0.987, NA , NA , NA , NA ,0,0,24.28,0
Far Eastern International Bank Ltd. (TSEC:2845),TSEC:2845,Diversified Banks (Primary),890.6,0.75,0.092,0.0945,0.9261,285.3,563.9,590, NA ,114.93,0,617.9,0.186
Kenya Commercial Bank Limited (NASE:KCB),NASE:KCB,Diversified Banks (Primary),885.8,1.12,0.26,0.1412,0.6905, NA ,219.3,525,341,354.2,0,957.4,0.37
National Bank of Oman SAOG (MSM:NBOB),MSM:NBOB,Diversified Banks (Primary),884.6,0.66,0.1193,0.1627,0.9412,-674.6,-140.1,699,677,321.4,0,713.9,0.4502
Commercial Bank of Ceylon PLC (COSE:COMB-N-0000),COSE:COMB-N-0000,Diversified Banks (Primary),881.9,1.79,0.184,0.1155,0.9146,555.8,736.8,260,243,169.4,0,483.3,0.3505
"Heartland Financial USA, Inc. (NasdaqGS:HTLF)",NasdaqGS:HTLF,Regional Banks (Primary),880.4,1.51,0.1207,0.1156,1.1758,575,545.8,352,316,68.4,9.77,246.96,0.3165
Oman International Development and Investment Company SAOG (MSM:OMVS),MSM:OMVS,Diversified Banks (Primary),878.3,1.54,0.1094,0.1143,0.9687,574.1,649.2,383,319,60.49,0,244,0.2479
Karur Vysya Bank (BSE:590003),BSE:590003,Diversified Banks (Primary),877.8,1.27,0.1243,0.1126,0.8888,301.5,632.5,424, NA ,0,0,577.5,0
Allahabad Bank (BSE:532480),BSE:532480,Diversified Banks (Primary),864.8,0.38,-0.0479,0.0863,0.9028,-487.3,386.5,1079, NA ,0,0,0,7
United Arab Bank Public Joint Stock Company (ADX:UAB),ADX:UAB,Diversified Banks (Primary),842.3,1.2,-0.1699,0.1422,1.0423,-450.2, NA ,339, NA ,278.1,0,631.8,0.4402
Van Lanschot NV (ENXTAM:LANS),ENXTAM:LANS,Diversified Banks (Primary),832.4,0.59,0.0241,0.1626,0.8049,-2911.5,-1504.3,-302,-810,104.38,11.52,82.5,1.4049
Credit Agricole - Egypt Bank (S.A.E.) (CASE:CIEB),CASE:CIEB,Diversified Banks (Primary),826.1,1.86,0.3013,0.1317,0.6756,-527.4,401.8,72, NA ,396.8,0,591,0.6714
United Gulf Bank B.S.C. (BAX:UGB),BAX:UGB,Diversified Banks (Primary),821.4,2.09,0.0259,0.1173,0.803, NA , NA ,-309,-143,160.9,5.53,103.86,1.6024
Skandiabanken ASA (OB:SKBN),OB:SKBN,Diversified Banks (Primary),801.9,1.66,0.1656,0.1594,0.9969, NA , NA , NA , NA ,0,0,168.6,0
Bank Of Sharjah P.J.S.C. (ADX:BOS),ADX:BOS,Diversified Banks (Primary),800.5,0.67,0.0549,0.1953,0.945,-275,-296.9,169,182,365.7,89.32,607,0.7496
Standard Chartered Bank (Pakistan) Limited (KASE:SCBPL),KASE:SCBPL,Diversified Banks (Primary),800.3,1.35,0.1535,0.1736,0.5811,-2213.8,375.9,50,140,342.5,0,458.15,0.7476
Aktia Bank PLC (HLSE:AKTAV),HLSE:AKTAV,Regional Banks (Primary),783.6,1.17,0.0867,0.2068,0.672, NA , NA ,284,17,211.3,15.74,410.5,0.5531
Aldermore Group PLC (LSE:ALD),LSE:ALD,Diversified Banks (Primary),776.8,0.99,0.1508,0.138,0.955, NA , NA , NA , NA ,5.16,0,219.87,0.0235
Jordan Islamic Bank (ASE:JOIB),ASE:JOIB,Diversified Banks (Primary),772.8,1.76,0.1659,0.205,0.91,245.3,349.4,212,195,156.8,0,367.8,0.4263
"Liberbank, S.A. (BME:LBK)",BME:LBK,Diversified Banks (Primary),765.2,0.28,0.0306,0.1395,0.9013, NA , NA , NA , NA ,9.67,45.42,-1705.8,-0.0323
Indian Overseas Bank (BSE:532388),BSE:532388,Diversified Banks (Primary),739,0.31,-0.2732,0.0775,0.96,-1735.3,-65.1,953, NA ,0,0,472.8,0
Bank of Jordan (ASE:BOJX),ASE:BOJX,Diversified Banks (Primary),733.9,1.44,0.119,0.1734,0.7641,317.5,424,258,190,205.3,0,366.1,0.5608
Union Bank of Taiwan (TSEC:2838),TSEC:2838,Diversified Banks (Primary),733.3,0.69,0.0874,0.0995,0.8189,336.5,432,659, NA ,51.74,0,495.4,0.1044
UCO Bank (BSE:532505),BSE:532505,Diversified Banks (Primary),727.2,0.38,-0.274,0.0763,0.7919,-476.5,405.1,1247, NA ,0,0,1015.8,0
Ahli Bank S.A.O.G. (MSM:ABOB),MSM:ABOB,Diversified Banks (Primary),717.9,1.22,0.1204,0.119,0.9061,239.7,467.9,364,324,60.89,0,359.6,0.1693
State Bank of Bikaner & Jaipur (BSE:501061),BSE:501061,Diversified Banks (Primary),717.5,0.71,0.0522,0.0897,1.0018,-255.6,494.8,614, NA ,0,0,836.7,0
Bank Coop AG (SWX:BC),SWX:BC,Diversified Banks (Primary),712.7,0.61,0.0385,0.1628,0.9739,-454.5,-469,345, NA ,218.1,100.73,384.2,0.8299
"The Bank of Nagoya, Ltd. (TSE:8522)",TSE:8522,Regional Banks (Primary),707.2,0.35,0.0311,0.1125,0.875,-545.4,-406.5, NA , NA ,31.9,0.41,346.6,0.0932
"Bank Sohar, S.A.O.G. (MSM:BKSB)",MSM:BKSB,Diversified Banks (Primary),695.8,1.06,0.0896,0.1131,0.9462,262.4,386.8,407,373,69.7,0,364.3,0.1913
"EnTie Commercial Bank, Co. Ltd. (TSEC:2849)",TSEC:2849,Diversified Banks (Primary),684.6,0.74,0.0805,0.1242,0.9547,160.5,175.9,399, NA ,164.1,0,575.5,0.2851
Oriental Bank of Commerce (BSE:500315),BSE:500315,Diversified Banks (Primary),675.7,0.29,-0.0001,0.091,1.0066,-1099.2,-115.7,839, NA ,0,0,1347.16,0
BKS Bank AG (WBAG:BKS),WBAG:BKS,Diversified Banks (Primary),668.2,0.72,0.0554,0.1179,0.6691, NA , NA ,285, NA ,71.59,0,397.6,0.1801
Ajman Bank PJSC (DFM:AJMANBANK),DFM:AJMANBANK,Diversified Banks (Primary),663.1,1.98,0.1068,0.1214,1.0158, NA ,420.8,62, NA ,0,0,67.71,0
HSBC Bank Malta p.l.c. (MTSE:HSB),MTSE:HSB,Diversified Banks (Primary),662.6,1.32,0.0719,0.1232,0.7155,-189.6,-449.5,106,46,258.8,0,447.4,0.5785
PT Bank Pembangunan Daerah Jawa Timur Tbk (JKSE:BJTM),JKSE:BJTM,Diversified Banks (Primary),649,1.42,0.1528,0.2025,0.8819, NA , NA , NA , NA ,280.6,0,472.2,0.5942
The Jammu & Kashmir Bank Limited (BSE:532209),BSE:532209,Diversified Banks (Primary),639.2,0.66,0.0644,0.106,0.9932,-414.8,285.4, NA , NA ,0,0,0,7
Islami Bank Bangladesh Limited (DSE:ISLAMIBANK),DSE:ISLAMIBANK,Diversified Banks (Primary),637.6,1.05,0.068,0.0948,0.8192,302.8,219.3,401,332,77.09,0,394.1,0.1956
Bank für Tirol und Vorarlberg Aktiengesellschaft (WBAG:BTS),WBAG:BTS,Diversified Banks (Primary),632.2,0.52,0.1097,0.1518,0.8526,-205.6,-87.5,438, NA ,71.59,0,625.1,0.1145
Capricorn Investment Group Limited (NMSE:CGP),NMSE:CGP,Diversified Banks (Primary),632.1,2.16,0.2116,0.1433,0.8973, NA , NA ,141,135,38.9,6.46,165.9,0.2734
National Microfinance Bank Plc (DAR:NMB),DAR:NMB,Diversified Banks (Primary),631.1,2.05,0.2248,0.2019,0.8936, NA , NA , NA , NA ,120.4,0,421.7,0.2855
Nordax Group AB (publ) (OM:NDX),OM:NDX,Diversified Banks (Primary),628.1,3.06,0.1909,0.1264,0.7901, NA , NA , NA , NA ,0,0,94.9,0
EastWest Banking Corporation (PSE:EW),PSE:EW,Diversified Banks (Primary),621.4,0.93,0.0813,0.1241,0.7733, NA , NA ,586,424,35.26,0,274,0.1287
Enterprise Financial Services Corp. (NasdaqGS:EFSC),NasdaqGS:EFSC,Regional Banks (Primary),620.6,1.77,0.1249,0.1061,1.0681,324.7,427.1,167,184,33.34,0,110.07,0.3029
Vijaya Bank Ltd. (BSE:532401),BSE:532401,Diversified Banks (Primary),616.1,0.54,0.0515,0.0945,1.0399,-324.3,317.3,628, NA ,0,0,640.9,0
JSC TBC Bank (LSE:TBCB),LSE:TBCB,Diversified Banks (Primary),612.9,1.21,0.22,0.2472,0.9551, NA , NA ,355,350,48.18,0,387.27,0.1244
Industrial Bank of Taiwan (GTSM:2897),GTSM:2897,Diversified Banks (Primary),612,0.68,0.0523,0.1301,0.7182,7.7,320.5,185, NA ,108.6,1.69,281.78,0.3914
Standard Chartered Bank Kenya Limited (NASE:SCBK.O),NASE:SCBK.O,Diversified Banks (Primary),610.7,1.51,0.1887,0.1753,0.8063, NA ,54.2,256,206,302.8,0,575.7,0.526
The Co-operative Bank of Kenya Limited (NASE:COOP.O),NASE:COOP.O,Diversified Banks (Primary),608.5,1.25,0.2537,0.1452,0.8711, NA ,-168.4,312,254,117.16,0,556.9,0.2104
Seacoast Banking Corp. of Florida (NasdaqGS:SBCF),NasdaqGS:SBCF,Regional Banks (Primary),603.4,1.71,0.056,0.1521,1.0294,410,477.7,181,153,12.78,0,-94.14,-0.1358
Banca Monte dei Paschi di Siena S.p.A. (BIT:BMPS),BIT:BMPS,Diversified Banks (Primary),602.6,0.06,0.0385,0.1285,0.9484,-15749.3,-13697.6,-10292, NA ,962.81,15.6,-16726.2,-0.0585
Andhra Bank (BSE:532418),BSE:532418,Diversified Banks (Primary),591.1,0.36,0.0506,0.0887,1.0908,-713,41.3,942, NA ,0,0,0,7
Kuwait International Bank K.S.C.P. (KWSE:KIB),KWSE:KIB,Diversified Banks (Primary),574.2,0.71,0.0721,0.2053,0.9671,-1482.9,-113.9,210, NA ,88.96,0,262.7,0.3387
Secure Trust Bank Plc (AIM:STB),AIM:STB,Diversified Banks (Primary),553.2,2.66,0.9251,0.136,0.9621, NA , NA ,196,188,57.87,0,146.81,0.3942
Warba Bank K.S.C.P. (KWSE:WARBABANK),KWSE:WARBABANK,Diversified Banks (Primary),548.9,1.81,0.0124,0.2492,1, NA , NA , NA , NA ,0,0,-21.75,0
DCB Bank Limited (BSE:532772),BSE:532772,Diversified Banks (Primary),544.9,2.02,0.1065,0.1279,0.9586,-97.9,467.4,152, NA ,0,0,68.99,0
BRAC Bank Limited (DSE:BRACBANK),DSE:BRACBANK,Diversified Banks (Primary),543.7,2.11,0.1527,0.104,0.9101,308.2,354,187,165,28.96,0,150.58,0.1923
Bank of Maharashtra (BSE:532525),BSE:532525,Diversified Banks (Primary),537.2,0.4,0.0133,0.0902,1.0358,-340.9,326.9,839, NA ,0,0,0,7
"The Hokuetsu Bank,Ltd. (TSE:8325)",TSE:8325,Regional Banks (Primary),536.1,0.51,0.0661,0.0901,0.8022,-46.8,-31.9, NA , NA ,42.8,0.52,330,0.1313
Meezan Bank Limited (KASE:MEBL),KASE:MEBL,Diversified Banks (Primary),534.2,2.13,0.1911,0.102,0.9399,371.9,400.1,173,157,85.62,0,239.4,0.3576
JSC Kazkommertsbank (LSE:KKB),LSE:KKB,Diversified Banks (Primary),532,0.5,0.2194,0.0829,1.0422,-3348.2,-1623.4,-1522,-1630,39.41,287.81,-18.7,-17.4986
SpareBank 1 Nord-Norge (OB:NONG),OB:NONG,Regional Banks (Primary),527,0.47,0.1005,0.151,0.9146,132.7,414.6,486,431,218.51,44.9,887.2,0.2969
Access Bank Plc (NGSE:ACCESS),NGSE:ACCESS,Diversified Banks (Primary),526.4,0.29,0.1424,0.1516,0.8316,-1167.3,-527.6, NA , NA ,533,10.88,1194.63,0.4553
HSBC Bank Oman S.A.O.G. (MSM:HBMO),MSM:HBMO,Diversified Banks (Primary),524.6,0.65,0.0507,0.1836,0.9398, NA , NA , NA , NA ,53.5,0,149,0.3591
Heartland Bank Limited (NZSE:HBL),NZSE:HBL,Diversified Banks (Primary),520.7,1.47,0.1086,0.1379,0.8773, NA , NA , NA , NA ,45.02,0.78,108,0.4241
Al Salam Bank-Bahrain B.S.C. (BAX:SALAM),BAX:SALAM,Diversified Banks (Primary),516.6,0.61,0.0378,0.1791,0.8428,-137.5,236.5,389,427,118.5,1.3,190.93,0.6275
Ecobank Ghana Limited (GHSE:EGH),GHSE:EGH,Diversified Banks (Primary),514.5,2.22,0.36,0.1407,0.8103,-2095.2, NA ,164,122,239.2,0,456.9,0.5235
Jordan Kuwait Bank (ASE:JOKB),ASE:JOKB,Diversified Banks (Primary),510.9,0.81,0.0754,0.1782,0.8388,-362.4,-150.4,295,216,170.6,0,443.9,0.3843
SBM Holdings Ltd (MUSE:SBMH),MUSE:SBMH,Diversified Banks (Primary),504.4,0.82,0.1191,0.2175,0.8227,-218.9,89.7,215,237,187.5,0,494.8,0.3789
Oldenburgische Landesbank AG (DB:OLB),DB:OLB,Regional Banks (Primary),488.8,0.7,0.056,0.1075,0.9303,-1173,-1053.9,-13,12,75.97,0,268,0.2835
Bank AL Habib Limited (KASE:BAHL),KASE:BAHL,Diversified Banks (Primary),483.1,1.33,0.2066,0.1069,0.8102,22.2,332.3,216,170,138.48,0,367.2,0.3771
"The Miyazaki Bank, Ltd. (TSE:8393)",TSE:8393,Regional Banks (Primary),482.7,0.42,0.0752,0.0983,1.0427,-114.7,-68.5,544,575,22.44,0.12,406.5,0.0555
Asia United Bank Corporation (PSE:AUB),PSE:AUB,Regional Banks (Primary),477.5,1.14,0.0966,0.1017,0.8264, NA , NA ,315, NA ,0,0,200.3,0
The South Indian Bank Ltd. (BSE:532218),BSE:532218,Diversified Banks (Primary),469.8,0.81,0.0926,0.0983,0.9511,-40.3,337.9,323, NA ,0,0,456.8,0
United Bank for Africa Plc (NGSE:UBA),NGSE:UBA,Diversified Banks (Primary),468.5,0.29,0.1281,0.1513,0.8793,-4431.7,-1658.3,-9, NA ,320.75,5.11,1154.99,0.2821
Barclays Bank Of Kenya Limited (NASE:BBK.O),NASE:BBK.O,Diversified Banks (Primary),445.3,1.15,0.2022,0.157,0.8859, NA ,-431.6,127, NA ,421.1,0,671.4,0.6272
Bank Linth LLB AG (SWX:LINN),SWX:LINN,Regional Banks (Primary),445.2,1.02,0.0445,0.1428,0.9854,85.2,148.4,120, NA ,41.07,21.53,139.8,0.4478
Peoples Bancorp Inc. (NasdaqGS:PEBO),NasdaqGS:PEBO,Regional Banks (Primary),444.4,1.06,0.0541,0.1368,0.7032,186.2,245,233,139,46.64,2.26,87.97,0.5559
PT Bank Woori Saudara Indonesia 1906 Tbk (JKSE:SDRA),JKSE:SDRA,Regional Banks (Primary),443.3,1.48,0.0577,0.1687,0.5275, NA , NA , NA , NA ,1.84,11.2,46.9,0.278
OFG Bancorp (NYSE:OFG),NYSE:OFG,Regional Banks (Primary),435.6,0.6,0.0445,0.1599,1.0857,112.2,288.6,528,394,139.49,91.85,272.93,0.8476
Bank Alfalah Limited (KASE:BAFL),KASE:BAFL,Diversified Banks (Primary),434.1,0.85,0.1508,0.0983,0.6958,-132,264.6,320,198,69.9,0,189.54,0.3688
PT Bank Bukopin Tbk (JKSE:BBKP),JKSE:BBKP,Diversified Banks (Primary),433.8,0.8,0.1433,0.1061,0.8728,99.9,331,349,306,132.5,0,462.2,0.2867
Arrow Financial Corporation (NasdaqGS:AROW),NasdaqGS:AROW,Regional Banks (Primary),433.5,2.03,0.1201,0.1408,1.0463,205.5,169.1,88,82,82,24.7,157.7,0.6766
Karnataka Bank Ltd. (BSE:532652),BSE:532652,Diversified Banks (Primary),428.3,0.77,0.1137,0.1056,0.9957,-256.8,231.5,248, NA ,0,0,372.2,0
The Lakshmi Vilas Bank Limited (BSE:534690),BSE:534690,Diversified Banks (Primary),424.8,1.6,0.1116,0.0869,0.8895,241.6,356,177, NA ,0,0,118.91,0
Park Sterling Corporation (NasdaqGS:PSTB),NasdaqGS:PSTB,Regional Banks (Primary),424.1,1.49,0.059,0.1383,0.9434, NA , NA , NA , NA ,11.16,3.02,33.5,0.4234
The Bank of Saga Ltd. (TSE:8395),TSE:8395,Regional Banks (Primary),424,0.41,0.0059,0.0932,0.939,-139.9,-202, NA , NA ,23.4,5.61,243.2,0.1193
PJSC Bank Saint Petersburg (MISX:BSPB),MISX:BSPB,Diversified Banks (Primary),418,0.53,0.0804,0.0988,0.9075, NA , NA ,157,153,119.29,18.2,714.4,0.1925
Banco Pan S.A. (BOVESPA:BPAN4),BOVESPA:BPAN4,Diversified Banks (Primary),414.3,0.45,-0.0497,0.1194,0.6588,-493.8,147.6,407, NA ,46.41,0.14,-246.03,-0.1892
Heritage Commerce Corp. (NasdaqGS:HTBK),NasdaqGS:HTBK,Regional Banks (Primary),410.2,1.82,0.0943,0.1139,0.8822,168.7,277.3,80,36,25.12,0,-5.19,-4.8407
CU Bancorp (NasdaqCM:CUNB),NasdaqCM:CUNB,Regional Banks (Primary),401.4,1.39,0.0852,0.1085,0.872,352.4,374.3,233,197,0.22,2.11,41.57,0.0562
"Franklin Financial Network, Inc. (NYSE:FSB)",NYSE:FSB,Regional Banks (Primary),395.6,2.21,0.1286,0.1051,0.9771, NA , NA , NA , NA ,0.77,0,35.36,0.0217
Barclays Bank of Botswana Limited (BSM:BARCLAYS),BSM:BARCLAYS,Diversified Banks (Primary),394.7,2.87,0.2531,0.1631,0.9549, NA ,-318.8,36,52,241.8,0,379,0.638
First Bancorp (NasdaqGS:FBNC),NasdaqGS:FBNC,Regional Banks (Primary),392.7,1.17,0.0845,0.133,1.0006,121.1,89.1,115,130,57.01,0.28,133.18,0.4302
Stanbic Bank Uganda Limited (UGSE:SBU),UGSE:SBU,Diversified Banks (Primary),392.6,2.44,0.346,0.164,0.8578, NA , NA ,77,70,151.1,0,312.3,0.4838
Financial Institutions Inc. (NasdaqGS:FISI),NasdaqGS:FISI,Regional Banks (Primary),391.8,1.42,0.1074,0.105,0.8807,189.9,237.3,139,93,67.51,1.47,165.1,0.4178
State Bank of Mysore (BSE:532200),BSE:532200,Diversified Banks (Primary),386.8,0.49,-0.0389,0.0928,0.9574,-806.6,41.4,343, NA ,0,0,517.6,0
Credito Valtellinese Società Cooperativa (BIT:CVAL),BIT:CVAL,Regional Banks (Primary),378,0.16,0.0405,0.1314,0.9318,-1746.7,-1469.1,-10,692,229.34,275.4,-403.4,-1.2512
Dena Bank Ltd. (BSE:532121),BSE:532121,Diversified Banks (Primary),375.8,0.35,-0.169,0.0859,1.0541,-244.9,180.8,649, NA ,0,0,600,0
Thurgauer Kantonalbank (SWX:TKBP),SWX:TKBP,Regional Banks (Primary),375.3,0.19,0.0562,0.1776,0.9668, NA , NA ,573, NA ,314.1,170.1,654.6,0.7397
"Atlantic Capital Bancshares, Inc. (NasdaqGS:ACBI)",NasdaqGS:ACBI,Regional Banks (Primary),372.8,1.29,0.0074,0.0981,0.7493, NA , NA , NA , NA ,0,1.08,17.27,0.0628
Diamond Trust Bank of Kenya Limited (NASE:DTK.O),NASE:DTK.O,Diversified Banks (Primary),365.6,1.1,0.1862,0.1547,1.0513, NA ,222.8,258,281,28.7,0,287.1,0.1
Albaraka Turk Katilim Bankasi A.S. (IBSE:ALBRK),IBSE:ALBRK,Diversified Banks (Primary),363.1,0.51,0.14,0.0971,0.9627,-1073.8,-3.6,305,282,69.91,0,671.1,0.1042
"MidWest One Financial Group, Inc. (NasdaqGS:MOFG)",NasdaqGS:MOFG,Regional Banks (Primary),348.2,1.18,0.0885,0.1063,0.8244,279.5,262.6,166,113,26.66,8.27,106.51,0.3279
United Bank of India (BSE:533171),BSE:533171,Diversified Banks (Primary),343.9,0.36,-0.0459,0.0793,0.9174, NA , NA ,396, NA ,0,0,299.5,0
I&M Holdings Limited (NASE:I&M.O),NASE:I&M.O,Regional Banks (Primary),339.1,1.1,0.2394,0.1804,0.7928, NA , NA ,241,193,56.26,0.01,309,0.1821
Ithmaar Bank B.S.C. (KWSE:ITHMR),KWSE:ITHMR,Diversified Banks (Primary),336.8,0.81,-0.1499,0.1281,1.4483, NA ,-272.9,-510,-200,0,15.54,-647.4,-0.024
Sampath Bank PLC (COSE:SAMP-N-0000),COSE:SAMP-N-0000,Diversified Banks (Primary),322.1,1.19,0.1966,0.0804,0.8477,265, NA ,175,155,35.91,0,238.2,0.1508
Punjab and Sind Bank (BSE:533295),BSE:533295,Diversified Banks (Primary),315,0.35,0.0568,0.0929,0.912, NA , NA ,621,471,0,0,388.9,0
Bank of Africa-Benin (BRVM:BOAB),BRVM:BOAB,Diversified Banks (Primary),310.2,2.86,0.193,0.1132,0.4894, NA , NA ,27, NA ,0,0,91.2,0
PT Bank Rakyat Indonesia Agroniaga Tbk (JKSE:AGRO),JKSE:AGRO,Regional Banks (Primary),305.8,3.12,0.0672,0.2102,0.9633, NA , NA ,77,73,1.27,0,23.78,0.0534
Bank Nizwa SAOG (MSM:BKNZ),MSM:BKNZ,Regional Banks (Primary),303.8,0.92,-0.022,0.3468,0.9617, NA , NA , NA , NA ,0,0,-65.7,0
Habib Metropolitan Bank Limited (KASE:HMB),KASE:HMB,Diversified Banks (Primary),300.7,0.86,0.1525,0.1672,0.8853,-276.8,99.8,161,129,110.17,0,292.3,0.3769
WashingtonFirst Bankshares Inc. (NasdaqCM:WFBI),NasdaqCM:WFBI,Regional Banks (Primary),296.3,1.66,0.084,0.1222,0.967, NA , NA , NA , NA ,5.34,0,34.94,0.1529
Sparebanken Vest (OB:SVEG),OB:SVEG,Diversified Banks (Primary),295.1,0.23,0.1066,0.1502,0.978,208.2,264,650,655,107.28,0.5,853.1,0.1263
CfC Stanbic Holdings Limited (NASE:CFC.O),NASE:CFC.O,Diversified Banks (Primary),294.8,0.79,0.1408,0.1595,0.6747, NA ,84.8,281, NA ,44.02,0,244.51,0.18
Fimbank P.l.c. (MTSE:FIM),MTSE:FIM,Diversified Banks (Primary),288.7,1.94,0.0183,0.1164,0.9738, NA ,89.7,33, NA ,13.62,0,-22.97,-0.5929
Glarner Kantonalbank (SWX:GLKBN),SWX:GLKBN,Regional Banks (Primary),281.8,0.95,0.0599,0.1838,1.5401, NA , NA ,123, NA ,18.23,0,93.78,0.1944
Banco da Amazonia S.A. (BOVESPA:BAZA3),BOVESPA:BAZA3,Regional Banks (Primary),277.3,0.57,0.1462,0.176,1.4985,108.8,226.5,-329, NA ,203.54,0,435.2,0.4677
Seylan Bank PLC (COSE:SEYB-N-0000),COSE:SEYB-N-0000,Diversified Banks (Primary),275.9,1.51,0.146,0.1248,0.9374,254.4,258.7,114,98,21.28,0,106.58,0.1997
Dutch Bangla Bank Ltd. (DSE:DUTCHBANGL),DSE:DUTCHBANGL,Diversified Banks (Primary),270.2,1.26,0.1802,0.0953,0.8791,70.4,-353.2,169,146,23.31,0,193,0.1208
The City Bank Limited (DSE:CITYBANK),DSE:CITYBANK,Diversified Banks (Primary),267.7,0.85,0.1693,0.0949,0.6197,153.3,178.5,253,156,17.2,0,147.62,0.1165
Eastern Bank Limited (DSE:EBL),DSE:EBL,Diversified Banks (Primary),261.3,0.99,0.1284,0.1001,0.7189,99.4,143.1,196,129,54.17,0,206.7,0.2621
Pubali Bank Ltd. (DSE:PUBALIBANK),DSE:PUBALIBANK,Diversified Banks (Primary),261.2,0.84,0.1003,0.1008,0.8742,-41.2,96.3,200,180,37.44,0,202.7,0.1847
Bank of Africa - Burkina Faso (BRVM:BOABF),BRVM:BOABF,Diversified Banks (Primary),259.7,3.15,0.2427,0.1183,0.7755, NA , NA ,62, NA ,0,0,78.22,0
Bahrain Islamic Bank B.S.C. (BAX:BISB),BAX:BISB,Diversified Banks (Primary),256.2,0.88,0.0554,0.1555,0.9367,-179.5,-253.3,-151,-84,17.35,1.49,-228.2,-0.0826
Access National Corporation (NasdaqGM:ANCX),NasdaqGM:ANCX,Regional Banks (Primary),255.7,2.34,0.154,0.1114,0.9945,188.8,206.8,51,45,27.76,5.04,88.82,0.3692
Union Bank of Nigeria Plc (NGSE:UBN),NGSE:UBN,Diversified Banks (Primary),252.1,0.21,0.0482,0.1193,0.2937,-3958.1,-1258.5, NA , NA ,0,1.09,-1976,-0.0006
CRDB Bank Plc (DAR:CRDB),DAR:CRDB,Diversified Banks (Primary),249.8,0.78,0.186,0.1417,0.7469, NA , NA ,212,136,82.96,0,309,0.2685
Banestes S.A - Banco do Estado do Espírito Santo S.A. (BOVESPA:BEES3),BOVESPA:BEES3,Regional Banks (Primary),246.7,0.84,0.1631,0.1976,0.9911,-895.6,-126.6,48, NA ,74.32,0,396,0.1877
Askari Bank Limited (KASE:AKBL),KASE:AKBL,Diversified Banks (Primary),242.2,0.94,0.18,0.0896,0.7618,-244.2,167.3,93,55,36.03,0,92.3,0.3903
National Bank of Kuwait - Egypt (S.A.E.) (CASE:NBKE),CASE:NBKE,Diversified Banks (Primary),241.9,0.76,0.2462,0.1399,0.74,-713.6, NA ,38, NA ,282.08,0,411.5,0.6855
Bank of Åland Plc (HLSE:ALBBV),HLSE:ALBBV,Diversified Banks (Primary),238,1.03,0.0965,0.1179,0.8811,-287.1,-107.7,40, NA ,30.91,0.32,95.27,0.3278
Komercijalna banka a.d. Beograd (BELEX:KMBN),BELEX:KMBN,Diversified Banks (Primary),237.4,0.42,-0.1662,0.2106,0.6418, NA , NA ,158, NA ,17.73,0,193,0.0918
PT Bank QNB Indonesia Tbk (JKSE:BKSW),JKSE:BKSW,Regional Banks (Primary),236,1.34,0.005,0.1047,0.8606, NA , NA ,163,141,0,0,19.57,0
DFCC Bank PLC (COSE:DFCC-N-0000),COSE:DFCC-N-0000,Diversified Banks (Primary),235.1,0.78,0.0538,0.1539,0.6518,113.9,174,138,63,82.98,0,190.2,0.4363
"Bank of Kaohsiung Co., Ltd. (TSEC:2836)",TSEC:2836,Regional Banks (Primary),233.8,0.65,0.0515,0.0706,0.9407,-9.1,122.5,76, NA ,1.95,0,56.15,0.0347
National Bank Limited (DSE:NBL),DSE:NBL,Diversified Banks (Primary),231.4,0.54,0.1436,0.1038,0.8105,-32.3,-43.3,339, NA ,11.3,0,331.2,0.0341
TF Bank AB (OM:TFBANK),OM:TFBANK,Diversified Banks (Primary),228.4,5.58,0.2396,0.1386,0.8949, NA , NA , NA , NA ,9.6,0,80.5,0.1192
"PT. Bank Pembangunan Daerah Banten, Tbk (JKSE:BEKS)",JKSE:BEKS,Regional Banks (Primary),227.5,10.11,-1.3111,0.0757,1.2356,221.46, NA ,15, NA ,0,0,-61.3,0
Philippine Bank of Communications (PSE:PBC),PSE:PBC,Diversified Banks (Primary),224.2,1.18,0.0198,0.1154,0.7115, NA , NA ,137, NA ,0,0,106.52,0
Standard Chartered Bank Botswana Limited (BSM:STANCHART),BSM:STANCHART,Diversified Banks (Primary),221.5,2.39,0.0435,0.1289,0.9202, NA ,-467.6,48,42,141.7,2.81,218.22,0.6622
Prime Bank Limited (DSE:PRIMEBANK),DSE:PRIMEBANK,Diversified Banks (Primary),213.7,0.63,0.0122,0.0996,0.8678,-93.3,-8.3,242,203,74.42,0,254.5,0.2924
NIB Bank Limited (KASE:NIB),KASE:NIB,Diversified Banks (Primary),211.9,1.23,0.1246,0.0915,0.6475,92.8,43.6,-313,-58,0.02,0,-84.37,-0.0002
Old Line Bancshares Inc. (NasdaqCM:OLBK),NasdaqCM:OLBK,Regional Banks (Primary),210.8,1.47,0.0724,0.1065,0.8817,176.5,187.4,109,85,8.73,5.32,41.92,0.3353
The Bank of Punjab (KASE:BOP),KASE:BOP,Diversified Banks (Primary),209.7,0.97,0.21,0.084,0.7743,-461.3,121.2,169,125,0,0,-53.92,0
Vestjysk Bank A/S (CPSE:VJBA),CPSE:VJBA,Regional Banks (Primary),209,1.02,0.0112,0.1049,1.2511,-269.5,103.9,-209,-100,0,66.36,-441.88,-0.1502
AS LHV Group (TLSE:LHV1T),TLSE:LHV1T,Diversified Banks (Primary),209,2.75,0.1987,0.1664,0.9947, NA , NA ,69,68,0,0,12.88,0.0002
Bank Asia Limited (DSE:BANKASIA),DSE:BANKASIA,Regional Banks (Primary),205.4,0.86,0.1117,0.0882,0.8619,120.3,108.8,191,158,4.88,0,157.8,0.0309
Mutualfirst Financial Inc. (NasdaqGM:MFSF),NasdaqGM:MFSF,Regional Banks (Primary),201.2,1.47,0.0956,0.1206,0.9686,141.6,154.1,38,1,22.91,0,53.12,0.4313
Caixa Economica Montepio Geral (ENXTLS:MPIO),ENXTLS:MPIO,Diversified Banks (Primary),200.5,0.14,-0.2193,0.0882,0.9357, NA , NA ,278,174,97.63,25.9,-705.73,-0.175
Hrvatska postanska banka d.d. (ZGSE:HPB-R-A),ZGSE:HPB-R-A,Diversified Banks (Primary),195.8,0.77,0.0795,0.1585,0.862, NA , NA ,80, NA ,0,0,-121.15,0
Southeast Bank Limited (DSE:SOUTHEASTB),DSE:SOUTHEASTB,Diversified Banks (Primary),192.7,0.55,0.0989,0.0857,0.7786,1.6,61.5,241,183,82.77,0,242.8,0.3409
Banco Sofisa S.A. (BOVESPA:SFSA4),BOVESPA:SFSA4,Diversified Banks (Primary),189.8,1.09,0.1164,0.2099,0.887,-992.2,-38,-176, NA ,121.13,32.7,122.38,1.257
Hellenic Bank Public Company Limited (CSE:HB),CSE:HB,Diversified Banks (Primary),188.9,0.27,0.0203,0.1768,1.0943,-1778.8,-243.2,79, NA ,29.22,0,-504.1,-0.058
National Development Bank PLC (COSE:NDB-N-0000),COSE:NDB-N-0000,Diversified Banks (Primary),187.1,0.95,0.1108,0.1107,0.9568,103.6,146.2,85,79,80.91,0,204.9,0.3949
BankNordik P/F (CPSE:BNORDIK CSE),CPSE:BNORDIK CSE,Diversified Banks (Primary),187,0.73,-0.1175,0.1476,0.9576,-163.4,-37,-29,-35,14.14,68.11,64.54,1.2744
Faysal Bank Limited (KASE:FABL),KASE:FABL,Diversified Banks (Primary),183.5,0.63,0.1475,0.1254,0.7871,-383,106.2,153,100,0.11,0,139.3,0.0008
Banca Sistema S.p.A. (BIT:BST),BIT:BST,Diversified Banks (Primary),183.3,1.81,0.2702,0.1493,1.0168, NA , NA , NA , NA ,3.68,0,56.09,0.0656
NIC Bank Limited (NASE:NIC.O),NASE:NIC.O,Diversified Banks (Primary),172.2,0.68,0.1776,0.1492,0.9059, NA ,7.2,182,164,27.46,0,230.4,0.1192
National Bank of Malawi (MAL:NBM),MAL:NBM,Diversified Banks (Primary),166.7,2.04,0.2472,0.1516,0.5802, NA , NA , NA , NA ,77.28,0,174.7,0.4424
alizz islamic bank SAOG (MSM:BKIZ),MSM:BKIZ,Diversified Banks (Primary),166.2,0.74,-0.0511,0.3422,0.9512, NA , NA , NA , NA ,0,0,-35.4,0
Public Joint Stock Company Raiffeisen Bank Aval (UKR:BAVL),UKR:BAVL,Diversified Banks (Primary),165.7,0.73,-0.3264,0.1142,0.7391,-4393.1,-576.9,-794,-853,57.39,0.86,-322.66,-0.1805
PT Bank of India Indonesia Tbk (JKSE:BSWD),JKSE:BSWD,Regional Banks (Primary),164.7,2.04,-0.5421,0.2342,0.7908, NA , NA ,55,40,9.19,0,30.88,0.2976
"GrønlandsBANKEN, A/S (CPSE:GRLA)",CPSE:GRLA,Regional Banks (Primary),164,1.23,0.0759,0.2078,0.9249,-162.9,54.4,16,11,61.49,1.59,91.67,0.6881
Export Import Bank Of Bangladesh Limited (DSE:EXIMBANK),DSE:EXIMBANK,Diversified Banks (Primary),163.7,0.51,0.0956,0.0975,0.9091,41.3,38.4,249,220,0,0,206.8,0
Khaleeji Commercial Bank BSC (BAX:KHCB),BAX:KHCB,Diversified Banks (Primary),161.5,0.56,0.0656,0.1811,0.9829, NA ,-342.4,-80,-85,39.1,7.78,-29.82,-1.5721
"Premier Financial Bancorp, Inc. (NasdaqGM:PFBI)",NasdaqGM:PFBI,Regional Banks (Primary),161.3,1.1,0.0802,0.1357,0.7901,94.4,116.4,58,55,23.03,0,74.56,0.3089
Banque Cantonale du Jura (SWX:BCJ),SWX:BCJ,Regional Banks (Primary),160.1,0.72,0.0405,0.1564,0.9758,4.2,-11.7,30, NA ,36.99,0.7,62.65,0.6016
PT Bank Nationalnobu Tbk (JKSE:NOBU),JKSE:NOBU,Diversified Banks (Primary),159.9,1.85,0.0242,0.2629,0.9513, NA , NA ,79, NA ,0,0,4.7,0
"The Tottori Bank, Ltd. (TSE:8383)",TSE:8383,Regional Banks (Primary),156.9,0.34,0.0426,0.1074,0.9682,-91.8,-153.2, NA , NA ,10.95,0.14,96.74,0.1147
Soneri Bank Limited (KASE:SNBL),KASE:SNBL,Diversified Banks (Primary),155.5,0.9,0.1256,0.1166,0.8259,-134.1,98.1,83,59,10.5,0,69.9,0.1502
"Philippine Business Bank, Inc. (PSE:PBB)",PSE:PBB,Regional Banks (Primary),154.8,0.93,0.0687,0.1696,1.1094, NA , NA ,141, NA ,3.84,0,98.78,0.0389
Bank of Africa - Niger (BRVM:BOAN),BRVM:BOAN,Diversified Banks (Primary),154,3.38,0.2259,0.135,0.7982, NA , NA ,30, NA ,0,0,37.64,0
Siauliu Bankas AB (NSEL:SAB1L),NSEL:SAB1L,Diversified Banks (Primary),150.7,1.01,0.2599,0.1212,0.8556,-85.9,82.2,32,16,0.68,0,31.62,0.0214
First Investment Bank AD (BUL:5F4),BUL:5F4,Diversified Banks (Primary),150.6,0.36,0.1429,0.1423,1.2099, NA , NA ,154,270,0,0,244.12,0
Trust Bank Limited (DSE:TRUSTBANK),DSE:TRUSTBANK,Diversified Banks (Primary),150.2,1.19,0.166,0.0753,0.9849, NA ,52.6,81,80,6.06,0,81.42,0.0744
Dhaka Bank Limited (DSE:DHAKABANK),DSE:DHAKABANK,Diversified Banks (Primary),149.8,0.86,0.0989,0.0856,0.9457,-9.8,49,117,108,28.46,0,146.8,0.1939
PT Bank Panin Dubai Syariah Tbk (JKSE:PNBS),JKSE:PNBS,Diversified Banks (Primary),149.4,1.78,0.0308,0.19,0.9534, NA , NA ,75, NA ,0,0,15.77,0
Social Islami Bank Limited (DSE:SIBL),DSE:SIBL,Regional Banks (Primary),148.5,0.9,0.18,0.0868,0.9203,65.6,107.8,139, NA ,39.55,0,113.53,0.3484
C&F Financial Corp. (NasdaqGS:CFFI),NasdaqGS:CFFI,Regional Banks (Primary),148.1,1.13,0.0992,0.1372,1.0465,57,100.4,66,64,27.92,1.85,82.24,0.362
"Shore Bancshares, Inc. (NasdaqGS:SHBI)",NasdaqGS:SHBI,Regional Banks (Primary),147.8,1.01,0.0599,0.156,0.8571,-36.2,-53.8,20,22,10.57,0,-2.41,-4.3918
AB Bank Limited (DSE:ABBANK),DSE:ABBANK,Diversified Banks (Primary),145,0.48,0.0674,0.0741,0.8106,-68.9,56.6,203,156,20.99,0,193.8,0.1083
Silk Bank Limited (KASE:SILK),KASE:SILK,Diversified Banks (Primary),143.2,1.21,-0.1025,0.126,0.9381,-16.9,118.8,62,76,0,0,-69.75,0
First Keystone Corporation (OTCBB:FKYS),OTCBB:FKYS,Regional Banks (Primary),138.3,1.28,0.0827,0.1267,0.7445,66.9,59.4,39, NA ,38.44,0,66.68,0.5765
Banco Alfa de Investimento S.A. (BOVESPA:BRIV4),BOVESPA:BRIV4,Regional Banks (Primary),137.4,0.42,0.0781,0.2348,1.6473,-348.4,-104.4,-75, NA ,86.36,1.7,242.1,0.3637
IFIC Bank Limited (DSE:IFIC),DSE:IFIC,Diversified Banks (Primary),135.7,0.86,0.0923,0.0916,0.9096,-91.1,-94.9,112,98,0,0,118.3,0
Al Baraka Bank Egypt (S.A.E) (CASE:SAUD),CASE:SAUD,Regional Banks (Primary),133.6,0.7,0.225,0.0917,0.785,-116.7,68.4,79, NA ,28.94,0,155.9,0.1856
Nations Trust Bank PLC (COSE:NTB-N-0000),COSE:NTB-N-0000,Diversified Banks (Primary),130,1.24,0.1721,0.1315,0.9943,95.6,97,67,67,23.62,0,98.77,0.2391
Union Bank of Colombo PLC (COSE:UBC-N-0000),COSE:UBC-N-0000,Diversified Banks (Primary),125.8,1.11,0.0235,0.2096,0.8979, NA , NA ,101, NA ,2.16,0,10.56,0.2047
BankIslami Pakistan Limited (KASE:BIPL),KASE:BIPL,Diversified Banks (Primary),123.3,1.14,0.0232,0.0952,0.7344,39.2,84,42,15,0,0,6.52,0
Zambia National Commercial Bank Plc (LUSE:ZANACO),LUSE:ZANACO,Diversified Banks (Primary),121,1.29,0.1287,0.1674,0.6926, NA ,28.1,27,8,39.6,0,160,0.2475
ONE Bank Limited (DSE:ONEBANKLTD),DSE:ONEBANKLTD,Regional Banks (Primary),120.9,0.87,0.1804,0.08,0.9871,34,58.4,106, NA ,16.5,0,128.3,0.1286
Shahjalal Islami Bank Limited (DSE:SHAHJABANK),DSE:SHAHJABANK,Diversified Banks (Primary),120.7,0.77,0.1088,0.1218,0.9975,20.8,19.6,105, NA ,10.91,0,125.9,0.0867
The Bank Of Khyber (KASE:BOK),KASE:BOK,Diversified Banks (Primary),120.6,0.79,0.1324,0.2165,0.861,70.3,88.1,93,75,9.46,0,60.83,0.1555
Uttara Bank Limited (DSE:UTTARABANK),DSE:UTTARABANK,Diversified Banks (Primary),120.2,0.71,0.1149,0.1069,0.7678,-21.4,-75.8,116, NA ,35.35,0,128.2,0.2757
Development Finance Company of Uganda Limited (UGSE:DFCU),UGSE:DFCU,Regional Banks (Primary),115.9,1.82,0.2075,0.1649,0.7987, NA , NA ,32,20,23.51,0,83.04,0.2831
PT Bank Capital Indonesia Tbk (JKSE:BACA),JKSE:BACA,Diversified Banks (Primary),114.9,1.51,0.1069,0.1463,0.9895,97.9,101.2,59,59,0,0,31.39,0
Citizens Holding Company (NasdaqGM:CIZN),NasdaqGM:CIZN,Regional Banks (Primary),114.6,1.33,0.0865,0.1637,1.0463,25.9,12.6,15,22,29.75,1.83,50.49,0.6254
QNB Corp. (OTCPK:QNBC),OTCPK:QNBC,Regional Banks (Primary),114,1.26,0.0944,0.116,1.0044,37.2,59.1,37,37,21.59,0.87,55.13,0.4073
National Credit & Commerce Bank Limited (DSE:NCCBANK),DSE:NCCBANK,Diversified Banks (Primary),111.3,0.56,0.0888,0.122,0.9731,33.8,39.8,142, NA ,13.35,0,152.5,0.0875
Mutual Trust Bank Limited (DSE:MTB),DSE:MTB,Diversified Banks (Primary),109.5,0.96,0.1683,0.0733,0.8475,34.2,51.8,78,61,3.83,0,72.17,0.0531
Jamuna Bank Limited (DSE:JAMUNABANK),DSE:JAMUNABANK,Diversified Banks (Primary),107.9,0.54,0.1139,0.0945,0.6837,77.5,60.6,191,128,8.13,0,111.3,0.073
The Community Financial Corp. (NasdaqCM:TCFC),NasdaqCM:TCFC,Regional Banks (Primary),107.6,1.08,0.0617,0.1138,1.1222,43.6, NA ,49,33,12.9,3.1,35.27,0.4535
CAL Bank Limited (GHSE:CAL),GHSE:CAL,Diversified Banks (Primary),107.4,0.79,0.2813,0.1666,0.8379,34.2, NA ,106,87,37.38,3.46,177.18,0.2305
PT Bank MNC Internasional Tbk (JKSE:BABP),JKSE:BABP,Regional Banks (Primary),106.1,0.86,0.0067,0.1673,0.8215, NA ,78.5,78,57,0.65,0,-19.26,-0.0337
Eastern Virginia Bankshares Inc. (NasdaqGS:EVBS),NasdaqGS:EVBS,Regional Banks (Primary),105.2,0.91,0.0718,0.1266,0.9715,4.3,53.3,38,26,12.38,0,-4.05,-3.057
PT Bank Maspion Indonesia Tbk (JKSE:BMAS),JKSE:BMAS,Diversified Banks (Primary),103.8,1.69,0.0775,0.1846,0.9528, NA , NA ,44, NA ,4.48,0,18.49,0.2421
Lombard Bank Malta plc (MTSE:LOM),MTSE:LOM,Regional Banks (Primary),103.1,1.06,0.053,0.1642,0.8671,-60.9,-43,16,8,17.79,0,52.38,0.3396
Bank of Baroda (Uganda) Limited (UGSE:BOBU),UGSE:BOBU,Diversified Banks (Primary),101,1.54,0.1865,0.2853,0.9388, NA , NA ,37,38,11.46,0,77.56,0.1478
Rupali Bank Limited (DSE:RUPALIBANK),DSE:RUPALIBANK,Diversified Banks (Primary),99.1,0.6,0.0053,0.0621,0.7233, NA ,-43.5, NA , NA ,0,0,76.47,0
Sterling Bank plc (NGSE:STERLNBANK),NGSE:STERLNBANK,Diversified Banks (Primary),97.2,0.2,0.0655,0.1669,0.8515,-244.1,-126.4, NA , NA ,74.4,0,224.3,0.3317
Standard Bank Limited (DSE:STANDBANKL),DSE:STANDBANKL,Diversified Banks (Primary),94.1,0.64,0.1459,0.0945,0.9625,40.2,21.7,97,92,7.32,0,112.1,0.0653
PT Bank Artha Graha Internasional Tbk (JKSE:INPC),JKSE:INPC,Regional Banks (Primary),92.7,0.46,0.0316,0.1246,0.8473,30.4,66.2,117,90,0,0,71.18,0
Kentucky Bancshares Inc. (OTCPK:KTYB),OTCPK:KTYB,Regional Banks (Primary),92.2,1.03,0.0795,0.1234,0.915,1,45.3,32,32,17.7,1.14,42.21,0.4463
Wema Bank PLC (NGSE:WEMABANK),NGSE:WEMABANK,Diversified Banks (Primary),91.1,0.39,0.0372,0.1131,0.4196,-1184.1,-967.4, NA , NA ,0,0,29.07,0
Diamond Bank Plc (NGSE:DIAMONDBNK),NGSE:DIAMONDBNK,Diversified Banks (Primary),91.1,0.08,0.0084,0.1368,0.8379,-1649.9,-703.2, NA , NA ,62.1,0,328.67,0.1889
PT Bank Yudha Bhakti Tbk (JKSE:BBYB),JKSE:BBYB,Regional Banks (Primary),90.5,3.42,0.1298,0.1465,0.8491, NA , NA , NA , NA ,5.02,0,11.56,0.4344
Taipei Star Bank (GTSM:5863),GTSM:5863,Regional Banks (Primary),85.9,0.55,0.0352,0.0859,0.8439,16.3,36.6,31, NA ,22.57,0,47.04,0.4798
First Security Islami Bank Limited (DSE:FIRSTSBANK),DSE:FIRSTSBANK,Diversified Banks (Primary),83.9,0.68,0.1275,0.0762,0.9734, NA ,25.9,87,84,2.57,0,58.4,0.044
"First National Community Bancorp, Inc. (OTCPK:FNCB)",OTCPK:FNCB,Regional Banks (Primary),83.8,0.97,0.3979,0.0941,0.8689,-213.8,-89.3,-14,-42,2.74,0,-34.46,-0.0795
Fidelity Bank Plc (NGSE:FIDELITYBK),NGSE:FIDELITYBK,Diversified Banks (Primary),83.6,0.09,0.0433,0.1407,0.7831,-1560.6,-915.6, NA , NA ,161.36,0,389.7,0.4141
Djurslands Bank A/S (CPSE:DJUR),CPSE:DJUR,Regional Banks (Primary),83.6,0.66,0.0525,0.1747,0.8185,-119.8,10.4,17,4,4.73,0.67,51.38,0.105
Eagle Financial Services Inc. (OTCPK:EFSI),OTCPK:EFSI,Regional Banks (Primary),83.2,1.06,0.0995,0.1522,0.9872,12.1, NA ,31,22,12.72,0.27,39.12,0.3321
F&M Bank Corp. (OTCPK:FMBM),OTCPK:FMBM,Regional Banks (Primary),82.5,1.13,0.1208,0.1413,1.0918,9.5,13.1,37,45,13.22,0.34,34.22,0.3963
Abu Dhabi Islamic Bank - Egypt (S.A.E) (CASE:ADIB),CASE:ADIB,Diversified Banks (Primary),82.3,0.57,0.2356,0.076,0.8603,-10.9,-58.4,48, NA ,2.71,0,-325.8,-0.0083
VersaBank (TSX:VB),TSX:VB,Regional Banks (Primary),81.2,0.73,0.0646,0.129,1.1775, NA , NA , NA , NA ,1.7,10.7,24.02,0.5164
JS Bank Limited (KASE:JSBL),KASE:JSBL,Regional Banks (Primary),80.8,0.54,0.1504,0.1325,0.8314,-39.8,56,81,80,1.49,3.4,39.93,0.1225
P.T. Bank Ganesha Tbk (JKSE:BGTG),JKSE:BGTG,Regional Banks (Primary),78.3,5.15,0.0895,0.1357,0.8882, NA , NA ,4,3,0,0,6.4,0
Suez Canal Bank (S.A.E.) (CASE:CANA),CASE:CANA,Diversified Banks (Primary),78.3,0.34,0,0.1701,0.9549,-427.7,-49.1,92, NA ,0,0,3.32,0
Banco do Estado de Sergipe S.A. (BOVESPA:BGIP4),BOVESPA:BGIP4,Regional Banks (Primary),77.8,1.07,0.1075,0.0962,0.8532,-68.9,19.6,16, NA ,66.25,0,181.18,0.3657
Samba Bank Limited (KASE:SBL),KASE:SBL,Diversified Banks (Primary),77.2,0.68,0.0525,0.2877,0.9167,-16.9,22.3,44,35,0,0.09,4.44,0.0203
Joint Stock Company Bank CenterCredit (KAS:CCBN),KAS:CCBN,Diversified Banks (Primary),71.7,0.33,0.0315,0.0802,1.2042, NA , NA ,-560,-515,0,2.15,-156.8,-0.0137
Banco Mercantil do Brasil S.A. (BOVESPA:BMEB4),BOVESPA:BMEB4,Diversified Banks (Primary),70.1,0.39,0.0683,0.0856,0.9586,-202.1,-35.6,-46,-48,58.33,0,135.03,0.432
FCMB Group Plc (NGSE:FCMB),NGSE:FCMB,Diversified Banks (Primary),69.5,0.09,0.0526,0.1371,0.7353,-1452.6,-653.5, NA , NA ,119.05,0,343.07,0.347
The Premier Bank Limited (DSE:PREMIERBAN),DSE:PREMIERBAN,Diversified Banks (Primary),67.7,0.52,0.0824,0.0577,0.5557, NA ,1.5,86,28,0,0,88.41,0
Societe Generale Ghana Limited (GHSE:SOGEGH),GHSE:SOGEGH,Diversified Banks (Primary),67.4,0.98,0.2052,0.1226,0.7787, NA , NA ,14,48,35.06,0,86.27,0.4064
Community West Bancshares (NasdaqGM:CWBC),NasdaqGM:CWBC,Regional Banks (Primary),67.1,1.08,0.0945,0.1245,1.0307,12.5,45.9,10,-3,6.96,0.03,7.91,0.8828
Dhanlaxmi Bank Limited (BSE:532180),BSE:532180,Regional Banks (Primary),65.2,0.85,-0.3499,0.0612,0.8081,-32.1,-6.8,-7,-17,0,0,-94.38,0
Banco Pine S.A. (BOVESPA:PINE4),BOVESPA:PINE4,Diversified Banks (Primary),64.2,0.22,0.0236,0.141,0.92,-846.1,-68.9,-64, NA ,236.8,30.31,439.7,0.6075
Banco Indusval S.A. (BOVESPA:IDVL4),BOVESPA:IDVL4,Diversified Banks (Primary),61.8,0.41,-0.1516,0.1646,0.7351,-410.1,-11.4,-45, NA ,45.07,9.85,-80.88,-0.679
PT Bank Victoria Internasional Tbk (JKSE:BVIC),JKSE:BVIC,Regional Banks (Primary),59.4,0.39,0.0061,0.1458,0.983,22.2,30.4,105,103,6.55,0,94.26,0.0695
Skjern Bank A/S (CPSE:SKJE),CPSE:SKJE,Regional Banks (Primary),57.9,0.64,0.0812,0.1438,0.9467,-69.8,31.5,3,-3,0,0,-13.1,0
Summit Bank Limited (KASE:SMBL),KASE:SMBL,Regional Banks (Primary),57.3,0.61,-0.0901,0.0873,0.9529, NA ,22.3,20,18,0,0,-132.74,0
"Trinity Bank, N.A. (OTCPK:TYBT)",OTCPK:TYBT,Regional Banks (Primary),55.8,1.99,0.1367,0.1889,0.9537, NA , NA ,14,13,0,0,18.37,0
Fauquier Bankshares Inc. (NasdaqCM:FBSS),NasdaqCM:FBSS,Regional Banks (Primary),55.5,1.06,-0.0045,0.1165,1.0456,-4.8,10.1,11,7,14.58,0,21.79,0.6692
First National Corporation (OTCPK:FXNC),OTCPK:FXNC,Regional Banks (Primary),54.3,1.18,0.0913,0.1262,1.2174,-11, NA ,7,7,10.17,0,10.51,0.9674
First Merchant Bank Limited (MAL:FMB),MAL:FMB,Diversified Banks (Primary),53.4,1.51,0.1754,0.1321,0.6742, NA , NA , NA , NA ,26.91,0,74.57,0.3609
Bank of the James Financial Group Inc. (NasdaqCM:BOTJ),NasdaqCM:BOTJ,Regional Banks (Primary),53.3,1.11,0.0778,0.1071,0.9917,17.5,30.8,24,24,1.31,0,14.07,0.093
Pan Asia Banking Corporation PLC (COSE:PABC-N-0000),COSE:PABC-N-0000,Diversified Banks (Primary),50.3,1.26,0.2048,0.0783,0.8975,39.9,40.3,26,22,4.57,0,31.75,0.1439
American Riviera Bank (OTCPK:ARBV),OTCPK:ARBV,Regional Banks (Primary),50.1,1.76,0.0737,0.1301,1,28.5,37.6,9,9,0,0.21,7.88,0.0269
PT Bank Ina Perdana Tbk (JKSE:BINA),JKSE:BINA,Diversified Banks (Primary),48.3,2.09,0.0814,0.1965,0.8788, NA , NA ,14, NA ,0,0,6.93,0
PT Bank Agris Tbk (JKSE:AGRS),JKSE:AGRS,Regional Banks (Primary),38.9,0.95,0.0041,0.1641,0.8783, NA , NA , NA , NA ,0,0,3.21,0
Fortis Microfinance Bank PLC (NGSE:FORTISMFB),NGSE:FORTISMFB,Regional Banks (Primary),38.7,2.87,0.1615,0.1817,0.9407, NA , NA , NA , NA ,0,0,11.53,0
P.T. Bank Bumi Arta Tbk (JKSE:BNBA),JKSE:BNBA,Regional Banks (Primary),35.9,0.4,0.0559,0.2474,0.9698,-29.6, NA ,54,60,6.64,0,29.67,0.2237
Amana Bank PLC (COSE:ABL-N-0000),COSE:ABL-N-0000,Diversified Banks (Primary),34.1,0.86,0.0249,0.1197,0.8489, NA , NA , NA , NA ,0,0,-3.46,0
Sanasa Development Bank PLC (COSE:SDB-N-0000),COSE:SDB-N-0000,Diversified Banks (Primary),33.2,0.9,0.0943,0.123,0.9864, NA , NA ,29, NA ,6.7,0,21.5,0.3114
Sandnes Sparebank (OB:SADG),OB:SADG,Regional Banks (Primary),31.8,0.14,-0.013,0.1384,1.0555,-178.9,-9,4,-16,11.96,0,87.72,0.1363
Harford Bank (OTCPK:HFBK),OTCPK:HFBK,Regional Banks (Primary),29.2,0.86,0.0541,0.1427,1,-11.8, NA ,10,10,5.27,0.95,14.01,0.444
Skye Bank Plc (NGSE:SKYEBANK),NGSE:SKYEBANK,Diversified Banks (Primary),29.1,0.06,-0.3952,0.0856,0.7551,-1059.7,-702.9,-287,-387,157.59,0,170.97,0.9218
Dexia SA (ENXTBR:DEXB),ENXTBR:DEXB,Diversified Banks (Primary),27.9,0.01,-0.0102,0.1604,2.0027,-29344.5,-5142.9,-1000,-13577,0,251.2,-18530.2,-0.0136
PT Bank Dinar Indonesia Tbk (JKSE:DNAR),JKSE:DNAR,Regional Banks (Primary),24.3,0.77,0.0325,0.2931,0.9363, NA , NA , NA , NA ,0,0,3,0
PT Bank Mitraniaga Tbk (JKSE:NAGA),JKSE:NAGA,Diversified Banks (Primary),23.8,1.54,0.057,0.1524,0.871, NA , NA , NA , NA ,0,0,2.27,0
PT Bank Harda Internasional Tbk (JKSE:BBHI),JKSE:BBHI,Diversified Banks (Primary),21.1,0.78,-0.1313,0.2108,0.886, NA , NA , NA , NA ,0,0,4.68,0
National Bank of Kenya Ltd. (NASE:NBK.O),NASE:NBK.O,Diversified Banks (Primary),21,0.4,-0.4848,0.1299,1.8175, NA ,-89,46,23,32,0,82.36,0.3886
Goldfields Money Limited (ASX:GMY),ASX:GMY,Regional Banks (Primary),13.9,1.1,-0.0056,0.2056,0.9286, NA , NA ,8,8,0,0,0.59,0
PT Bank Artos Indonesia Tbk (JKSE:ARTO),JKSE:ARTO,Diversified Banks (Primary),13.7,1.76,-0.1338,0.1846,0.9717, NA , NA , NA , NA ,0,0,0.48,0
AMB Financial Corp. (OTCBB:AMFC),OTCBB:AMFC,Regional Banks (Primary),13,0.88,0.0973,0.1227,1.223, NA ,9.28,2,3,0.97,0,3.27,0.297
PWC Capital Inc. (TSX:PWC),TSX:PWC,Diversified Banks (Primary),4.58,NA,NA,0.129,NA,-106.32,-31.52,-18,64,0.47,0,-45.71,-0.0104
